# CSSAngaur per-radial leading 2-byte word, four consecutive sweeps
# Record layout: [ASCII header ... EOH][10-char ASCII payload byte count]
#                then per radial: [uint16 LE azimuth word][884 x uint8]
# Word = 13-bit azimuth encoder, 8192 counts/rev; az_deg = word/8192*360
sweep_file,radial,byte0,byte1,word_le,az_deg
20230520000003.pol,0,2,0,2,0.088
20230520000003.pol,1,4,0,4,0.176
20230520000003.pol,2,8,0,8,0.352
20230520000003.pol,3,12,0,12,0.527
20230520000003.pol,4,16,0,16,0.703
20230520000003.pol,5,20,0,20,0.879
20230520000003.pol,6,24,0,24,1.055
20230520000003.pol,7,26,0,26,1.143
20230520000003.pol,8,30,0,30,1.318
20230520000003.pol,9,32,0,32,1.406
20230520000003.pol,10,36,0,36,1.582
20230520000003.pol,11,40,0,40,1.758
20230520000003.pol,12,44,0,44,1.934
20230520000003.pol,13,46,0,46,2.021
20230520000003.pol,14,50,0,50,2.197
20230520000003.pol,15,54,0,54,2.373
20230520000003.pol,16,58,0,58,2.549
20230520000003.pol,17,62,0,62,2.725
20230520000003.pol,18,66,0,66,2.900
20230520000003.pol,19,70,0,70,3.076
20230520000003.pol,20,72,0,72,3.164
20230520000003.pol,21,76,0,76,3.340
20230520000003.pol,22,78,0,78,3.428
20230520000003.pol,23,82,0,82,3.604
20230520000003.pol,24,86,0,86,3.779
20230520000003.pol,25,90,0,90,3.955
20230520000003.pol,26,94,0,94,4.131
20230520000003.pol,27,96,0,96,4.219
20230520000003.pol,28,100,0,100,4.395
20230520000003.pol,29,104,0,104,4.570
20230520000003.pol,30,108,0,108,4.746
20230520000003.pol,31,112,0,112,4.922
20230520000003.pol,32,114,0,114,5.010
20230520000003.pol,33,118,0,118,5.186
20230520000003.pol,34,122,0,122,5.361
20230520000003.pol,35,126,0,126,5.537
20230520000003.pol,36,130,0,130,5.713
20230520000003.pol,37,134,0,134,5.889
20230520000003.pol,38,138,0,138,6.064
20230520000003.pol,39,140,0,140,6.152
20230520000003.pol,40,144,0,144,6.328
20230520000003.pol,41,148,0,148,6.504
20230520000003.pol,42,152,0,152,6.680
20230520000003.pol,43,154,0,154,6.768
20230520000003.pol,44,158,0,158,6.943
20230520000003.pol,45,160,0,160,7.031
20230520000003.pol,46,164,0,164,7.207
20230520000003.pol,47,168,0,168,7.383
20230520000003.pol,48,172,0,172,7.559
20230520000003.pol,49,176,0,176,7.734
20230520000003.pol,50,180,0,180,7.910
20230520000003.pol,51,184,0,184,8.086
20230520000003.pol,52,188,0,188,8.262
20230520000003.pol,53,190,0,190,8.350
20230520000003.pol,54,194,0,194,8.525
20230520000003.pol,55,198,0,198,8.701
20230520000003.pol,56,202,0,202,8.877
20230520000003.pol,57,206,0,206,9.053
20230520000003.pol,58,210,0,210,9.229
20230520000003.pol,59,214,0,214,9.404
20230520000003.pol,60,218,0,218,9.580
20230520000003.pol,61,220,0,220,9.668
20230520000003.pol,62,224,0,224,9.844
20230520000003.pol,63,228,0,228,10.020
20230520000003.pol,64,232,0,232,10.195
20230520000003.pol,65,236,0,236,10.371
20230520000003.pol,66,240,0,240,10.547
20230520000003.pol,67,244,0,244,10.723
20230520000003.pol,68,248,0,248,10.898
20230520000003.pol,69,252,0,252,11.074
20230520000003.pol,70,0,1,256,11.250
20230520000003.pol,71,2,1,258,11.338
20230520000003.pol,72,6,1,262,11.514
20230520000003.pol,73,10,1,266,11.689
20230520000003.pol,74,12,1,268,11.777
20230520000003.pol,75,16,1,272,11.953
20230520000003.pol,76,20,1,276,12.129
20230520000003.pol,77,22,1,278,12.217
20230520000003.pol,78,26,1,282,12.393
20230520000003.pol,79,30,1,286,12.568
20230520000003.pol,80,34,1,290,12.744
20230520000003.pol,81,36,1,292,12.832
20230520000003.pol,82,40,1,296,13.008
20230520000003.pol,83,42,1,298,13.096
20230520000003.pol,84,46,1,302,13.271
20230520000003.pol,85,50,1,306,13.447
20230520000003.pol,86,54,1,310,13.623
20230520000003.pol,87,58,1,314,13.799
20230520000003.pol,88,62,1,318,13.975
20230520000003.pol,89,66,1,322,14.150
20230520000003.pol,90,70,1,326,14.326
20230520000003.pol,91,74,1,330,14.502
20230520000003.pol,92,76,1,332,14.590
20230520000003.pol,93,80,1,336,14.766
20230520000003.pol,94,84,1,340,14.941
20230520000003.pol,95,88,1,344,15.117
20230520000003.pol,96,90,1,346,15.205
20230520000003.pol,97,94,1,350,15.381
20230520000003.pol,98,98,1,354,15.557
20230520000003.pol,99,100,1,356,15.645
20230520000003.pol,100,104,1,360,15.820
20230520000003.pol,101,108,1,364,15.996
20230520000003.pol,102,112,1,368,16.172
20230520000003.pol,103,116,1,372,16.348
20230520000003.pol,104,120,1,376,16.523
20230520000003.pol,105,124,1,380,16.699
20230520000003.pol,106,128,1,384,16.875
20230520000003.pol,107,132,1,388,17.051
20230520000003.pol,108,136,1,392,17.227
20230520000003.pol,109,140,1,396,17.402
20230520000003.pol,110,144,1,400,17.578
20230520000003.pol,111,148,1,404,17.754
20230520000003.pol,112,152,1,408,17.930
20230520000003.pol,113,156,1,412,18.105
20230520000003.pol,114,160,1,416,18.281
20230520000003.pol,115,162,1,418,18.369
20230520000003.pol,116,166,1,422,18.545
20230520000003.pol,117,170,1,426,18.721
20230520000003.pol,118,174,1,430,18.896
20230520000003.pol,119,178,1,434,19.072
20230520000003.pol,120,182,1,438,19.248
20230520000003.pol,121,184,1,440,19.336
20230520000003.pol,122,188,1,444,19.512
20230520000003.pol,123,192,1,448,19.688
20230520000003.pol,124,196,1,452,19.863
20230520000003.pol,125,198,1,454,19.951
20230520000003.pol,126,202,1,458,20.127
20230520000003.pol,127,206,1,462,20.303
20230520000003.pol,128,210,1,466,20.479
20230520000003.pol,129,214,1,470,20.654
20230520000003.pol,130,218,1,474,20.830
20230520000003.pol,131,222,1,478,21.006
20230520000003.pol,132,226,1,482,21.182
20230520000003.pol,133,230,1,486,21.357
20230520000003.pol,134,234,1,490,21.533
20230520000003.pol,135,238,1,494,21.709
20230520000003.pol,136,240,1,496,21.797
20230520000003.pol,137,244,1,500,21.973
20230520000003.pol,138,248,1,504,22.148
20230520000003.pol,139,252,1,508,22.324
20230520000003.pol,140,254,1,510,22.412
20230520000003.pol,141,2,2,514,22.588
20230520000003.pol,142,4,2,516,22.676
20230520000003.pol,143,8,2,520,22.852
20230520000003.pol,144,12,2,524,23.027
20230520000003.pol,145,14,2,526,23.115
20230520000003.pol,146,18,2,530,23.291
20230520000003.pol,147,22,2,534,23.467
20230520000003.pol,148,24,2,536,23.555
20230520000003.pol,149,28,2,540,23.730
20230520000003.pol,150,32,2,544,23.906
20230520000003.pol,151,36,2,548,24.082
20230520000003.pol,152,38,2,550,24.170
20230520000003.pol,153,42,2,554,24.346
20230520000003.pol,154,44,2,556,24.434
20230520000003.pol,155,48,2,560,24.609
20230520000003.pol,156,52,2,564,24.785
20230520000003.pol,157,56,2,568,24.961
20230520000003.pol,158,58,2,570,25.049
20230520000003.pol,159,62,2,574,25.225
20230520000003.pol,160,64,2,576,25.312
20230520000003.pol,161,68,2,580,25.488
20230520000003.pol,162,72,2,584,25.664
20230520000003.pol,163,74,2,586,25.752
20230520000003.pol,164,78,2,590,25.928
20230520000003.pol,165,82,2,594,26.104
20230520000003.pol,166,86,2,598,26.279
20230520000003.pol,167,90,2,602,26.455
20230520000003.pol,168,94,2,606,26.631
20230520000003.pol,169,98,2,610,26.807
20230520000003.pol,170,100,2,612,26.895
20230520000003.pol,171,104,2,616,27.070
20230520000003.pol,172,108,2,620,27.246
20230520000003.pol,173,112,2,624,27.422
20230520000003.pol,174,116,2,628,27.598
20230520000003.pol,175,120,2,632,27.773
20230520000003.pol,176,124,2,636,27.949
20230520000003.pol,177,128,2,640,28.125
20230520000003.pol,178,132,2,644,28.301
20230520000003.pol,179,136,2,648,28.477
20230520000003.pol,180,140,2,652,28.652
20230520000003.pol,181,144,2,656,28.828
20230520000003.pol,182,148,2,660,29.004
20230520000003.pol,183,152,2,664,29.180
20230520000003.pol,184,156,2,668,29.355
20230520000003.pol,185,160,2,672,29.531
20230520000003.pol,186,164,2,676,29.707
20230520000003.pol,187,168,2,680,29.883
20230520000003.pol,188,172,2,684,30.059
20230520000003.pol,189,176,2,688,30.234
20230520000003.pol,190,178,2,690,30.322
20230520000003.pol,191,182,2,694,30.498
20230520000003.pol,192,184,2,696,30.586
20230520000003.pol,193,188,2,700,30.762
20230520000003.pol,194,192,2,704,30.938
20230520000003.pol,195,194,2,706,31.025
20230520000003.pol,196,198,2,710,31.201
20230520000003.pol,197,202,2,714,31.377
20230520000003.pol,198,206,2,718,31.553
20230520000003.pol,199,210,2,722,31.729
20230520000003.pol,200,214,2,726,31.904
20230520000003.pol,201,218,2,730,32.080
20230520000003.pol,202,222,2,734,32.256
20230520000003.pol,203,224,2,736,32.344
20230520000003.pol,204,228,2,740,32.520
20230520000003.pol,205,232,2,744,32.695
20230520000003.pol,206,236,2,748,32.871
20230520000003.pol,207,238,2,750,32.959
20230520000003.pol,208,242,2,754,33.135
20230520000003.pol,209,246,2,758,33.311
20230520000003.pol,210,248,2,760,33.398
20230520000003.pol,211,252,2,764,33.574
20230520000003.pol,212,0,3,768,33.750
20230520000003.pol,213,4,3,772,33.926
20230520000003.pol,214,8,3,776,34.102
20230520000003.pol,215,10,3,778,34.189
20230520000003.pol,216,14,3,782,34.365
20230520000003.pol,217,18,3,786,34.541
20230520000003.pol,218,22,3,790,34.717
20230520000003.pol,219,26,3,794,34.893
20230520000003.pol,220,30,3,798,35.068
20230520000003.pol,221,32,3,800,35.156
20230520000003.pol,222,36,3,804,35.332
20230520000003.pol,223,38,3,806,35.420
20230520000003.pol,224,42,3,810,35.596
20230520000003.pol,225,44,3,812,35.684
20230520000003.pol,226,48,3,816,35.859
20230520000003.pol,227,50,3,818,35.947
20230520000003.pol,228,54,3,822,36.123
20230520000003.pol,229,58,3,826,36.299
20230520000003.pol,230,62,3,830,36.475
20230520000003.pol,231,64,3,832,36.562
20230520000003.pol,232,68,3,836,36.738
20230520000003.pol,233,72,3,840,36.914
20230520000003.pol,234,74,3,842,37.002
20230520000003.pol,235,78,3,846,37.178
20230520000003.pol,236,82,3,850,37.354
20230520000003.pol,237,86,3,854,37.529
20230520000003.pol,238,88,3,856,37.617
20230520000003.pol,239,92,3,860,37.793
20230520000003.pol,240,96,3,864,37.969
20230520000003.pol,241,100,3,868,38.145
20230520000003.pol,242,104,3,872,38.320
20230520000003.pol,243,106,3,874,38.408
20230520000003.pol,244,110,3,878,38.584
20230520000003.pol,245,114,3,882,38.760
20230520000003.pol,246,118,3,886,38.936
20230520000003.pol,247,120,3,888,39.023
20230520000003.pol,248,124,3,892,39.199
20230520000003.pol,249,128,3,896,39.375
20230520000003.pol,250,132,3,900,39.551
20230520000003.pol,251,136,3,904,39.727
20230520000003.pol,252,140,3,908,39.902
20230520000003.pol,253,144,3,912,40.078
20230520000003.pol,254,148,3,916,40.254
20230520000003.pol,255,152,3,920,40.430
20230520000003.pol,256,156,3,924,40.605
20230520000003.pol,257,160,3,928,40.781
20230520000003.pol,258,164,3,932,40.957
20230520000003.pol,259,168,3,936,41.133
20230520000003.pol,260,172,3,940,41.309
20230520000003.pol,261,176,3,944,41.484
20230520000003.pol,262,180,3,948,41.660
20230520000003.pol,263,182,3,950,41.748
20230520000003.pol,264,186,3,954,41.924
20230520000003.pol,265,188,3,956,42.012
20230520000003.pol,266,192,3,960,42.188
20230520000003.pol,267,194,3,962,42.275
20230520000003.pol,268,198,3,966,42.451
20230520000003.pol,269,202,3,970,42.627
20230520000003.pol,270,206,3,974,42.803
20230520000003.pol,271,210,3,978,42.979
20230520000003.pol,272,214,3,982,43.154
20230520000003.pol,273,218,3,986,43.330
20230520000003.pol,274,222,3,990,43.506
20230520000003.pol,275,226,3,994,43.682
20230520000003.pol,276,228,3,996,43.770
20230520000003.pol,277,232,3,1000,43.945
20230520000003.pol,278,236,3,1004,44.121
20230520000003.pol,279,240,3,1008,44.297
20230520000003.pol,280,242,3,1010,44.385
20230520000003.pol,281,246,3,1014,44.561
20230520000003.pol,282,250,3,1018,44.736
20230520000003.pol,283,252,3,1020,44.824
20230520000003.pol,284,0,4,1024,45.000
20230520000003.pol,285,2,4,1026,45.088
20230520000003.pol,286,6,4,1030,45.264
20230520000003.pol,287,10,4,1034,45.439
20230520000003.pol,288,14,4,1038,45.615
20230520000003.pol,289,18,4,1042,45.791
20230520000003.pol,290,22,4,1046,45.967
20230520000003.pol,291,24,4,1048,46.055
20230520000003.pol,292,28,4,1052,46.230
20230520000003.pol,293,32,4,1056,46.406
20230520000003.pol,294,36,4,1060,46.582
20230520000003.pol,295,40,4,1064,46.758
20230520000003.pol,296,42,4,1066,46.846
20230520000003.pol,297,46,4,1070,47.021
20230520000003.pol,298,48,4,1072,47.109
20230520000003.pol,299,52,4,1076,47.285
20230520000003.pol,300,56,4,1080,47.461
20230520000003.pol,301,60,4,1084,47.637
20230520000003.pol,302,64,4,1088,47.812
20230520000003.pol,303,68,4,1092,47.988
20230520000003.pol,304,70,4,1094,48.076
20230520000003.pol,305,74,4,1098,48.252
20230520000003.pol,306,78,4,1102,48.428
20230520000003.pol,307,80,4,1104,48.516
20230520000003.pol,308,84,4,1108,48.691
20230520000003.pol,309,88,4,1112,48.867
20230520000003.pol,310,92,4,1116,49.043
20230520000003.pol,311,94,4,1118,49.131
20230520000003.pol,312,98,4,1122,49.307
20230520000003.pol,313,102,4,1126,49.482
20230520000003.pol,314,104,4,1128,49.570
20230520000003.pol,315,108,4,1132,49.746
20230520000003.pol,316,112,4,1136,49.922
20230520000003.pol,317,116,4,1140,50.098
20230520000003.pol,318,120,4,1144,50.273
20230520000003.pol,319,124,4,1148,50.449
20230520000003.pol,320,128,4,1152,50.625
20230520000003.pol,321,130,4,1154,50.713
20230520000003.pol,322,134,4,1158,50.889
20230520000003.pol,323,136,4,1160,50.977
20230520000003.pol,324,140,4,1164,51.152
20230520000003.pol,325,144,4,1168,51.328
20230520000003.pol,326,146,4,1170,51.416
20230520000003.pol,327,150,4,1174,51.592
20230520000003.pol,328,154,4,1178,51.768
20230520000003.pol,329,158,4,1182,51.943
20230520000003.pol,330,162,4,1186,52.119
20230520000003.pol,331,166,4,1190,52.295
20230520000003.pol,332,170,4,1194,52.471
20230520000003.pol,333,174,4,1198,52.646
20230520000003.pol,334,178,4,1202,52.822
20230520000003.pol,335,180,4,1204,52.910
20230520000003.pol,336,184,4,1208,53.086
20230520000003.pol,337,186,4,1210,53.174
20230520000003.pol,338,190,4,1214,53.350
20230520000003.pol,339,194,4,1218,53.525
20230520000003.pol,340,198,4,1222,53.701
20230520000003.pol,341,202,4,1226,53.877
20230520000003.pol,342,206,4,1230,54.053
20230520000003.pol,343,208,4,1232,54.141
20230520000003.pol,344,212,4,1236,54.316
20230520000003.pol,345,216,4,1240,54.492
20230520000003.pol,346,220,4,1244,54.668
20230520000003.pol,347,224,4,1248,54.844
20230520000003.pol,348,228,4,1252,55.020
20230520000003.pol,349,232,4,1256,55.195
20230520000003.pol,350,236,4,1260,55.371
20230520000003.pol,351,240,4,1264,55.547
20230520000003.pol,352,242,4,1266,55.635
20230520000003.pol,353,246,4,1270,55.811
20230520000003.pol,354,248,4,1272,55.898
20230520000003.pol,355,252,4,1276,56.074
20230520000003.pol,356,0,5,1280,56.250
20230520000003.pol,357,4,5,1284,56.426
20230520000003.pol,358,8,5,1288,56.602
20230520000003.pol,359,10,5,1290,56.689
20230520000003.pol,360,14,5,1294,56.865
20230520000003.pol,361,18,5,1298,57.041
20230520000003.pol,362,22,5,1302,57.217
20230520000003.pol,363,26,5,1306,57.393
20230520000003.pol,364,30,5,1310,57.568
20230520000003.pol,365,34,5,1314,57.744
20230520000003.pol,366,36,5,1316,57.832
20230520000003.pol,367,40,5,1320,58.008
20230520000003.pol,368,44,5,1324,58.184
20230520000003.pol,369,48,5,1328,58.359
20230520000003.pol,370,50,5,1330,58.447
20230520000003.pol,371,54,5,1334,58.623
20230520000003.pol,372,58,5,1338,58.799
20230520000003.pol,373,62,5,1342,58.975
20230520000003.pol,374,64,5,1344,59.062
20230520000003.pol,375,68,5,1348,59.238
20230520000003.pol,376,72,5,1352,59.414
20230520000003.pol,377,76,5,1356,59.590
20230520000003.pol,378,80,5,1360,59.766
20230520000003.pol,379,84,5,1364,59.941
20230520000003.pol,380,86,5,1366,60.029
20230520000003.pol,381,90,5,1370,60.205
20230520000003.pol,382,92,5,1372,60.293
20230520000003.pol,383,96,5,1376,60.469
20230520000003.pol,384,100,5,1380,60.645
20230520000003.pol,385,104,5,1384,60.820
20230520000003.pol,386,106,5,1386,60.908
20230520000003.pol,387,110,5,1390,61.084
20230520000003.pol,388,114,5,1394,61.260
20230520000003.pol,389,118,5,1398,61.436
20230520000003.pol,390,122,5,1402,61.611
20230520000003.pol,391,124,5,1404,61.699
20230520000003.pol,392,128,5,1408,61.875
20230520000003.pol,393,132,5,1412,62.051
20230520000003.pol,394,134,5,1414,62.139
20230520000003.pol,395,138,5,1418,62.314
20230520000003.pol,396,142,5,1422,62.490
20230520000003.pol,397,146,5,1426,62.666
20230520000003.pol,398,148,5,1428,62.754
20230520000003.pol,399,152,5,1432,62.930
20230520000003.pol,400,156,5,1436,63.105
20230520000003.pol,401,160,5,1440,63.281
20230520000003.pol,402,164,5,1444,63.457
20230520000003.pol,403,168,5,1448,63.633
20230520000003.pol,404,172,5,1452,63.809
20230520000003.pol,405,176,5,1456,63.984
20230520000003.pol,406,178,5,1458,64.072
20230520000003.pol,407,182,5,1462,64.248
20230520000003.pol,408,184,5,1464,64.336
20230520000003.pol,409,188,5,1468,64.512
20230520000003.pol,410,190,5,1470,64.600
20230520000003.pol,411,194,5,1474,64.775
20230520000003.pol,412,196,5,1476,64.863
20230520000003.pol,413,200,5,1480,65.039
20230520000003.pol,414,202,5,1482,65.127
20230520000003.pol,415,206,5,1486,65.303
20230520000003.pol,416,210,5,1490,65.479
20230520000003.pol,417,214,5,1494,65.654
20230520000003.pol,418,218,5,1498,65.830
20230520000003.pol,419,222,5,1502,66.006
20230520000003.pol,420,226,5,1506,66.182
20230520000003.pol,421,230,5,1510,66.357
20230520000003.pol,422,234,5,1514,66.533
20230520000003.pol,423,238,5,1518,66.709
20230520000003.pol,424,240,5,1520,66.797
20230520000003.pol,425,244,5,1524,66.973
20230520000003.pol,426,248,5,1528,67.148
20230520000003.pol,427,252,5,1532,67.324
20230520000003.pol,428,254,5,1534,67.412
20230520000003.pol,429,2,6,1538,67.588
20230520000003.pol,430,6,6,1542,67.764
20230520000003.pol,431,10,6,1546,67.939
20230520000003.pol,432,14,6,1550,68.115
20230520000003.pol,433,16,6,1552,68.203
20230520000003.pol,434,20,6,1556,68.379
20230520000003.pol,435,24,6,1560,68.555
20230520000003.pol,436,28,6,1564,68.730
20230520000003.pol,437,32,6,1568,68.906
20230520000003.pol,438,36,6,1572,69.082
20230520000003.pol,439,40,6,1576,69.258
20230520000003.pol,440,42,6,1578,69.346
20230520000003.pol,441,46,6,1582,69.521
20230520000003.pol,442,50,6,1586,69.697
20230520000003.pol,443,54,6,1590,69.873
20230520000003.pol,444,58,6,1594,70.049
20230520000003.pol,445,62,6,1598,70.225
20230520000003.pol,446,66,6,1602,70.400
20230520000003.pol,447,70,6,1606,70.576
20230520000003.pol,448,74,6,1610,70.752
20230520000003.pol,449,78,6,1614,70.928
20230520000003.pol,450,80,6,1616,71.016
20230520000003.pol,451,84,6,1620,71.191
20230520000003.pol,452,86,6,1622,71.279
20230520000003.pol,453,90,6,1626,71.455
20230520000003.pol,454,92,6,1628,71.543
20230520000003.pol,455,96,6,1632,71.719
20230520000003.pol,456,100,6,1636,71.895
20230520000003.pol,457,104,6,1640,72.070
20230520000003.pol,458,108,6,1644,72.246
20230520000003.pol,459,112,6,1648,72.422
20230520000003.pol,460,116,6,1652,72.598
20230520000003.pol,461,120,6,1656,72.773
20230520000003.pol,462,124,6,1660,72.949
20230520000003.pol,463,126,6,1662,73.037
20230520000003.pol,464,130,6,1666,73.213
20230520000003.pol,465,134,6,1670,73.389
20230520000003.pol,466,138,6,1674,73.564
20230520000003.pol,467,140,6,1676,73.652
20230520000003.pol,468,144,6,1680,73.828
20230520000003.pol,469,148,6,1684,74.004
20230520000003.pol,470,150,6,1686,74.092
20230520000003.pol,471,154,6,1690,74.268
20230520000003.pol,472,156,6,1692,74.355
20230520000003.pol,473,160,6,1696,74.531
20230520000003.pol,474,164,6,1700,74.707
20230520000003.pol,475,168,6,1704,74.883
20230520000003.pol,476,172,6,1708,75.059
20230520000003.pol,477,176,6,1712,75.234
20230520000003.pol,478,178,6,1714,75.322
20230520000003.pol,479,182,6,1718,75.498
20230520000003.pol,480,186,6,1722,75.674
20230520000003.pol,481,190,6,1726,75.850
20230520000003.pol,482,194,6,1730,76.025
20230520000003.pol,483,196,6,1732,76.113
20230520000003.pol,484,200,6,1736,76.289
20230520000003.pol,485,202,6,1738,76.377
20230520000003.pol,486,206,6,1742,76.553
20230520000003.pol,487,210,6,1746,76.729
20230520000003.pol,488,214,6,1750,76.904
20230520000003.pol,489,218,6,1754,77.080
20230520000003.pol,490,222,6,1758,77.256
20230520000003.pol,491,224,6,1760,77.344
20230520000003.pol,492,228,6,1764,77.520
20230520000003.pol,493,232,6,1768,77.695
20230520000003.pol,494,234,6,1770,77.783
20230520000003.pol,495,238,6,1774,77.959
20230520000003.pol,496,242,6,1778,78.135
20230520000003.pol,497,246,6,1782,78.311
20230520000003.pol,498,248,6,1784,78.398
20230520000003.pol,499,252,6,1788,78.574
20230520000003.pol,500,0,7,1792,78.750
20230520000003.pol,501,2,7,1794,78.838
20230520000003.pol,502,6,7,1798,79.014
20230520000003.pol,503,10,7,1802,79.189
20230520000003.pol,504,14,7,1806,79.365
20230520000003.pol,505,18,7,1810,79.541
20230520000003.pol,506,22,7,1814,79.717
20230520000003.pol,507,26,7,1818,79.893
20230520000003.pol,508,28,7,1820,79.980
20230520000003.pol,509,32,7,1824,80.156
20230520000003.pol,510,34,7,1826,80.244
20230520000003.pol,511,38,7,1830,80.420
20230520000003.pol,512,42,7,1834,80.596
20230520000003.pol,513,44,7,1836,80.684
20230520000003.pol,514,48,7,1840,80.859
20230520000003.pol,515,52,7,1844,81.035
20230520000003.pol,516,56,7,1848,81.211
20230520000003.pol,517,60,7,1852,81.387
20230520000003.pol,518,64,7,1856,81.562
20230520000003.pol,519,68,7,1860,81.738
20230520000003.pol,520,72,7,1864,81.914
20230520000003.pol,521,76,7,1868,82.090
20230520000003.pol,522,78,7,1870,82.178
20230520000003.pol,523,82,7,1874,82.354
20230520000003.pol,524,86,7,1878,82.529
20230520000003.pol,525,90,7,1882,82.705
20230520000003.pol,526,94,7,1886,82.881
20230520000003.pol,527,98,7,1890,83.057
20230520000003.pol,528,102,7,1894,83.232
20230520000003.pol,529,106,7,1898,83.408
20230520000003.pol,530,108,7,1900,83.496
20230520000003.pol,531,112,7,1904,83.672
20230520000003.pol,532,116,7,1908,83.848
20230520000003.pol,533,118,7,1910,83.936
20230520000003.pol,534,122,7,1914,84.111
20230520000003.pol,535,124,7,1916,84.199
20230520000003.pol,536,128,7,1920,84.375
20230520000003.pol,537,132,7,1924,84.551
20230520000003.pol,538,134,7,1926,84.639
20230520000003.pol,539,138,7,1930,84.814
20230520000003.pol,540,142,7,1934,84.990
20230520000003.pol,541,146,7,1938,85.166
20230520000003.pol,542,150,7,1942,85.342
20230520000003.pol,543,154,7,1946,85.518
20230520000003.pol,544,158,7,1950,85.693
20230520000003.pol,545,162,7,1954,85.869
20230520000003.pol,546,166,7,1958,86.045
20230520000003.pol,547,168,7,1960,86.133
20230520000003.pol,548,172,7,1964,86.309
20230520000003.pol,549,176,7,1968,86.484
20230520000003.pol,550,178,7,1970,86.572
20230520000003.pol,551,182,7,1974,86.748
20230520000003.pol,552,186,7,1978,86.924
20230520000003.pol,553,190,7,1982,87.100
20230520000003.pol,554,194,7,1986,87.275
20230520000003.pol,555,198,7,1990,87.451
20230520000003.pol,556,202,7,1994,87.627
20230520000003.pol,557,206,7,1998,87.803
20230520000003.pol,558,210,7,2002,87.979
20230520000003.pol,559,212,7,2004,88.066
20230520000003.pol,560,216,7,2008,88.242
20230520000003.pol,561,220,7,2012,88.418
20230520000003.pol,562,224,7,2016,88.594
20230520000003.pol,563,228,7,2020,88.770
20230520000003.pol,564,232,7,2024,88.945
20230520000003.pol,565,234,7,2026,89.033
20230520000003.pol,566,238,7,2030,89.209
20230520000003.pol,567,242,7,2034,89.385
20230520000003.pol,568,246,7,2038,89.561
20230520000003.pol,569,250,7,2042,89.736
20230520000003.pol,570,254,7,2046,89.912
20230520000003.pol,571,2,8,2050,90.088
20230520000003.pol,572,4,8,2052,90.176
20230520000003.pol,573,8,8,2056,90.352
20230520000003.pol,574,12,8,2060,90.527
20230520000003.pol,575,16,8,2064,90.703
20230520000003.pol,576,18,8,2066,90.791
20230520000003.pol,577,22,8,2070,90.967
20230520000003.pol,578,26,8,2074,91.143
20230520000003.pol,579,28,8,2076,91.230
20230520000003.pol,580,32,8,2080,91.406
20230520000003.pol,581,36,8,2084,91.582
20230520000003.pol,582,40,8,2088,91.758
20230520000003.pol,583,44,8,2092,91.934
20230520000003.pol,584,46,8,2094,92.021
20230520000003.pol,585,50,8,2098,92.197
20230520000003.pol,586,54,8,2102,92.373
20230520000003.pol,587,58,8,2106,92.549
20230520000003.pol,588,60,8,2108,92.637
20230520000003.pol,589,64,8,2112,92.812
20230520000003.pol,590,66,8,2114,92.900
20230520000003.pol,591,70,8,2118,93.076
20230520000003.pol,592,72,8,2120,93.164
20230520000003.pol,593,76,8,2124,93.340
20230520000003.pol,594,80,8,2128,93.516
20230520000003.pol,595,84,8,2132,93.691
20230520000003.pol,596,88,8,2136,93.867
20230520000003.pol,597,90,8,2138,93.955
20230520000003.pol,598,94,8,2142,94.131
20230520000003.pol,599,96,8,2144,94.219
20230520000003.pol,600,100,8,2148,94.395
20230520000003.pol,601,102,8,2150,94.482
20230520000003.pol,602,106,8,2154,94.658
20230520000003.pol,603,110,8,2158,94.834
20230520000003.pol,604,114,8,2162,95.010
20230520000003.pol,605,116,8,2164,95.098
20230520000003.pol,606,120,8,2168,95.273
20230520000003.pol,607,124,8,2172,95.449
20230520000003.pol,608,128,8,2176,95.625
20230520000003.pol,609,132,8,2180,95.801
20230520000003.pol,610,134,8,2182,95.889
20230520000003.pol,611,138,8,2186,96.064
20230520000003.pol,612,140,8,2188,96.152
20230520000003.pol,613,144,8,2192,96.328
20230520000003.pol,614,146,8,2194,96.416
20230520000003.pol,615,150,8,2198,96.592
20230520000003.pol,616,154,8,2202,96.768
20230520000003.pol,617,158,8,2206,96.943
20230520000003.pol,618,162,8,2210,97.119
20230520000003.pol,619,166,8,2214,97.295
20230520000003.pol,620,168,8,2216,97.383
20230520000003.pol,621,172,8,2220,97.559
20230520000003.pol,622,176,8,2224,97.734
20230520000003.pol,623,178,8,2226,97.822
20230520000003.pol,624,182,8,2230,97.998
20230520000003.pol,625,186,8,2234,98.174
20230520000003.pol,626,188,8,2236,98.262
20230520000003.pol,627,192,8,2240,98.438
20230520000003.pol,628,196,8,2244,98.613
20230520000003.pol,629,200,8,2248,98.789
20230520000003.pol,630,204,8,2252,98.965
20230520000003.pol,631,206,8,2254,99.053
20230520000003.pol,632,210,8,2258,99.229
20230520000003.pol,633,214,8,2262,99.404
20230520000003.pol,634,218,8,2266,99.580
20230520000003.pol,635,222,8,2270,99.756
20230520000003.pol,636,226,8,2274,99.932
20230520000003.pol,637,228,8,2276,100.020
20230520000003.pol,638,232,8,2280,100.195
20230520000003.pol,639,234,8,2282,100.283
20230520000003.pol,640,238,8,2286,100.459
20230520000003.pol,641,242,8,2290,100.635
20230520000003.pol,642,246,8,2294,100.811
20230520000003.pol,643,250,8,2298,100.986
20230520000003.pol,644,254,8,2302,101.162
20230520000003.pol,645,0,9,2304,101.250
20230520000003.pol,646,4,9,2308,101.426
20230520000003.pol,647,8,9,2312,101.602
20230520000003.pol,648,12,9,2316,101.777
20230520000003.pol,649,16,9,2320,101.953
20230520000003.pol,650,18,9,2322,102.041
20230520000003.pol,651,22,9,2326,102.217
20230520000003.pol,652,24,9,2328,102.305
20230520000003.pol,653,28,9,2332,102.480
20230520000003.pol,654,32,9,2336,102.656
20230520000003.pol,655,36,9,2340,102.832
20230520000003.pol,656,40,9,2344,103.008
20230520000003.pol,657,44,9,2348,103.184
20230520000003.pol,658,48,9,2352,103.359
20230520000003.pol,659,50,9,2354,103.447
20230520000003.pol,660,54,9,2358,103.623
20230520000003.pol,661,56,9,2360,103.711
20230520000003.pol,662,60,9,2364,103.887
20230520000003.pol,663,64,9,2368,104.062
20230520000003.pol,664,68,9,2372,104.238
20230520000003.pol,665,72,9,2376,104.414
20230520000003.pol,666,76,9,2380,104.590
20230520000003.pol,667,80,9,2384,104.766
20230520000003.pol,668,84,9,2388,104.941
20230520000003.pol,669,88,9,2392,105.117
20230520000003.pol,670,90,9,2394,105.205
20230520000003.pol,671,94,9,2398,105.381
20230520000003.pol,672,96,9,2400,105.469
20230520000003.pol,673,100,9,2404,105.645
20230520000003.pol,674,104,9,2408,105.820
20230520000003.pol,675,108,9,2412,105.996
20230520000003.pol,676,110,9,2414,106.084
20230520000003.pol,677,114,9,2418,106.260
20230520000003.pol,678,118,9,2422,106.436
20230520000003.pol,679,122,9,2426,106.611
20230520000003.pol,680,126,9,2430,106.787
20230520000003.pol,681,130,9,2434,106.963
20230520000003.pol,682,134,9,2438,107.139
20230520000003.pol,683,138,9,2442,107.314
20230520000003.pol,684,142,9,2446,107.490
20230520000003.pol,685,146,9,2450,107.666
20230520000003.pol,686,150,9,2454,107.842
20230520000003.pol,687,154,9,2458,108.018
20230520000003.pol,688,158,9,2462,108.193
20230520000003.pol,689,160,9,2464,108.281
20230520000003.pol,690,164,9,2468,108.457
20230520000003.pol,691,168,9,2472,108.633
20230520000003.pol,692,172,9,2476,108.809
20230520000003.pol,693,174,9,2478,108.896
20230520000003.pol,694,178,9,2482,109.072
20230520000003.pol,695,182,9,2486,109.248
20230520000003.pol,696,184,9,2488,109.336
20230520000003.pol,697,188,9,2492,109.512
20230520000003.pol,698,192,9,2496,109.688
20230520000003.pol,699,196,9,2500,109.863
20230520000003.pol,700,200,9,2504,110.039
20230520000003.pol,701,204,9,2508,110.215
20230520000003.pol,702,208,9,2512,110.391
20230520000003.pol,703,210,9,2514,110.479
20230520000003.pol,704,214,9,2518,110.654
20230520000003.pol,705,218,9,2522,110.830
20230520000003.pol,706,222,9,2526,111.006
20230520000003.pol,707,226,9,2530,111.182
20230520000003.pol,708,230,9,2534,111.357
20230520000003.pol,709,234,9,2538,111.533
20230520000003.pol,710,238,9,2542,111.709
20230520000003.pol,711,242,9,2546,111.885
20230520000003.pol,712,244,9,2548,111.973
20230520000003.pol,713,248,9,2552,112.148
20230520000003.pol,714,250,9,2554,112.236
20230520000003.pol,715,254,9,2558,112.412
20230520000003.pol,716,0,10,2560,112.500
20230520000003.pol,717,4,10,2564,112.676
20230520000003.pol,718,8,10,2568,112.852
20230520000003.pol,719,12,10,2572,113.027
20230520000003.pol,720,16,10,2576,113.203
20230520000003.pol,721,20,10,2580,113.379
20230520000003.pol,722,24,10,2584,113.555
20230520000003.pol,723,28,10,2588,113.730
20230520000003.pol,724,32,10,2592,113.906
20230520000003.pol,725,36,10,2596,114.082
20230520000003.pol,726,38,10,2598,114.170
20230520000003.pol,727,42,10,2602,114.346
20230520000003.pol,728,46,10,2606,114.521
20230520000003.pol,729,50,10,2610,114.697
20230520000003.pol,730,54,10,2614,114.873
20230520000003.pol,731,58,10,2618,115.049
20230520000003.pol,732,60,10,2620,115.137
20230520000003.pol,733,64,10,2624,115.312
20230520000003.pol,734,68,10,2628,115.488
20230520000003.pol,735,72,10,2632,115.664
20230520000003.pol,736,76,10,2636,115.840
20230520000003.pol,737,80,10,2640,116.016
20230520000003.pol,738,84,10,2644,116.191
20230520000003.pol,739,88,10,2648,116.367
20230520000003.pol,740,92,10,2652,116.543
20230520000003.pol,741,94,10,2654,116.631
20230520000003.pol,742,98,10,2658,116.807
20230520000003.pol,743,102,10,2662,116.982
20230520000003.pol,744,106,10,2666,117.158
20230520000003.pol,745,108,10,2668,117.246
20230520000003.pol,746,112,10,2672,117.422
20230520000003.pol,747,116,10,2676,117.598
20230520000003.pol,748,120,10,2680,117.773
20230520000003.pol,749,124,10,2684,117.949
20230520000003.pol,750,128,10,2688,118.125
20230520000003.pol,751,132,10,2692,118.301
20230520000003.pol,752,136,10,2696,118.477
20230520000003.pol,753,138,10,2698,118.564
20230520000003.pol,754,142,10,2702,118.740
20230520000003.pol,755,146,10,2706,118.916
20230520000003.pol,756,150,10,2710,119.092
20230520000003.pol,757,152,10,2712,119.180
20230520000003.pol,758,156,10,2716,119.355
20230520000003.pol,759,160,10,2720,119.531
20230520000003.pol,760,164,10,2724,119.707
20230520000003.pol,761,168,10,2728,119.883
20230520000003.pol,762,170,10,2730,119.971
20230520000003.pol,763,174,10,2734,120.146
20230520000003.pol,764,176,10,2736,120.234
20230520000003.pol,765,180,10,2740,120.410
20230520000003.pol,766,184,10,2744,120.586
20230520000003.pol,767,188,10,2748,120.762
20230520000003.pol,768,192,10,2752,120.938
20230520000003.pol,769,196,10,2756,121.113
20230520000003.pol,770,200,10,2760,121.289
20230520000003.pol,771,202,10,2762,121.377
20230520000003.pol,772,206,10,2766,121.553
20230520000003.pol,773,208,10,2768,121.641
20230520000003.pol,774,212,10,2772,121.816
20230520000003.pol,775,216,10,2776,121.992
20230520000003.pol,776,218,10,2778,122.080
20230520000003.pol,777,222,10,2782,122.256
20230520000003.pol,778,226,10,2786,122.432
20230520000003.pol,779,228,10,2788,122.520
20230520000003.pol,780,232,10,2792,122.695
20230520000003.pol,781,234,10,2794,122.783
20230520000003.pol,782,238,10,2798,122.959
20230520000003.pol,783,242,10,2802,123.135
20230520000003.pol,784,246,10,2806,123.311
20230520000003.pol,785,248,10,2808,123.398
20230520000003.pol,786,252,10,2812,123.574
20230520000003.pol,787,254,10,2814,123.662
20230520000003.pol,788,2,11,2818,123.838
20230520000003.pol,789,6,11,2822,124.014
20230520000003.pol,790,10,11,2826,124.189
20230520000003.pol,791,12,11,2828,124.277
20230520000003.pol,792,16,11,2832,124.453
20230520000003.pol,793,18,11,2834,124.541
20230520000003.pol,794,22,11,2838,124.717
20230520000003.pol,795,26,11,2842,124.893
20230520000003.pol,796,28,11,2844,124.980
20230520000003.pol,797,32,11,2848,125.156
20230520000003.pol,798,34,11,2850,125.244
20230520000003.pol,799,38,11,2854,125.420
20230520000003.pol,800,40,11,2856,125.508
20230520000003.pol,801,44,11,2860,125.684
20230520000003.pol,802,48,11,2864,125.859
20230520000003.pol,803,52,11,2868,126.035
20230520000003.pol,804,56,11,2872,126.211
20230520000003.pol,805,58,11,2874,126.299
20230520000003.pol,806,62,11,2878,126.475
20230520000003.pol,807,66,11,2882,126.650
20230520000003.pol,808,70,11,2886,126.826
20230520000003.pol,809,74,11,2890,127.002
20230520000003.pol,810,78,11,2894,127.178
20230520000003.pol,811,82,11,2898,127.354
20230520000003.pol,812,86,11,2902,127.529
20230520000003.pol,813,90,11,2906,127.705
20230520000003.pol,814,94,11,2910,127.881
20230520000003.pol,815,96,11,2912,127.969
20230520000003.pol,816,100,11,2916,128.145
20230520000003.pol,817,102,11,2918,128.232
20230520000003.pol,818,106,11,2922,128.408
20230520000003.pol,819,110,11,2926,128.584
20230520000003.pol,820,114,11,2930,128.760
20230520000003.pol,821,116,11,2932,128.848
20230520000003.pol,822,120,11,2936,129.023
20230520000003.pol,823,124,11,2940,129.199
20230520000003.pol,824,128,11,2944,129.375
20230520000003.pol,825,132,11,2948,129.551
20230520000003.pol,826,136,11,2952,129.727
20230520000003.pol,827,140,11,2956,129.902
20230520000003.pol,828,144,11,2960,130.078
20230520000003.pol,829,148,11,2964,130.254
20230520000003.pol,830,152,11,2968,130.430
20230520000003.pol,831,154,11,2970,130.518
20230520000003.pol,832,158,11,2974,130.693
20230520000003.pol,833,160,11,2976,130.781
20230520000003.pol,834,164,11,2980,130.957
20230520000003.pol,835,168,11,2984,131.133
20230520000003.pol,836,172,11,2988,131.309
20230520000003.pol,837,176,11,2992,131.484
20230520000003.pol,838,178,11,2994,131.572
20230520000003.pol,839,182,11,2998,131.748
20230520000003.pol,840,186,11,3002,131.924
20230520000003.pol,841,190,11,3006,132.100
20230520000003.pol,842,194,11,3010,132.275
20230520000003.pol,843,196,11,3012,132.363
20230520000003.pol,844,200,11,3016,132.539
20230520000003.pol,845,202,11,3018,132.627
20230520000003.pol,846,206,11,3022,132.803
20230520000003.pol,847,210,11,3026,132.979
20230520000003.pol,848,214,11,3030,133.154
20230520000003.pol,849,218,11,3034,133.330
20230520000003.pol,850,220,11,3036,133.418
20230520000003.pol,851,224,11,3040,133.594
20230520000003.pol,852,228,11,3044,133.770
20230520000003.pol,853,232,11,3048,133.945
20230520000003.pol,854,236,11,3052,134.121
20230520000003.pol,855,240,11,3056,134.297
20230520000003.pol,856,242,11,3058,134.385
20230520000003.pol,857,246,11,3062,134.561
20230520000003.pol,858,250,11,3066,134.736
20230520000003.pol,859,254,11,3070,134.912
20230520000003.pol,860,0,12,3072,135.000
20230520000003.pol,861,4,12,3076,135.176
20230520000003.pol,862,6,12,3078,135.264
20230520000003.pol,863,10,12,3082,135.439
20230520000003.pol,864,14,12,3086,135.615
20230520000003.pol,865,18,12,3090,135.791
20230520000003.pol,866,22,12,3094,135.967
20230520000003.pol,867,26,12,3098,136.143
20230520000003.pol,868,30,12,3102,136.318
20230520000003.pol,869,32,12,3104,136.406
20230520000003.pol,870,36,12,3108,136.582
20230520000003.pol,871,38,12,3110,136.670
20230520000003.pol,872,42,12,3114,136.846
20230520000003.pol,873,44,12,3116,136.934
20230520000003.pol,874,48,12,3120,137.109
20230520000003.pol,875,52,12,3124,137.285
20230520000003.pol,876,56,12,3128,137.461
20230520000003.pol,877,60,12,3132,137.637
20230520000003.pol,878,64,12,3136,137.812
20230520000003.pol,879,68,12,3140,137.988
20230520000003.pol,880,70,12,3142,138.076
20230520000003.pol,881,74,12,3146,138.252
20230520000003.pol,882,78,12,3150,138.428
20230520000003.pol,883,82,12,3154,138.604
20230520000003.pol,884,86,12,3158,138.779
20230520000003.pol,885,90,12,3162,138.955
20230520000003.pol,886,94,12,3166,139.131
20230520000003.pol,887,96,12,3168,139.219
20230520000003.pol,888,100,12,3172,139.395
20230520000003.pol,889,104,12,3176,139.570
20230520000003.pol,890,108,12,3180,139.746
20230520000003.pol,891,112,12,3184,139.922
20230520000003.pol,892,116,12,3188,140.098
20230520000003.pol,893,120,12,3192,140.273
20230520000003.pol,894,124,12,3196,140.449
20230520000003.pol,895,126,12,3198,140.537
20230520000003.pol,896,130,12,3202,140.713
20230520000003.pol,897,134,12,3206,140.889
20230520000003.pol,898,138,12,3210,141.064
20230520000003.pol,899,142,12,3214,141.240
20230520000003.pol,900,146,12,3218,141.416
20230520000003.pol,901,148,12,3220,141.504
20230520000003.pol,902,152,12,3224,141.680
20230520000003.pol,903,154,12,3226,141.768
20230520000003.pol,904,158,12,3230,141.943
20230520000003.pol,905,162,12,3234,142.119
20230520000003.pol,906,166,12,3238,142.295
20230520000003.pol,907,170,12,3242,142.471
20230520000003.pol,908,174,12,3246,142.646
20230520000003.pol,909,176,12,3248,142.734
20230520000003.pol,910,180,12,3252,142.910
20230520000003.pol,911,182,12,3254,142.998
20230520000003.pol,912,186,12,3258,143.174
20230520000003.pol,913,188,12,3260,143.262
20230520000003.pol,914,192,12,3264,143.438
20230520000003.pol,915,196,12,3268,143.613
20230520000003.pol,916,200,12,3272,143.789
20230520000003.pol,917,204,12,3276,143.965
20230520000003.pol,918,208,12,3280,144.141
20230520000003.pol,919,212,12,3284,144.316
20230520000003.pol,920,214,12,3286,144.404
20230520000003.pol,921,218,12,3290,144.580
20230520000003.pol,922,222,12,3294,144.756
20230520000003.pol,923,226,12,3298,144.932
20230520000003.pol,924,230,12,3302,145.107
20230520000003.pol,925,234,12,3306,145.283
20230520000003.pol,926,236,12,3308,145.371
20230520000003.pol,927,240,12,3312,145.547
20230520000003.pol,928,244,12,3316,145.723
20230520000003.pol,929,248,12,3320,145.898
20230520000003.pol,930,250,12,3322,145.986
20230520000003.pol,931,254,12,3326,146.162
20230520000003.pol,932,0,13,3328,146.250
20230520000003.pol,933,4,13,3332,146.426
20230520000003.pol,934,8,13,3336,146.602
20230520000003.pol,935,12,13,3340,146.777
20230520000003.pol,936,14,13,3342,146.865
20230520000003.pol,937,18,13,3346,147.041
20230520000003.pol,938,22,13,3350,147.217
20230520000003.pol,939,26,13,3354,147.393
20230520000003.pol,940,30,13,3358,147.568
20230520000003.pol,941,34,13,3362,147.744
20230520000003.pol,942,36,13,3364,147.832
20230520000003.pol,943,40,13,3368,148.008
20230520000003.pol,944,44,13,3372,148.184
20230520000003.pol,945,48,13,3376,148.359
20230520000003.pol,946,50,13,3378,148.447
20230520000003.pol,947,54,13,3382,148.623
20230520000003.pol,948,58,13,3386,148.799
20230520000003.pol,949,60,13,3388,148.887
20230520000003.pol,950,64,13,3392,149.062
20230520000003.pol,951,68,13,3396,149.238
20230520000003.pol,952,72,13,3400,149.414
20230520000003.pol,953,74,13,3402,149.502
20230520000003.pol,954,78,13,3406,149.678
20230520000003.pol,955,82,13,3410,149.854
20230520000003.pol,956,86,13,3414,150.029
20230520000003.pol,957,90,13,3418,150.205
20230520000003.pol,958,94,13,3422,150.381
20230520000003.pol,959,98,13,3426,150.557
20230520000003.pol,960,102,13,3430,150.732
20230520000003.pol,961,106,13,3434,150.908
20230520000003.pol,962,110,13,3438,151.084
20230520000003.pol,963,114,13,3442,151.260
20230520000003.pol,964,118,13,3446,151.436
20230520000003.pol,965,122,13,3450,151.611
20230520000003.pol,966,126,13,3454,151.787
20230520000003.pol,967,130,13,3458,151.963
20230520000003.pol,968,134,13,3462,152.139
20230520000003.pol,969,138,13,3466,152.314
20230520000003.pol,970,140,13,3468,152.402
20230520000003.pol,971,144,13,3472,152.578
20230520000003.pol,972,146,13,3474,152.666
20230520000003.pol,973,150,13,3478,152.842
20230520000003.pol,974,154,13,3482,153.018
20230520000003.pol,975,158,13,3486,153.193
20230520000003.pol,976,162,13,3490,153.369
20230520000003.pol,977,166,13,3494,153.545
20230520000003.pol,978,170,13,3498,153.721
20230520000003.pol,979,174,13,3502,153.896
20230520000003.pol,980,178,13,3506,154.072
20230520000003.pol,981,182,13,3510,154.248
20230520000003.pol,982,186,13,3514,154.424
20230520000003.pol,983,190,13,3518,154.600
20230520000003.pol,984,194,13,3522,154.775
20230520000003.pol,985,196,13,3524,154.863
20230520000003.pol,986,200,13,3528,155.039
20230520000003.pol,987,204,13,3532,155.215
20230520000003.pol,988,208,13,3536,155.391
20230520000003.pol,989,212,13,3540,155.566
20230520000003.pol,990,214,13,3542,155.654
20230520000003.pol,991,218,13,3546,155.830
20230520000003.pol,992,220,13,3548,155.918
20230520000003.pol,993,224,13,3552,156.094
20230520000003.pol,994,226,13,3554,156.182
20230520000003.pol,995,230,13,3558,156.357
20230520000003.pol,996,234,13,3562,156.533
20230520000003.pol,997,238,13,3566,156.709
20230520000003.pol,998,240,13,3568,156.797
20230520000003.pol,999,244,13,3572,156.973
20230520000003.pol,1000,248,13,3576,157.148
20230520000003.pol,1001,252,13,3580,157.324
20230520000003.pol,1002,0,14,3584,157.500
20230520000003.pol,1003,2,14,3586,157.588
20230520000003.pol,1004,6,14,3590,157.764
20230520000003.pol,1005,10,14,3594,157.939
20230520000003.pol,1006,14,14,3598,158.115
20230520000003.pol,1007,18,14,3602,158.291
20230520000003.pol,1008,22,14,3606,158.467
20230520000003.pol,1009,26,14,3610,158.643
20230520000003.pol,1010,30,14,3614,158.818
20230520000003.pol,1011,34,14,3618,158.994
20230520000003.pol,1012,36,14,3620,159.082
20230520000003.pol,1013,40,14,3624,159.258
20230520000003.pol,1014,44,14,3628,159.434
20230520000003.pol,1015,48,14,3632,159.609
20230520000003.pol,1016,52,14,3636,159.785
20230520000003.pol,1017,56,14,3640,159.961
20230520000003.pol,1018,60,14,3644,160.137
20230520000003.pol,1019,62,14,3646,160.225
20230520000003.pol,1020,66,14,3650,160.400
20230520000003.pol,1021,68,14,3652,160.488
20230520000003.pol,1022,72,14,3656,160.664
20230520000003.pol,1023,74,14,3658,160.752
20230520000003.pol,1024,78,14,3662,160.928
20230520000003.pol,1025,82,14,3666,161.104
20230520000003.pol,1026,86,14,3670,161.279
20230520000003.pol,1027,90,14,3674,161.455
20230520000003.pol,1028,94,14,3678,161.631
20230520000003.pol,1029,98,14,3682,161.807
20230520000003.pol,1030,102,14,3686,161.982
20230520000003.pol,1031,104,14,3688,162.070
20230520000003.pol,1032,108,14,3692,162.246
20230520000003.pol,1033,110,14,3694,162.334
20230520000003.pol,1034,114,14,3698,162.510
20230520000003.pol,1035,118,14,3702,162.686
20230520000003.pol,1036,122,14,3706,162.861
20230520000003.pol,1037,126,14,3710,163.037
20230520000003.pol,1038,128,14,3712,163.125
20230520000003.pol,1039,132,14,3716,163.301
20230520000003.pol,1040,136,14,3720,163.477
20230520000003.pol,1041,140,14,3724,163.652
20230520000003.pol,1042,144,14,3728,163.828
20230520000003.pol,1043,146,14,3730,163.916
20230520000003.pol,1044,150,14,3734,164.092
20230520000003.pol,1045,154,14,3738,164.268
20230520000003.pol,1046,158,14,3742,164.443
20230520000003.pol,1047,162,14,3746,164.619
20230520000003.pol,1048,166,14,3750,164.795
20230520000003.pol,1049,170,14,3754,164.971
20230520000003.pol,1050,174,14,3758,165.146
20230520000003.pol,1051,176,14,3760,165.234
20230520000003.pol,1052,180,14,3764,165.410
20230520000003.pol,1053,184,14,3768,165.586
20230520000003.pol,1054,186,14,3770,165.674
20230520000003.pol,1055,190,14,3774,165.850
20230520000003.pol,1056,192,14,3776,165.938
20230520000003.pol,1057,196,14,3780,166.113
20230520000003.pol,1058,200,14,3784,166.289
20230520000003.pol,1059,204,14,3788,166.465
20230520000003.pol,1060,206,14,3790,166.553
20230520000003.pol,1061,210,14,3794,166.729
20230520000003.pol,1062,214,14,3798,166.904
20230520000003.pol,1063,218,14,3802,167.080
20230520000003.pol,1064,222,14,3806,167.256
20230520000003.pol,1065,224,14,3808,167.344
20230520000003.pol,1066,228,14,3812,167.520
20230520000003.pol,1067,232,14,3816,167.695
20230520000003.pol,1068,236,14,3820,167.871
20230520000003.pol,1069,240,14,3824,168.047
20230520000003.pol,1070,244,14,3828,168.223
20230520000003.pol,1071,248,14,3832,168.398
20230520000003.pol,1072,252,14,3836,168.574
20230520000003.pol,1073,0,15,3840,168.750
20230520000003.pol,1074,2,15,3842,168.838
20230520000003.pol,1075,6,15,3846,169.014
20230520000003.pol,1076,10,15,3850,169.189
20230520000003.pol,1077,14,15,3854,169.365
20230520000003.pol,1078,18,15,3858,169.541
20230520000003.pol,1079,22,15,3862,169.717
20230520000003.pol,1080,26,15,3866,169.893
20230520000003.pol,1081,30,15,3870,170.068
20230520000003.pol,1082,32,15,3872,170.156
20230520000003.pol,1083,36,15,3876,170.332
20230520000003.pol,1084,38,15,3878,170.420
20230520000003.pol,1085,42,15,3882,170.596
20230520000003.pol,1086,46,15,3886,170.771
20230520000003.pol,1087,50,15,3890,170.947
20230520000003.pol,1088,52,15,3892,171.035
20230520000003.pol,1089,56,15,3896,171.211
20230520000003.pol,1090,60,15,3900,171.387
20230520000003.pol,1091,64,15,3904,171.562
20230520000003.pol,1092,68,15,3908,171.738
20230520000003.pol,1093,72,15,3912,171.914
20230520000003.pol,1094,76,15,3916,172.090
20230520000003.pol,1095,80,15,3920,172.266
20230520000003.pol,1096,84,15,3924,172.441
20230520000003.pol,1097,88,15,3928,172.617
20230520000003.pol,1098,92,15,3932,172.793
20230520000003.pol,1099,96,15,3936,172.969
20230520000003.pol,1100,100,15,3940,173.145
20230520000003.pol,1101,104,15,3944,173.320
20230520000003.pol,1102,106,15,3946,173.408
20230520000003.pol,1103,110,15,3950,173.584
20230520000003.pol,1104,112,15,3952,173.672
20230520000003.pol,1105,116,15,3956,173.848
20230520000003.pol,1106,120,15,3960,174.023
20230520000003.pol,1107,124,15,3964,174.199
20230520000003.pol,1108,128,15,3968,174.375
20230520000003.pol,1109,132,15,3972,174.551
20230520000003.pol,1110,136,15,3976,174.727
20230520000003.pol,1111,138,15,3978,174.814
20230520000003.pol,1112,142,15,3982,174.990
20230520000003.pol,1113,146,15,3986,175.166
20230520000003.pol,1114,150,15,3990,175.342
20230520000003.pol,1115,152,15,3992,175.430
20230520000003.pol,1116,156,15,3996,175.605
20230520000003.pol,1117,158,15,3998,175.693
20230520000003.pol,1118,162,15,4002,175.869
20230520000003.pol,1119,166,15,4006,176.045
20230520000003.pol,1120,170,15,4010,176.221
20230520000003.pol,1121,172,15,4012,176.309
20230520000003.pol,1122,176,15,4016,176.484
20230520000003.pol,1123,180,15,4020,176.660
20230520000003.pol,1124,184,15,4024,176.836
20230520000003.pol,1125,188,15,4028,177.012
20230520000003.pol,1126,192,15,4032,177.188
20230520000003.pol,1127,194,15,4034,177.275
20230520000003.pol,1128,198,15,4038,177.451
20230520000003.pol,1129,202,15,4042,177.627
20230520000003.pol,1130,206,15,4046,177.803
20230520000003.pol,1131,210,15,4050,177.979
20230520000003.pol,1132,212,15,4052,178.066
20230520000003.pol,1133,216,15,4056,178.242
20230520000003.pol,1134,220,15,4060,178.418
20230520000003.pol,1135,224,15,4064,178.594
20230520000003.pol,1136,226,15,4066,178.682
20230520000003.pol,1137,230,15,4070,178.857
20230520000003.pol,1138,234,15,4074,179.033
20230520000003.pol,1139,238,15,4078,179.209
20230520000003.pol,1140,242,15,4082,179.385
20230520000003.pol,1141,246,15,4086,179.561
20230520000003.pol,1142,250,15,4090,179.736
20230520000003.pol,1143,254,15,4094,179.912
20230520000003.pol,1144,2,16,4098,180.088
20230520000003.pol,1145,4,16,4100,180.176
20230520000003.pol,1146,8,16,4104,180.352
20230520000003.pol,1147,10,16,4106,180.439
20230520000003.pol,1148,14,16,4110,180.615
20230520000003.pol,1149,18,16,4114,180.791
20230520000003.pol,1150,20,16,4116,180.879
20230520000003.pol,1151,24,16,4120,181.055
20230520000003.pol,1152,28,16,4124,181.230
20230520000003.pol,1153,30,16,4126,181.318
20230520000003.pol,1154,34,16,4130,181.494
20230520000003.pol,1155,38,16,4134,181.670
20230520000003.pol,1156,42,16,4138,181.846
20230520000003.pol,1157,44,16,4140,181.934
20230520000003.pol,1158,48,16,4144,182.109
20230520000003.pol,1159,50,16,4146,182.197
20230520000003.pol,1160,54,16,4150,182.373
20230520000003.pol,1161,58,16,4154,182.549
20230520000003.pol,1162,62,16,4158,182.725
20230520000003.pol,1163,64,16,4160,182.812
20230520000003.pol,1164,68,16,4164,182.988
20230520000003.pol,1165,72,16,4168,183.164
20230520000003.pol,1166,76,16,4172,183.340
20230520000003.pol,1167,78,16,4174,183.428
20230520000003.pol,1168,82,16,4178,183.604
20230520000003.pol,1169,84,16,4180,183.691
20230520000003.pol,1170,88,16,4184,183.867
20230520000003.pol,1171,92,16,4188,184.043
20230520000003.pol,1172,96,16,4192,184.219
20230520000003.pol,1173,98,16,4194,184.307
20230520000003.pol,1174,102,16,4198,184.482
20230520000003.pol,1175,106,16,4202,184.658
20230520000003.pol,1176,108,16,4204,184.746
20230520000003.pol,1177,112,16,4208,184.922
20230520000003.pol,1178,114,16,4210,185.010
20230520000003.pol,1179,118,16,4214,185.186
20230520000003.pol,1180,120,16,4216,185.273
20230520000003.pol,1181,124,16,4220,185.449
20230520000003.pol,1182,128,16,4224,185.625
20230520000003.pol,1183,132,16,4228,185.801
20230520000003.pol,1184,136,16,4232,185.977
20230520000003.pol,1185,140,16,4236,186.152
20230520000003.pol,1186,142,16,4238,186.240
20230520000003.pol,1187,146,16,4242,186.416
20230520000003.pol,1188,150,16,4246,186.592
20230520000003.pol,1189,152,16,4248,186.680
20230520000003.pol,1190,156,16,4252,186.855
20230520000003.pol,1191,160,16,4256,187.031
20230520000003.pol,1192,164,16,4260,187.207
20230520000003.pol,1193,168,16,4264,187.383
20230520000003.pol,1194,172,16,4268,187.559
20230520000003.pol,1195,176,16,4272,187.734
20230520000003.pol,1196,180,16,4276,187.910
20230520000003.pol,1197,184,16,4280,188.086
20230520000003.pol,1198,188,16,4284,188.262
20230520000003.pol,1199,192,16,4288,188.438
20230520000003.pol,1200,196,16,4292,188.613
20230520000003.pol,1201,200,16,4296,188.789
20230520000003.pol,1202,204,16,4300,188.965
20230520000003.pol,1203,206,16,4302,189.053
20230520000003.pol,1204,210,16,4306,189.229
20230520000003.pol,1205,212,16,4308,189.316
20230520000003.pol,1206,216,16,4312,189.492
20230520000003.pol,1207,220,16,4316,189.668
20230520000003.pol,1208,222,16,4318,189.756
20230520000003.pol,1209,226,16,4322,189.932
20230520000003.pol,1210,230,16,4326,190.107
20230520000003.pol,1211,234,16,4330,190.283
20230520000003.pol,1212,236,16,4332,190.371
20230520000003.pol,1213,240,16,4336,190.547
20230520000003.pol,1214,242,16,4338,190.635
20230520000003.pol,1215,246,16,4342,190.811
20230520000003.pol,1216,250,16,4346,190.986
20230520000003.pol,1217,254,16,4350,191.162
20230520000003.pol,1218,2,17,4354,191.338
20230520000003.pol,1219,6,17,4358,191.514
20230520000003.pol,1220,10,17,4362,191.689
20230520000003.pol,1221,14,17,4366,191.865
20230520000003.pol,1222,18,17,4370,192.041
20230520000003.pol,1223,20,17,4372,192.129
20230520000003.pol,1224,24,17,4376,192.305
20230520000003.pol,1225,28,17,4380,192.480
20230520000003.pol,1226,32,17,4384,192.656
20230520000003.pol,1227,36,17,4388,192.832
20230520000003.pol,1228,38,17,4390,192.920
20230520000003.pol,1229,42,17,4394,193.096
20230520000003.pol,1230,46,17,4398,193.271
20230520000003.pol,1231,50,17,4402,193.447
20230520000003.pol,1232,54,17,4406,193.623
20230520000003.pol,1233,58,17,4410,193.799
20230520000003.pol,1234,62,17,4414,193.975
20230520000003.pol,1235,66,17,4418,194.150
20230520000003.pol,1236,70,17,4422,194.326
20230520000003.pol,1237,72,17,4424,194.414
20230520000003.pol,1238,76,17,4428,194.590
20230520000003.pol,1239,80,17,4432,194.766
20230520000003.pol,1240,82,17,4434,194.854
20230520000003.pol,1241,86,17,4438,195.029
20230520000003.pol,1242,90,17,4442,195.205
20230520000003.pol,1243,94,17,4446,195.381
20230520000003.pol,1244,96,17,4448,195.469
20230520000003.pol,1245,100,17,4452,195.645
20230520000003.pol,1246,102,17,4454,195.732
20230520000003.pol,1247,106,17,4458,195.908
20230520000003.pol,1248,110,17,4462,196.084
20230520000003.pol,1249,114,17,4466,196.260
20230520000003.pol,1250,118,17,4470,196.436
20230520000003.pol,1251,122,17,4474,196.611
20230520000003.pol,1252,126,17,4478,196.787
20230520000003.pol,1253,130,17,4482,196.963
20230520000003.pol,1254,134,17,4486,197.139
20230520000003.pol,1255,138,17,4490,197.314
20230520000003.pol,1256,142,17,4494,197.490
20230520000003.pol,1257,146,17,4498,197.666
20230520000003.pol,1258,150,17,4502,197.842
20230520000003.pol,1259,152,17,4504,197.930
20230520000003.pol,1260,156,17,4508,198.105
20230520000003.pol,1261,158,17,4510,198.193
20230520000003.pol,1262,162,17,4514,198.369
20230520000003.pol,1263,166,17,4518,198.545
20230520000003.pol,1264,170,17,4522,198.721
20230520000003.pol,1265,172,17,4524,198.809
20230520000003.pol,1266,176,17,4528,198.984
20230520000003.pol,1267,180,17,4532,199.160
20230520000003.pol,1268,184,17,4536,199.336
20230520000003.pol,1269,188,17,4540,199.512
20230520000003.pol,1270,190,17,4542,199.600
20230520000003.pol,1271,194,17,4546,199.775
20230520000003.pol,1272,196,17,4548,199.863
20230520000003.pol,1273,200,17,4552,200.039
20230520000003.pol,1274,202,17,4554,200.127
20230520000003.pol,1275,206,17,4558,200.303
20230520000003.pol,1276,210,17,4562,200.479
20230520000003.pol,1277,214,17,4566,200.654
20230520000003.pol,1278,216,17,4568,200.742
20230520000003.pol,1279,220,17,4572,200.918
20230520000003.pol,1280,224,17,4576,201.094
20230520000003.pol,1281,228,17,4580,201.270
20230520000003.pol,1282,232,17,4584,201.445
20230520000003.pol,1283,234,17,4586,201.533
20230520000003.pol,1284,238,17,4590,201.709
20230520000003.pol,1285,242,17,4594,201.885
20230520000003.pol,1286,246,17,4598,202.061
20230520000003.pol,1287,248,17,4600,202.148
20230520000003.pol,1288,252,17,4604,202.324
20230520000003.pol,1289,0,18,4608,202.500
20230520000003.pol,1290,2,18,4610,202.588
20230520000003.pol,1291,6,18,4614,202.764
20230520000003.pol,1292,10,18,4618,202.939
20230520000003.pol,1293,14,18,4622,203.115
20230520000003.pol,1294,18,18,4626,203.291
20230520000003.pol,1295,22,18,4630,203.467
20230520000003.pol,1296,26,18,4634,203.643
20230520000003.pol,1297,30,18,4638,203.818
20230520000003.pol,1298,34,18,4642,203.994
20230520000003.pol,1299,38,18,4646,204.170
20230520000003.pol,1300,42,18,4650,204.346
20230520000003.pol,1301,46,18,4654,204.521
20230520000003.pol,1302,48,18,4656,204.609
20230520000003.pol,1303,52,18,4660,204.785
20230520000003.pol,1304,54,18,4662,204.873
20230520000003.pol,1305,58,18,4666,205.049
20230520000003.pol,1306,62,18,4670,205.225
20230520000003.pol,1307,66,18,4674,205.400
20230520000003.pol,1308,70,18,4678,205.576
20230520000003.pol,1309,74,18,4682,205.752
20230520000003.pol,1310,76,18,4684,205.840
20230520000003.pol,1311,80,18,4688,206.016
20230520000003.pol,1312,84,18,4692,206.191
20230520000003.pol,1313,86,18,4694,206.279
20230520000003.pol,1314,90,18,4698,206.455
20230520000003.pol,1315,92,18,4700,206.543
20230520000003.pol,1316,96,18,4704,206.719
20230520000003.pol,1317,100,18,4708,206.895
20230520000003.pol,1318,104,18,4712,207.070
20230520000003.pol,1319,108,18,4716,207.246
20230520000003.pol,1320,112,18,4720,207.422
20230520000003.pol,1321,116,18,4724,207.598
20230520000003.pol,1322,120,18,4728,207.773
20230520000003.pol,1323,124,18,4732,207.949
20230520000003.pol,1324,128,18,4736,208.125
20230520000003.pol,1325,132,18,4740,208.301
20230520000003.pol,1326,136,18,4744,208.477
20230520000003.pol,1327,138,18,4746,208.564
20230520000003.pol,1328,142,18,4750,208.740
20230520000003.pol,1329,146,18,4754,208.916
20230520000003.pol,1330,150,18,4758,209.092
20230520000003.pol,1331,154,18,4762,209.268
20230520000003.pol,1332,158,18,4766,209.443
20230520000003.pol,1333,162,18,4770,209.619
20230520000003.pol,1334,166,18,4774,209.795
20230520000003.pol,1335,170,18,4778,209.971
20230520000003.pol,1336,174,18,4782,210.146
20230520000003.pol,1337,178,18,4786,210.322
20230520000003.pol,1338,182,18,4790,210.498
20230520000003.pol,1339,186,18,4794,210.674
20230520000003.pol,1340,190,18,4798,210.850
20230520000003.pol,1341,194,18,4802,211.025
20230520000003.pol,1342,198,18,4806,211.201
20230520000003.pol,1343,202,18,4810,211.377
20230520000003.pol,1344,206,18,4814,211.553
20230520000003.pol,1345,210,18,4818,211.729
20230520000003.pol,1346,214,18,4822,211.904
20230520000003.pol,1347,216,18,4824,211.992
20230520000003.pol,1348,220,18,4828,212.168
20230520000003.pol,1349,224,18,4832,212.344
20230520000003.pol,1350,228,18,4836,212.520
20230520000003.pol,1351,232,18,4840,212.695
20230520000003.pol,1352,234,18,4842,212.783
20230520000003.pol,1353,238,18,4846,212.959
20230520000003.pol,1354,242,18,4850,213.135
20230520000003.pol,1355,244,18,4852,213.223
20230520000003.pol,1356,248,18,4856,213.398
20230520000003.pol,1357,252,18,4860,213.574
20230520000003.pol,1358,254,18,4862,213.662
20230520000003.pol,1359,2,19,4866,213.838
20230520000003.pol,1360,4,19,4868,213.926
20230520000003.pol,1361,8,19,4872,214.102
20230520000003.pol,1362,12,19,4876,214.277
20230520000003.pol,1363,14,19,4878,214.365
20230520000003.pol,1364,18,19,4882,214.541
20230520000003.pol,1365,22,19,4886,214.717
20230520000003.pol,1366,26,19,4890,214.893
20230520000003.pol,1367,30,19,4894,215.068
20230520000003.pol,1368,34,19,4898,215.244
20230520000003.pol,1369,38,19,4902,215.420
20230520000003.pol,1370,42,19,4906,215.596
20230520000003.pol,1371,44,19,4908,215.684
20230520000003.pol,1372,48,19,4912,215.859
20230520000003.pol,1373,52,19,4916,216.035
20230520000003.pol,1374,56,19,4920,216.211
20230520000003.pol,1375,60,19,4924,216.387
20230520000003.pol,1376,64,19,4928,216.562
20230520000003.pol,1377,68,19,4932,216.738
20230520000003.pol,1378,70,19,4934,216.826
20230520000003.pol,1379,74,19,4938,217.002
20230520000003.pol,1380,76,19,4940,217.090
20230520000003.pol,1381,80,19,4944,217.266
20230520000003.pol,1382,84,19,4948,217.441
20230520000003.pol,1383,86,19,4950,217.529
20230520000003.pol,1384,90,19,4954,217.705
20230520000003.pol,1385,94,19,4958,217.881
20230520000003.pol,1386,98,19,4962,218.057
20230520000003.pol,1387,102,19,4966,218.232
20230520000003.pol,1388,106,19,4970,218.408
20230520000003.pol,1389,108,19,4972,218.496
20230520000003.pol,1390,112,19,4976,218.672
20230520000003.pol,1391,116,19,4980,218.848
20230520000003.pol,1392,120,19,4984,219.023
20230520000003.pol,1393,124,19,4988,219.199
20230520000003.pol,1394,128,19,4992,219.375
20230520000003.pol,1395,132,19,4996,219.551
20230520000003.pol,1396,136,19,5000,219.727
20230520000003.pol,1397,140,19,5004,219.902
20230520000003.pol,1398,144,19,5008,220.078
20230520000003.pol,1399,148,19,5012,220.254
20230520000003.pol,1400,150,19,5014,220.342
20230520000003.pol,1401,154,19,5018,220.518
20230520000003.pol,1402,158,19,5022,220.693
20230520000003.pol,1403,162,19,5026,220.869
20230520000003.pol,1404,166,19,5030,221.045
20230520000003.pol,1405,170,19,5034,221.221
20230520000003.pol,1406,174,19,5038,221.396
20230520000003.pol,1407,178,19,5042,221.572
20230520000003.pol,1408,182,19,5046,221.748
20230520000003.pol,1409,186,19,5050,221.924
20230520000003.pol,1410,190,19,5054,222.100
20230520000003.pol,1411,194,19,5058,222.275
20230520000003.pol,1412,198,19,5062,222.451
20230520000003.pol,1413,202,19,5066,222.627
20230520000003.pol,1414,204,19,5068,222.715
20230520000003.pol,1415,208,19,5072,222.891
20230520000003.pol,1416,210,19,5074,222.979
20230520000003.pol,1417,214,19,5078,223.154
20230520000003.pol,1418,218,19,5082,223.330
20230520000003.pol,1419,222,19,5086,223.506
20230520000003.pol,1420,226,19,5090,223.682
20230520000003.pol,1421,230,19,5094,223.857
20230520000003.pol,1422,234,19,5098,224.033
20230520000003.pol,1423,238,19,5102,224.209
20230520000003.pol,1424,240,19,5104,224.297
20230520000003.pol,1425,244,19,5108,224.473
20230520000003.pol,1426,248,19,5112,224.648
20230520000003.pol,1427,252,19,5116,224.824
20230520000003.pol,1428,0,20,5120,225.000
20230520000003.pol,1429,2,20,5122,225.088
20230520000003.pol,1430,6,20,5126,225.264
20230520000003.pol,1431,10,20,5130,225.439
20230520000003.pol,1432,12,20,5132,225.527
20230520000003.pol,1433,16,20,5136,225.703
20230520000003.pol,1434,20,20,5140,225.879
20230520000003.pol,1435,24,20,5144,226.055
20230520000003.pol,1436,28,20,5148,226.230
20230520000003.pol,1437,32,20,5152,226.406
20230520000003.pol,1438,36,20,5156,226.582
20230520000003.pol,1439,40,20,5160,226.758
20230520000003.pol,1440,44,20,5164,226.934
20230520000003.pol,1441,46,20,5166,227.021
20230520000003.pol,1442,50,20,5170,227.197
20230520000003.pol,1443,52,20,5172,227.285
20230520000003.pol,1444,56,20,5176,227.461
20230520000003.pol,1445,60,20,5180,227.637
20230520000003.pol,1446,64,20,5184,227.812
20230520000003.pol,1447,66,20,5186,227.900
20230520000003.pol,1448,70,20,5190,228.076
20230520000003.pol,1449,74,20,5194,228.252
20230520000003.pol,1450,78,20,5198,228.428
20230520000003.pol,1451,82,20,5202,228.604
20230520000003.pol,1452,86,20,5206,228.779
20230520000003.pol,1453,90,20,5210,228.955
20230520000003.pol,1454,94,20,5214,229.131
20230520000003.pol,1455,96,20,5216,229.219
20230520000003.pol,1456,100,20,5220,229.395
20230520000003.pol,1457,104,20,5224,229.570
20230520000003.pol,1458,108,20,5228,229.746
20230520000003.pol,1459,110,20,5230,229.834
20230520000003.pol,1460,114,20,5234,230.010
20230520000003.pol,1461,118,20,5238,230.186
20230520000003.pol,1462,122,20,5242,230.361
20230520000003.pol,1463,126,20,5246,230.537
20230520000003.pol,1464,130,20,5250,230.713
20230520000003.pol,1465,134,20,5254,230.889
20230520000003.pol,1466,136,20,5256,230.977
20230520000003.pol,1467,140,20,5260,231.152
20230520000003.pol,1468,144,20,5264,231.328
20230520000003.pol,1469,148,20,5268,231.504
20230520000003.pol,1470,152,20,5272,231.680
20230520000003.pol,1471,156,20,5276,231.855
20230520000003.pol,1472,160,20,5280,232.031
20230520000003.pol,1473,164,20,5284,232.207
20230520000003.pol,1474,166,20,5286,232.295
20230520000003.pol,1475,170,20,5290,232.471
20230520000003.pol,1476,174,20,5294,232.646
20230520000003.pol,1477,178,20,5298,232.822
20230520000003.pol,1478,182,20,5302,232.998
20230520000003.pol,1479,186,20,5306,233.174
20230520000003.pol,1480,190,20,5310,233.350
20230520000003.pol,1481,194,20,5314,233.525
20230520000003.pol,1482,196,20,5316,233.613
20230520000003.pol,1483,200,20,5320,233.789
20230520000003.pol,1484,202,20,5322,233.877
20230520000003.pol,1485,206,20,5326,234.053
20230520000003.pol,1486,210,20,5330,234.229
20230520000003.pol,1487,214,20,5334,234.404
20230520000003.pol,1488,218,20,5338,234.580
20230520000003.pol,1489,222,20,5342,234.756
20230520000003.pol,1490,226,20,5346,234.932
20230520000003.pol,1491,230,20,5350,235.107
20230520000003.pol,1492,232,20,5352,235.195
20230520000003.pol,1493,236,20,5356,235.371
20230520000003.pol,1494,240,20,5360,235.547
20230520000003.pol,1495,244,20,5364,235.723
20230520000003.pol,1496,248,20,5368,235.898
20230520000003.pol,1497,252,20,5372,236.074
20230520000003.pol,1498,0,21,5376,236.250
20230520000003.pol,1499,4,21,5380,236.426
20230520000003.pol,1500,8,21,5384,236.602
20230520000003.pol,1501,12,21,5388,236.777
20230520000003.pol,1502,16,21,5392,236.953
20230520000003.pol,1503,20,21,5396,237.129
20230520000003.pol,1504,22,21,5398,237.217
20230520000003.pol,1505,26,21,5402,237.393
20230520000003.pol,1506,30,21,5406,237.568
20230520000003.pol,1507,34,21,5410,237.744
20230520000003.pol,1508,36,21,5412,237.832
20230520000003.pol,1509,40,21,5416,238.008
20230520000003.pol,1510,44,21,5420,238.184
20230520000003.pol,1511,48,21,5424,238.359
20230520000003.pol,1512,52,21,5428,238.535
20230520000003.pol,1513,54,21,5430,238.623
20230520000003.pol,1514,58,21,5434,238.799
20230520000003.pol,1515,60,21,5436,238.887
20230520000003.pol,1516,64,21,5440,239.062
20230520000003.pol,1517,68,21,5444,239.238
20230520000003.pol,1518,70,21,5446,239.326
20230520000003.pol,1519,74,21,5450,239.502
20230520000003.pol,1520,78,21,5454,239.678
20230520000003.pol,1521,82,21,5458,239.854
20230520000003.pol,1522,86,21,5462,240.029
20230520000003.pol,1523,88,21,5464,240.117
20230520000003.pol,1524,92,21,5468,240.293
20230520000003.pol,1525,96,21,5472,240.469
20230520000003.pol,1526,100,21,5476,240.645
20230520000003.pol,1527,102,21,5478,240.732
20230520000003.pol,1528,106,21,5482,240.908
20230520000003.pol,1529,110,21,5486,241.084
20230520000003.pol,1530,114,21,5490,241.260
20230520000003.pol,1531,118,21,5494,241.436
20230520000003.pol,1532,120,21,5496,241.523
20230520000003.pol,1533,124,21,5500,241.699
20230520000003.pol,1534,128,21,5504,241.875
20230520000003.pol,1535,132,21,5508,242.051
20230520000003.pol,1536,134,21,5510,242.139
20230520000003.pol,1537,138,21,5514,242.314
20230520000003.pol,1538,142,21,5518,242.490
20230520000003.pol,1539,146,21,5522,242.666
20230520000003.pol,1540,150,21,5526,242.842
20230520000003.pol,1541,154,21,5530,243.018
20230520000003.pol,1542,156,21,5532,243.105
20230520000003.pol,1543,160,21,5536,243.281
20230520000003.pol,1544,162,21,5538,243.369
20230520000003.pol,1545,166,21,5542,243.545
20230520000003.pol,1546,168,21,5544,243.633
20230520000003.pol,1547,172,21,5548,243.809
20230520000003.pol,1548,176,21,5552,243.984
20230520000003.pol,1549,180,21,5556,244.160
20230520000003.pol,1550,184,21,5560,244.336
20230520000003.pol,1551,188,21,5564,244.512
20230520000003.pol,1552,192,21,5568,244.688
20230520000003.pol,1553,196,21,5572,244.863
20230520000003.pol,1554,200,21,5576,245.039
20230520000003.pol,1555,202,21,5578,245.127
20230520000003.pol,1556,206,21,5582,245.303
20230520000003.pol,1557,208,21,5584,245.391
20230520000003.pol,1558,212,21,5588,245.566
20230520000003.pol,1559,216,21,5592,245.742
20230520000003.pol,1560,220,21,5596,245.918
20230520000003.pol,1561,222,21,5598,246.006
20230520000003.pol,1562,226,21,5602,246.182
20230520000003.pol,1563,230,21,5606,246.357
20230520000003.pol,1564,232,21,5608,246.445
20230520000003.pol,1565,236,21,5612,246.621
20230520000003.pol,1566,240,21,5616,246.797
20230520000003.pol,1567,244,21,5620,246.973
20230520000003.pol,1568,246,21,5622,247.061
20230520000003.pol,1569,250,21,5626,247.236
20230520000003.pol,1570,254,21,5630,247.412
20230520000003.pol,1571,2,22,5634,247.588
20230520000003.pol,1572,6,22,5638,247.764
20230520000003.pol,1573,10,22,5642,247.939
20230520000003.pol,1574,14,22,5646,248.115
20230520000003.pol,1575,18,22,5650,248.291
20230520000003.pol,1576,20,22,5652,248.379
20230520000003.pol,1577,24,22,5656,248.555
20230520000003.pol,1578,28,22,5660,248.730
20230520000003.pol,1579,32,22,5664,248.906
20230520000003.pol,1580,36,22,5668,249.082
20230520000003.pol,1581,40,22,5672,249.258
20230520000003.pol,1582,44,22,5676,249.434
20230520000003.pol,1583,48,22,5680,249.609
20230520000003.pol,1584,52,22,5684,249.785
20230520000003.pol,1585,56,22,5688,249.961
20230520000003.pol,1586,58,22,5690,250.049
20230520000003.pol,1587,62,22,5694,250.225
20230520000003.pol,1588,66,22,5698,250.400
20230520000003.pol,1589,68,22,5700,250.488
20230520000003.pol,1590,72,22,5704,250.664
20230520000003.pol,1591,76,22,5708,250.840
20230520000003.pol,1592,78,22,5710,250.928
20230520000003.pol,1593,82,22,5714,251.104
20230520000003.pol,1594,86,22,5718,251.279
20230520000003.pol,1595,90,22,5722,251.455
20230520000003.pol,1596,92,22,5724,251.543
20230520000003.pol,1597,96,22,5728,251.719
20230520000003.pol,1598,98,22,5730,251.807
20230520000003.pol,1599,102,22,5734,251.982
20230520000003.pol,1600,106,22,5738,252.158
20230520000003.pol,1601,110,22,5742,252.334
20230520000003.pol,1602,114,22,5746,252.510
20230520000003.pol,1603,118,22,5750,252.686
20230520000003.pol,1604,122,22,5754,252.861
20230520000003.pol,1605,126,22,5758,253.037
20230520000003.pol,1606,130,22,5762,253.213
20230520000003.pol,1607,132,22,5764,253.301
20230520000003.pol,1608,136,22,5768,253.477
20230520000003.pol,1609,140,22,5772,253.652
20230520000003.pol,1610,144,22,5776,253.828
20230520000003.pol,1611,148,22,5780,254.004
20230520000003.pol,1612,152,22,5784,254.180
20230520000003.pol,1613,156,22,5788,254.355
20230520000003.pol,1614,160,22,5792,254.531
20230520000003.pol,1615,164,22,5796,254.707
20230520000003.pol,1616,168,22,5800,254.883
20230520000003.pol,1617,172,22,5804,255.059
20230520000003.pol,1618,176,22,5808,255.234
20230520000003.pol,1619,180,22,5812,255.410
20230520000003.pol,1620,182,22,5814,255.498
20230520000003.pol,1621,186,22,5818,255.674
20230520000003.pol,1622,190,22,5822,255.850
20230520000003.pol,1623,194,22,5826,256.025
20230520000003.pol,1624,198,22,5830,256.201
20230520000003.pol,1625,202,22,5834,256.377
20230520000003.pol,1626,206,22,5838,256.553
20230520000003.pol,1627,210,22,5842,256.729
20230520000003.pol,1628,214,22,5846,256.904
20230520000003.pol,1629,218,22,5850,257.080
20230520000003.pol,1630,222,22,5854,257.256
20230520000003.pol,1631,224,22,5856,257.344
20230520000003.pol,1632,228,22,5860,257.520
20230520000003.pol,1633,232,22,5864,257.695
20230520000003.pol,1634,234,22,5866,257.783
20230520000003.pol,1635,238,22,5870,257.959
20230520000003.pol,1636,240,22,5872,258.047
20230520000003.pol,1637,244,22,5876,258.223
20230520000003.pol,1638,246,22,5878,258.311
20230520000003.pol,1639,250,22,5882,258.486
20230520000003.pol,1640,254,22,5886,258.662
20230520000003.pol,1641,2,23,5890,258.838
20230520000003.pol,1642,6,23,5894,259.014
20230520000003.pol,1643,8,23,5896,259.102
20230520000003.pol,1644,12,23,5900,259.277
20230520000003.pol,1645,16,23,5904,259.453
20230520000003.pol,1646,20,23,5908,259.629
20230520000003.pol,1647,22,23,5910,259.717
20230520000003.pol,1648,26,23,5914,259.893
20230520000003.pol,1649,30,23,5918,260.068
20230520000003.pol,1650,34,23,5922,260.244
20230520000003.pol,1651,38,23,5926,260.420
20230520000003.pol,1652,40,23,5928,260.508
20230520000003.pol,1653,44,23,5932,260.684
20230520000003.pol,1654,48,23,5936,260.859
20230520000003.pol,1655,52,23,5940,261.035
20230520000003.pol,1656,54,23,5942,261.123
20230520000003.pol,1657,58,23,5946,261.299
20230520000003.pol,1658,60,23,5948,261.387
20230520000003.pol,1659,64,23,5952,261.562
20230520000003.pol,1660,68,23,5956,261.738
20230520000003.pol,1661,72,23,5960,261.914
20230520000003.pol,1662,74,23,5962,262.002
20230520000003.pol,1663,78,23,5966,262.178
20230520000003.pol,1664,80,23,5968,262.266
20230520000003.pol,1665,84,23,5972,262.441
20230520000003.pol,1666,88,23,5976,262.617
20230520000003.pol,1667,92,23,5980,262.793
20230520000003.pol,1668,94,23,5982,262.881
20230520000003.pol,1669,98,23,5986,263.057
20230520000003.pol,1670,100,23,5988,263.145
20230520000003.pol,1671,104,23,5992,263.320
20230520000003.pol,1672,106,23,5994,263.408
20230520000003.pol,1673,110,23,5998,263.584
20230520000003.pol,1674,114,23,6002,263.760
20230520000003.pol,1675,118,23,6006,263.936
20230520000003.pol,1676,122,23,6010,264.111
20230520000003.pol,1677,126,23,6014,264.287
20230520000003.pol,1678,130,23,6018,264.463
20230520000003.pol,1679,134,23,6022,264.639
20230520000003.pol,1680,136,23,6024,264.727
20230520000003.pol,1681,140,23,6028,264.902
20230520000003.pol,1682,144,23,6032,265.078
20230520000003.pol,1683,148,23,6036,265.254
20230520000003.pol,1684,152,23,6040,265.430
20230520000003.pol,1685,156,23,6044,265.605
20230520000003.pol,1686,160,23,6048,265.781
20230520000003.pol,1687,164,23,6052,265.957
20230520000003.pol,1688,168,23,6056,266.133
20230520000003.pol,1689,170,23,6058,266.221
20230520000003.pol,1690,174,23,6062,266.396
20230520000003.pol,1691,178,23,6066,266.572
20230520000003.pol,1692,180,23,6068,266.660
20230520000003.pol,1693,184,23,6072,266.836
20230520000003.pol,1694,188,23,6076,267.012
20230520000003.pol,1695,190,23,6078,267.100
20230520000003.pol,1696,194,23,6082,267.275
20230520000003.pol,1697,198,23,6086,267.451
20230520000003.pol,1698,202,23,6090,267.627
20230520000003.pol,1699,204,23,6092,267.715
20230520000003.pol,1700,208,23,6096,267.891
20230520000003.pol,1701,212,23,6100,268.066
20230520000003.pol,1702,214,23,6102,268.154
20230520000003.pol,1703,218,23,6106,268.330
20230520000003.pol,1704,222,23,6110,268.506
20230520000003.pol,1705,224,23,6112,268.594
20230520000003.pol,1706,228,23,6116,268.770
20230520000003.pol,1707,232,23,6120,268.945
20230520000003.pol,1708,236,23,6124,269.121
20230520000003.pol,1709,238,23,6126,269.209
20230520000003.pol,1710,242,23,6130,269.385
20230520000003.pol,1711,246,23,6134,269.561
20230520000003.pol,1712,248,23,6136,269.648
20230520000003.pol,1713,252,23,6140,269.824
20230520000003.pol,1714,0,24,6144,270.000
20230520000003.pol,1715,4,24,6148,270.176
20230520000003.pol,1716,8,24,6152,270.352
20230520000003.pol,1717,12,24,6156,270.527
20230520000003.pol,1718,16,24,6160,270.703
20230520000003.pol,1719,20,24,6164,270.879
20230520000003.pol,1720,22,24,6166,270.967
20230520000003.pol,1721,26,24,6170,271.143
20230520000003.pol,1722,28,24,6172,271.230
20230520000003.pol,1723,32,24,6176,271.406
20230520000003.pol,1724,36,24,6180,271.582
20230520000003.pol,1725,40,24,6184,271.758
20230520000003.pol,1726,44,24,6188,271.934
20230520000003.pol,1727,46,24,6190,272.021
20230520000003.pol,1728,50,24,6194,272.197
20230520000003.pol,1729,54,24,6198,272.373
20230520000003.pol,1730,58,24,6202,272.549
20230520000003.pol,1731,62,24,6206,272.725
20230520000003.pol,1732,64,24,6208,272.812
20230520000003.pol,1733,68,24,6212,272.988
20230520000003.pol,1734,72,24,6216,273.164
20230520000003.pol,1735,76,24,6220,273.340
20230520000003.pol,1736,80,24,6224,273.516
20230520000003.pol,1737,84,24,6228,273.691
20230520000003.pol,1738,88,24,6232,273.867
20230520000003.pol,1739,92,24,6236,274.043
20230520000003.pol,1740,96,24,6240,274.219
20230520000003.pol,1741,100,24,6244,274.395
20230520000003.pol,1742,104,24,6248,274.570
20230520000003.pol,1743,106,24,6250,274.658
20230520000003.pol,1744,110,24,6254,274.834
20230520000003.pol,1745,112,24,6256,274.922
20230520000003.pol,1746,116,24,6260,275.098
20230520000003.pol,1747,120,24,6264,275.273
20230520000003.pol,1748,124,24,6268,275.449
20230520000003.pol,1749,128,24,6272,275.625
20230520000003.pol,1750,132,24,6276,275.801
20230520000003.pol,1751,136,24,6280,275.977
20230520000003.pol,1752,140,24,6284,276.152
20230520000003.pol,1753,144,24,6288,276.328
20230520000003.pol,1754,148,24,6292,276.504
20230520000003.pol,1755,152,24,6296,276.680
20230520000003.pol,1756,154,24,6298,276.768
20230520000003.pol,1757,158,24,6302,276.943
20230520000003.pol,1758,162,24,6306,277.119
20230520000003.pol,1759,166,24,6310,277.295
20230520000003.pol,1760,170,24,6314,277.471
20230520000003.pol,1761,174,24,6318,277.646
20230520000003.pol,1762,178,24,6322,277.822
20230520000003.pol,1763,182,24,6326,277.998
20230520000003.pol,1764,186,24,6330,278.174
20230520000003.pol,1765,190,24,6334,278.350
20230520000003.pol,1766,194,24,6338,278.525
20230520000003.pol,1767,198,24,6342,278.701
20230520000003.pol,1768,202,24,6346,278.877
20230520000003.pol,1769,206,24,6350,279.053
20230520000003.pol,1770,208,24,6352,279.141
20230520000003.pol,1771,212,24,6356,279.316
20230520000003.pol,1772,216,24,6360,279.492
20230520000003.pol,1773,218,24,6362,279.580
20230520000003.pol,1774,222,24,6366,279.756
20230520000003.pol,1775,226,24,6370,279.932
20230520000003.pol,1776,230,24,6374,280.107
20230520000003.pol,1777,232,24,6376,280.195
20230520000003.pol,1778,236,24,6380,280.371
20230520000003.pol,1779,238,24,6382,280.459
20230520000003.pol,1780,242,24,6386,280.635
20230520000003.pol,1781,246,24,6390,280.811
20230520000003.pol,1782,248,24,6392,280.898
20230520000003.pol,1783,252,24,6396,281.074
20230520000003.pol,1784,254,24,6398,281.162
20230520000003.pol,1785,2,25,6402,281.338
20230520000003.pol,1786,4,25,6404,281.426
20230520000003.pol,1787,8,25,6408,281.602
20230520000003.pol,1788,12,25,6412,281.777
20230520000003.pol,1789,16,25,6416,281.953
20230520000003.pol,1790,20,25,6420,282.129
20230520000003.pol,1791,24,25,6424,282.305
20230520000003.pol,1792,28,25,6428,282.480
20230520000003.pol,1793,32,25,6432,282.656
20230520000003.pol,1794,36,25,6436,282.832
20230520000003.pol,1795,40,25,6440,283.008
20230520000003.pol,1796,42,25,6442,283.096
20230520000003.pol,1797,46,25,6446,283.271
20230520000003.pol,1798,50,25,6450,283.447
20230520000003.pol,1799,54,25,6454,283.623
20230520000003.pol,1800,58,25,6458,283.799
20230520000003.pol,1801,62,25,6462,283.975
20230520000003.pol,1802,64,25,6464,284.062
20230520000003.pol,1803,68,25,6468,284.238
20230520000003.pol,1804,72,25,6472,284.414
20230520000003.pol,1805,76,25,6476,284.590
20230520000003.pol,1806,80,25,6480,284.766
20230520000003.pol,1807,84,25,6484,284.941
20230520000003.pol,1808,86,25,6486,285.029
20230520000003.pol,1809,90,25,6490,285.205
20230520000003.pol,1810,94,25,6494,285.381
20230520000003.pol,1811,98,25,6498,285.557
20230520000003.pol,1812,100,25,6500,285.645
20230520000003.pol,1813,104,25,6504,285.820
20230520000003.pol,1814,106,25,6506,285.908
20230520000003.pol,1815,110,25,6510,286.084
20230520000003.pol,1816,114,25,6514,286.260
20230520000003.pol,1817,118,25,6518,286.436
20230520000003.pol,1818,120,25,6520,286.523
20230520000003.pol,1819,124,25,6524,286.699
20230520000003.pol,1820,128,25,6528,286.875
20230520000003.pol,1821,132,25,6532,287.051
20230520000003.pol,1822,136,25,6536,287.227
20230520000003.pol,1823,140,25,6540,287.402
20230520000003.pol,1824,142,25,6542,287.490
20230520000003.pol,1825,146,25,6546,287.666
20230520000003.pol,1826,148,25,6548,287.754
20230520000003.pol,1827,152,25,6552,287.930
20230520000003.pol,1828,156,25,6556,288.105
20230520000003.pol,1829,160,25,6560,288.281
20230520000003.pol,1830,164,25,6564,288.457
20230520000003.pol,1831,168,25,6568,288.633
20230520000003.pol,1832,172,25,6572,288.809
20230520000003.pol,1833,176,25,6576,288.984
20230520000003.pol,1834,180,25,6580,289.160
20230520000003.pol,1835,184,25,6584,289.336
20230520000003.pol,1836,188,25,6588,289.512
20230520000003.pol,1837,190,25,6590,289.600
20230520000003.pol,1838,194,25,6594,289.775
20230520000003.pol,1839,198,25,6598,289.951
20230520000003.pol,1840,202,25,6602,290.127
20230520000003.pol,1841,204,25,6604,290.215
20230520000003.pol,1842,208,25,6608,290.391
20230520000003.pol,1843,210,25,6610,290.479
20230520000003.pol,1844,214,25,6614,290.654
20230520000003.pol,1845,218,25,6618,290.830
20230520000003.pol,1846,220,25,6620,290.918
20230520000003.pol,1847,224,25,6624,291.094
20230520000003.pol,1848,228,25,6628,291.270
20230520000003.pol,1849,230,25,6630,291.357
20230520000003.pol,1850,234,25,6634,291.533
20230520000003.pol,1851,238,25,6638,291.709
20230520000003.pol,1852,242,25,6642,291.885
20230520000003.pol,1853,244,25,6644,291.973
20230520000003.pol,1854,248,25,6648,292.148
20230520000003.pol,1855,250,25,6650,292.236
20230520000003.pol,1856,254,25,6654,292.412
20230520000003.pol,1857,0,26,6656,292.500
20230520000003.pol,1858,4,26,6660,292.676
20230520000003.pol,1859,8,26,6664,292.852
20230520000003.pol,1860,12,26,6668,293.027
20230520000003.pol,1861,16,26,6672,293.203
20230520000003.pol,1862,20,26,6676,293.379
20230520000003.pol,1863,22,26,6678,293.467
20230520000003.pol,1864,26,26,6682,293.643
20230520000003.pol,1865,28,26,6684,293.730
20230520000003.pol,1866,32,26,6688,293.906
20230520000003.pol,1867,34,26,6690,293.994
20230520000003.pol,1868,38,26,6694,294.170
20230520000003.pol,1869,42,26,6698,294.346
20230520000003.pol,1870,46,26,6702,294.521
20230520000003.pol,1871,50,26,6706,294.697
20230520000003.pol,1872,52,26,6708,294.785
20230520000003.pol,1873,56,26,6712,294.961
20230520000003.pol,1874,60,26,6716,295.137
20230520000003.pol,1875,64,26,6720,295.312
20230520000003.pol,1876,66,26,6722,295.400
20230520000003.pol,1877,70,26,6726,295.576
20230520000003.pol,1878,74,26,6730,295.752
20230520000003.pol,1879,78,26,6734,295.928
20230520000003.pol,1880,82,26,6738,296.104
20230520000003.pol,1881,86,26,6742,296.279
20230520000003.pol,1882,88,26,6744,296.367
20230520000003.pol,1883,92,26,6748,296.543
20230520000003.pol,1884,96,26,6752,296.719
20230520000003.pol,1885,100,26,6756,296.895
20230520000003.pol,1886,104,26,6760,297.070
20230520000003.pol,1887,108,26,6764,297.246
20230520000003.pol,1888,110,26,6766,297.334
20230520000003.pol,1889,114,26,6770,297.510
20230520000003.pol,1890,118,26,6774,297.686
20230520000003.pol,1891,122,26,6778,297.861
20230520000003.pol,1892,126,26,6782,298.037
20230520000003.pol,1893,130,26,6786,298.213
20230520000003.pol,1894,134,26,6790,298.389
20230520000003.pol,1895,138,26,6794,298.564
20230520000003.pol,1896,140,26,6796,298.652
20230520000003.pol,1897,144,26,6800,298.828
20230520000003.pol,1898,148,26,6804,299.004
20230520000003.pol,1899,152,26,6808,299.180
20230520000003.pol,1900,156,26,6812,299.355
20230520000003.pol,1901,160,26,6816,299.531
20230520000003.pol,1902,164,26,6820,299.707
20230520000003.pol,1903,168,26,6824,299.883
20230520000003.pol,1904,170,26,6826,299.971
20230520000003.pol,1905,174,26,6830,300.146
20230520000003.pol,1906,178,26,6834,300.322
20230520000003.pol,1907,182,26,6838,300.498
20230520000003.pol,1908,186,26,6842,300.674
20230520000003.pol,1909,190,26,6846,300.850
20230520000003.pol,1910,194,26,6850,301.025
20230520000003.pol,1911,198,26,6854,301.201
20230520000003.pol,1912,202,26,6858,301.377
20230520000003.pol,1913,206,26,6862,301.553
20230520000003.pol,1914,210,26,6866,301.729
20230520000003.pol,1915,212,26,6868,301.816
20230520000003.pol,1916,216,26,6872,301.992
20230520000003.pol,1917,220,26,6876,302.168
20230520000003.pol,1918,224,26,6880,302.344
20230520000003.pol,1919,228,26,6884,302.520
20230520000003.pol,1920,232,26,6888,302.695
20230520000003.pol,1921,236,26,6892,302.871
20230520000003.pol,1922,238,26,6894,302.959
20230520000003.pol,1923,242,26,6898,303.135
20230520000003.pol,1924,246,26,6902,303.311
20230520000003.pol,1925,250,26,6906,303.486
20230520000003.pol,1926,252,26,6908,303.574
20230520000003.pol,1927,0,27,6912,303.750
20230520000003.pol,1928,4,27,6916,303.926
20230520000003.pol,1929,8,27,6920,304.102
20230520000003.pol,1930,10,27,6922,304.189
20230520000003.pol,1931,14,27,6926,304.365
20230520000003.pol,1932,18,27,6930,304.541
20230520000003.pol,1933,22,27,6934,304.717
20230520000003.pol,1934,26,27,6938,304.893
20230520000003.pol,1935,30,27,6942,305.068
20230520000003.pol,1936,34,27,6946,305.244
20230520000003.pol,1937,38,27,6950,305.420
20230520000003.pol,1938,40,27,6952,305.508
20230520000003.pol,1939,44,27,6956,305.684
20230520000003.pol,1940,46,27,6958,305.771
20230520000003.pol,1941,50,27,6962,305.947
20230520000003.pol,1942,54,27,6966,306.123
20230520000003.pol,1943,58,27,6970,306.299
20230520000003.pol,1944,62,27,6974,306.475
20230520000003.pol,1945,66,27,6978,306.650
20230520000003.pol,1946,68,27,6980,306.738
20230520000003.pol,1947,72,27,6984,306.914
20230520000003.pol,1948,74,27,6986,307.002
20230520000003.pol,1949,78,27,6990,307.178
20230520000003.pol,1950,82,27,6994,307.354
20230520000003.pol,1951,86,27,6998,307.529
20230520000003.pol,1952,88,27,7000,307.617
20230520000003.pol,1953,92,27,7004,307.793
20230520000003.pol,1954,94,27,7006,307.881
20230520000003.pol,1955,98,27,7010,308.057
20230520000003.pol,1956,102,27,7014,308.232
20230520000003.pol,1957,106,27,7018,308.408
20230520000003.pol,1958,110,27,7022,308.584
20230520000003.pol,1959,114,27,7026,308.760
20230520000003.pol,1960,118,27,7030,308.936
20230520000003.pol,1961,122,27,7034,309.111
20230520000003.pol,1962,126,27,7038,309.287
20230520000003.pol,1963,130,27,7042,309.463
20230520000003.pol,1964,132,27,7044,309.551
20230520000003.pol,1965,136,27,7048,309.727
20230520000003.pol,1966,138,27,7050,309.814
20230520000003.pol,1967,142,27,7054,309.990
20230520000003.pol,1968,146,27,7058,310.166
20230520000003.pol,1969,150,27,7062,310.342
20230520000003.pol,1970,152,27,7064,310.430
20230520000003.pol,1971,156,27,7068,310.605
20230520000003.pol,1972,160,27,7072,310.781
20230520000003.pol,1973,164,27,7076,310.957
20230520000003.pol,1974,166,27,7078,311.045
20230520000003.pol,1975,170,27,7082,311.221
20230520000003.pol,1976,174,27,7086,311.396
20230520000003.pol,1977,178,27,7090,311.572
20230520000003.pol,1978,182,27,7094,311.748
20230520000003.pol,1979,186,27,7098,311.924
20230520000003.pol,1980,190,27,7102,312.100
20230520000003.pol,1981,194,27,7106,312.275
20230520000003.pol,1982,198,27,7110,312.451
20230520000003.pol,1983,202,27,7114,312.627
20230520000003.pol,1984,206,27,7118,312.803
20230520000003.pol,1985,208,27,7120,312.891
20230520000003.pol,1986,212,27,7124,313.066
20230520000003.pol,1987,214,27,7126,313.154
20230520000003.pol,1988,218,27,7130,313.330
20230520000003.pol,1989,220,27,7132,313.418
20230520000003.pol,1990,224,27,7136,313.594
20230520000003.pol,1991,226,27,7138,313.682
20230520000003.pol,1992,230,27,7142,313.857
20230520000003.pol,1993,234,27,7146,314.033
20230520000003.pol,1994,238,27,7150,314.209
20230520000003.pol,1995,240,27,7152,314.297
20230520000003.pol,1996,244,27,7156,314.473
20230520000003.pol,1997,248,27,7160,314.648
20230520000003.pol,1998,252,27,7164,314.824
20230520000003.pol,1999,0,28,7168,315.000
20230520000003.pol,2000,4,28,7172,315.176
20230520000003.pol,2001,6,28,7174,315.264
20230520000003.pol,2002,10,28,7178,315.439
20230520000003.pol,2003,14,28,7182,315.615
20230520000003.pol,2004,18,28,7186,315.791
20230520000003.pol,2005,20,28,7188,315.879
20230520000003.pol,2006,24,28,7192,316.055
20230520000003.pol,2007,28,28,7196,316.230
20230520000003.pol,2008,30,28,7198,316.318
20230520000003.pol,2009,34,28,7202,316.494
20230520000003.pol,2010,36,28,7204,316.582
20230520000003.pol,2011,40,28,7208,316.758
20230520000003.pol,2012,44,28,7212,316.934
20230520000003.pol,2013,48,28,7216,317.109
20230520000003.pol,2014,52,28,7220,317.285
20230520000003.pol,2015,56,28,7224,317.461
20230520000003.pol,2016,60,28,7228,317.637
20230520000003.pol,2017,64,28,7232,317.812
20230520000003.pol,2018,68,28,7236,317.988
20230520000003.pol,2019,72,28,7240,318.164
20230520000003.pol,2020,74,28,7242,318.252
20230520000003.pol,2021,78,28,7246,318.428
20230520000003.pol,2022,82,28,7250,318.604
20230520000003.pol,2023,86,28,7254,318.779
20230520000003.pol,2024,90,28,7258,318.955
20230520000003.pol,2025,94,28,7262,319.131
20230520000003.pol,2026,98,28,7266,319.307
20230520000003.pol,2027,102,28,7270,319.482
20230520000003.pol,2028,106,28,7274,319.658
20230520000003.pol,2029,110,28,7278,319.834
20230520000003.pol,2030,114,28,7282,320.010
20230520000003.pol,2031,118,28,7286,320.186
20230520000003.pol,2032,122,28,7290,320.361
20230520000003.pol,2033,124,28,7292,320.449
20230520000003.pol,2034,128,28,7296,320.625
20230520000003.pol,2035,130,28,7298,320.713
20230520000003.pol,2036,134,28,7302,320.889
20230520000003.pol,2037,138,28,7306,321.064
20230520000003.pol,2038,142,28,7310,321.240
20230520000003.pol,2039,144,28,7312,321.328
20230520000003.pol,2040,148,28,7316,321.504
20230520000003.pol,2041,150,28,7318,321.592
20230520000003.pol,2042,154,28,7322,321.768
20230520000003.pol,2043,156,28,7324,321.855
20230520000003.pol,2044,160,28,7328,322.031
20230520000003.pol,2045,164,28,7332,322.207
20230520000003.pol,2046,168,28,7336,322.383
20230520000003.pol,2047,172,28,7340,322.559
20230520000003.pol,2048,176,28,7344,322.734
20230520000003.pol,2049,178,28,7346,322.822
20230520000003.pol,2050,182,28,7350,322.998
20230520000003.pol,2051,184,28,7352,323.086
20230520000003.pol,2052,188,28,7356,323.262
20230520000003.pol,2053,190,28,7358,323.350
20230520000003.pol,2054,194,28,7362,323.525
20230520000003.pol,2055,198,28,7366,323.701
20230520000003.pol,2056,202,28,7370,323.877
20230520000003.pol,2057,206,28,7374,324.053
20230520000003.pol,2058,210,28,7378,324.229
20230520000003.pol,2059,214,28,7382,324.404
20230520000003.pol,2060,218,28,7386,324.580
20230520000003.pol,2061,222,28,7390,324.756
20230520000003.pol,2062,224,28,7392,324.844
20230520000003.pol,2063,228,28,7396,325.020
20230520000003.pol,2064,230,28,7398,325.107
20230520000003.pol,2065,234,28,7402,325.283
20230520000003.pol,2066,238,28,7406,325.459
20230520000003.pol,2067,240,28,7408,325.547
20230520000003.pol,2068,244,28,7412,325.723
20230520000003.pol,2069,248,28,7416,325.898
20230520000003.pol,2070,252,28,7420,326.074
20230520000003.pol,2071,254,28,7422,326.162
20230520000003.pol,2072,2,29,7426,326.338
20230520000003.pol,2073,4,29,7428,326.426
20230520000003.pol,2074,8,29,7432,326.602
20230520000003.pol,2075,12,29,7436,326.777
20230520000003.pol,2076,16,29,7440,326.953
20230520000003.pol,2077,18,29,7442,327.041
20230520000003.pol,2078,22,29,7446,327.217
20230520000003.pol,2079,26,29,7450,327.393
20230520000003.pol,2080,28,29,7452,327.480
20230520000003.pol,2081,32,29,7456,327.656
20230520000003.pol,2082,36,29,7460,327.832
20230520000003.pol,2083,40,29,7464,328.008
20230520000003.pol,2084,44,29,7468,328.184
20230520000003.pol,2085,48,29,7472,328.359
20230520000003.pol,2086,52,29,7476,328.535
20230520000003.pol,2087,54,29,7478,328.623
20230520000003.pol,2088,58,29,7482,328.799
20230520000003.pol,2089,62,29,7486,328.975
20230520000003.pol,2090,64,29,7488,329.062
20230520000003.pol,2091,68,29,7492,329.238
20230520000003.pol,2092,72,29,7496,329.414
20230520000003.pol,2093,76,29,7500,329.590
20230520000003.pol,2094,78,29,7502,329.678
20230520000003.pol,2095,82,29,7506,329.854
20230520000003.pol,2096,86,29,7510,330.029
20230520000003.pol,2097,90,29,7514,330.205
20230520000003.pol,2098,94,29,7518,330.381
20230520000003.pol,2099,98,29,7522,330.557
20230520000003.pol,2100,102,29,7526,330.732
20230520000003.pol,2101,106,29,7530,330.908
20230520000003.pol,2102,110,29,7534,331.084
20230520000003.pol,2103,114,29,7538,331.260
20230520000003.pol,2104,118,29,7542,331.436
20230520000003.pol,2105,122,29,7546,331.611
20230520000003.pol,2106,126,29,7550,331.787
20230520000003.pol,2107,130,29,7554,331.963
20230520000003.pol,2108,134,29,7558,332.139
20230520000003.pol,2109,136,29,7560,332.227
20230520000003.pol,2110,140,29,7564,332.402
20230520000003.pol,2111,142,29,7566,332.490
20230520000003.pol,2112,146,29,7570,332.666
20230520000003.pol,2113,150,29,7574,332.842
20230520000003.pol,2114,154,29,7578,333.018
20230520000003.pol,2115,156,29,7580,333.105
20230520000003.pol,2116,160,29,7584,333.281
20230520000003.pol,2117,164,29,7588,333.457
20230520000003.pol,2118,168,29,7592,333.633
20230520000003.pol,2119,170,29,7594,333.721
20230520000003.pol,2120,174,29,7598,333.896
20230520000003.pol,2121,176,29,7600,333.984
20230520000003.pol,2122,180,29,7604,334.160
20230520000003.pol,2123,184,29,7608,334.336
20230520000003.pol,2124,188,29,7612,334.512
20230520000003.pol,2125,192,29,7616,334.688
20230520000003.pol,2126,196,29,7620,334.863
20230520000003.pol,2127,200,29,7624,335.039
20230520000003.pol,2128,204,29,7628,335.215
20230520000003.pol,2129,208,29,7632,335.391
20230520000003.pol,2130,212,29,7636,335.566
20230520000003.pol,2131,214,29,7638,335.654
20230520000003.pol,2132,218,29,7642,335.830
20230520000003.pol,2133,222,29,7646,336.006
20230520000003.pol,2134,226,29,7650,336.182
20230520000003.pol,2135,230,29,7654,336.357
20230520000003.pol,2136,234,29,7658,336.533
20230520000003.pol,2137,238,29,7662,336.709
20230520000003.pol,2138,242,29,7666,336.885
20230520000003.pol,2139,246,29,7670,337.061
20230520000003.pol,2140,248,29,7672,337.148
20230520000003.pol,2141,252,29,7676,337.324
20230520000003.pol,2142,0,30,7680,337.500
20230520000003.pol,2143,4,30,7684,337.676
20230520000003.pol,2144,8,30,7688,337.852
20230520000003.pol,2145,10,30,7690,337.939
20230520000003.pol,2146,14,30,7694,338.115
20230520000003.pol,2147,16,30,7696,338.203
20230520000003.pol,2148,20,30,7700,338.379
20230520000003.pol,2149,24,30,7704,338.555
20230520000003.pol,2150,28,30,7708,338.730
20230520000003.pol,2151,32,30,7712,338.906
20230520000003.pol,2152,36,30,7716,339.082
20230520000003.pol,2153,40,30,7720,339.258
20230520000003.pol,2154,44,30,7724,339.434
20230520000003.pol,2155,46,30,7726,339.521
20230520000003.pol,2156,50,30,7730,339.697
20230520000003.pol,2157,54,30,7734,339.873
20230520000003.pol,2158,58,30,7738,340.049
20230520000003.pol,2159,60,30,7740,340.137
20230520000003.pol,2160,64,30,7744,340.312
20230520000003.pol,2161,68,30,7748,340.488
20230520000003.pol,2162,70,30,7750,340.576
20230520000003.pol,2163,74,30,7754,340.752
20230520000003.pol,2164,78,30,7758,340.928
20230520000003.pol,2165,82,30,7762,341.104
20230520000003.pol,2166,84,30,7764,341.191
20230520000003.pol,2167,88,30,7768,341.367
20230520000003.pol,2168,90,30,7770,341.455
20230520000003.pol,2169,94,30,7774,341.631
20230520000003.pol,2170,96,30,7776,341.719
20230520000003.pol,2171,100,30,7780,341.895
20230520000003.pol,2172,102,30,7782,341.982
20230520000003.pol,2173,106,30,7786,342.158
20230520000003.pol,2174,110,30,7790,342.334
20230520000003.pol,2175,114,30,7794,342.510
20230520000003.pol,2176,118,30,7798,342.686
20230520000003.pol,2177,122,30,7802,342.861
20230520000003.pol,2178,126,30,7806,343.037
20230520000003.pol,2179,130,30,7810,343.213
20230520000003.pol,2180,134,30,7814,343.389
20230520000003.pol,2181,138,30,7818,343.564
20230520000003.pol,2182,142,30,7822,343.740
20230520000003.pol,2183,144,30,7824,343.828
20230520000003.pol,2184,148,30,7828,344.004
20230520000003.pol,2185,152,30,7832,344.180
20230520000003.pol,2186,156,30,7836,344.355
20230520000003.pol,2187,158,30,7838,344.443
20230520000003.pol,2188,162,30,7842,344.619
20230520000003.pol,2189,166,30,7846,344.795
20230520000003.pol,2190,170,30,7850,344.971
20230520000003.pol,2191,174,30,7854,345.146
20230520000003.pol,2192,178,30,7858,345.322
20230520000003.pol,2193,180,30,7860,345.410
20230520000003.pol,2194,184,30,7864,345.586
20230520000003.pol,2195,188,30,7868,345.762
20230520000003.pol,2196,190,30,7870,345.850
20230520000003.pol,2197,194,30,7874,346.025
20230520000003.pol,2198,196,30,7876,346.113
20230520000003.pol,2199,200,30,7880,346.289
20230520000003.pol,2200,204,30,7884,346.465
20230520000003.pol,2201,208,30,7888,346.641
20230520000003.pol,2202,210,30,7890,346.729
20230520000003.pol,2203,214,30,7894,346.904
20230520000003.pol,2204,218,30,7898,347.080
20230520000003.pol,2205,220,30,7900,347.168
20230520000003.pol,2206,224,30,7904,347.344
20230520000003.pol,2207,228,30,7908,347.520
20230520000003.pol,2208,232,30,7912,347.695
20230520000003.pol,2209,236,30,7916,347.871
20230520000003.pol,2210,240,30,7920,348.047
20230520000003.pol,2211,244,30,7924,348.223
20230520000003.pol,2212,248,30,7928,348.398
20230520000003.pol,2213,252,30,7932,348.574
20230520000003.pol,2214,0,31,7936,348.750
20230520000003.pol,2215,2,31,7938,348.838
20230520000003.pol,2216,6,31,7942,349.014
20230520000003.pol,2217,10,31,7946,349.189
20230520000003.pol,2218,14,31,7950,349.365
20230520000003.pol,2219,18,31,7954,349.541
20230520000003.pol,2220,22,31,7958,349.717
20230520000003.pol,2221,26,31,7962,349.893
20230520000003.pol,2222,30,31,7966,350.068
20230520000003.pol,2223,32,31,7968,350.156
20230520000003.pol,2224,36,31,7972,350.332
20230520000003.pol,2225,38,31,7974,350.420
20230520000003.pol,2226,42,31,7978,350.596
20230520000003.pol,2227,46,31,7982,350.771
20230520000003.pol,2228,50,31,7986,350.947
20230520000003.pol,2229,52,31,7988,351.035
20230520000003.pol,2230,56,31,7992,351.211
20230520000003.pol,2231,60,31,7996,351.387
20230520000003.pol,2232,64,31,8000,351.562
20230520000003.pol,2233,68,31,8004,351.738
20230520000003.pol,2234,72,31,8008,351.914
20230520000003.pol,2235,76,31,8012,352.090
20230520000003.pol,2236,78,31,8014,352.178
20230520000003.pol,2237,82,31,8018,352.354
20230520000003.pol,2238,84,31,8020,352.441
20230520000003.pol,2239,88,31,8024,352.617
20230520000003.pol,2240,92,31,8028,352.793
20230520000003.pol,2241,96,31,8032,352.969
20230520000003.pol,2242,100,31,8036,353.145
20230520000003.pol,2243,102,31,8038,353.232
20230520000003.pol,2244,106,31,8042,353.408
20230520000003.pol,2245,110,31,8046,353.584
20230520000003.pol,2246,114,31,8050,353.760
20230520000003.pol,2247,118,31,8054,353.936
20230520000003.pol,2248,120,31,8056,354.023
20230520000003.pol,2249,124,31,8060,354.199
20230520000003.pol,2250,128,31,8064,354.375
20230520000003.pol,2251,132,31,8068,354.551
20230520000003.pol,2252,136,31,8072,354.727
20230520000003.pol,2253,140,31,8076,354.902
20230520000003.pol,2254,144,31,8080,355.078
20230520000003.pol,2255,146,31,8082,355.166
20230520000003.pol,2256,150,31,8086,355.342
20230520000003.pol,2257,154,31,8090,355.518
20230520000003.pol,2258,158,31,8094,355.693
20230520000003.pol,2259,160,31,8096,355.781
20230520000003.pol,2260,164,31,8100,355.957
20230520000003.pol,2261,166,31,8102,356.045
20230520000003.pol,2262,170,31,8106,356.221
20230520000003.pol,2263,174,31,8110,356.396
20230520000003.pol,2264,178,31,8114,356.572
20230520000003.pol,2265,182,31,8118,356.748
20230520000003.pol,2266,186,31,8122,356.924
20230520000003.pol,2267,190,31,8126,357.100
20230520000003.pol,2268,192,31,8128,357.188
20230520000003.pol,2269,196,31,8132,357.363
20230520000003.pol,2270,198,31,8134,357.451
20230520000003.pol,2271,202,31,8138,357.627
20230520000003.pol,2272,204,31,8140,357.715
20230520000003.pol,2273,208,31,8144,357.891
20230520000003.pol,2274,212,31,8148,358.066
20230520000003.pol,2275,216,31,8152,358.242
20230520000003.pol,2276,220,31,8156,358.418
20230520000003.pol,2277,224,31,8160,358.594
20230520000003.pol,2278,228,31,8164,358.770
20230520000003.pol,2279,230,31,8166,358.857
20230520000003.pol,2280,234,31,8170,359.033
20230520000003.pol,2281,238,31,8174,359.209
20230520000003.pol,2282,242,31,8178,359.385
20230520000003.pol,2283,246,31,8182,359.561
20230520000003.pol,2284,250,31,8186,359.736
20230520000003.pol,2285,254,31,8190,359.912
20230520000008.pol,0,0,0,0,0.000
20230520000008.pol,1,4,0,4,0.176
20230520000008.pol,2,6,0,6,0.264
20230520000008.pol,3,10,0,10,0.439
20230520000008.pol,4,12,0,12,0.527
20230520000008.pol,5,16,0,16,0.703
20230520000008.pol,6,20,0,20,0.879
20230520000008.pol,7,24,0,24,1.055
20230520000008.pol,8,28,0,28,1.230
20230520000008.pol,9,32,0,32,1.406
20230520000008.pol,10,36,0,36,1.582
20230520000008.pol,11,40,0,40,1.758
20230520000008.pol,12,42,0,42,1.846
20230520000008.pol,13,46,0,46,2.021
20230520000008.pol,14,50,0,50,2.197
20230520000008.pol,15,54,0,54,2.373
20230520000008.pol,16,56,0,56,2.461
20230520000008.pol,17,60,0,60,2.637
20230520000008.pol,18,64,0,64,2.812
20230520000008.pol,19,68,0,68,2.988
20230520000008.pol,20,70,0,70,3.076
20230520000008.pol,21,74,0,74,3.252
20230520000008.pol,22,78,0,78,3.428
20230520000008.pol,23,82,0,82,3.604
20230520000008.pol,24,86,0,86,3.779
20230520000008.pol,25,88,0,88,3.867
20230520000008.pol,26,92,0,92,4.043
20230520000008.pol,27,96,0,96,4.219
20230520000008.pol,28,100,0,100,4.395
20230520000008.pol,29,104,0,104,4.570
20230520000008.pol,30,108,0,108,4.746
20230520000008.pol,31,112,0,112,4.922
20230520000008.pol,32,114,0,114,5.010
20230520000008.pol,33,118,0,118,5.186
20230520000008.pol,34,122,0,122,5.361
20230520000008.pol,35,126,0,126,5.537
20230520000008.pol,36,130,0,130,5.713
20230520000008.pol,37,134,0,134,5.889
20230520000008.pol,38,138,0,138,6.064
20230520000008.pol,39,142,0,142,6.240
20230520000008.pol,40,146,0,146,6.416
20230520000008.pol,41,150,0,150,6.592
20230520000008.pol,42,152,0,152,6.680
20230520000008.pol,43,156,0,156,6.855
20230520000008.pol,44,158,0,158,6.943
20230520000008.pol,45,162,0,162,7.119
20230520000008.pol,46,164,0,164,7.207
20230520000008.pol,47,168,0,168,7.383
20230520000008.pol,48,172,0,172,7.559
20230520000008.pol,49,176,0,176,7.734
20230520000008.pol,50,180,0,180,7.910
20230520000008.pol,51,184,0,184,8.086
20230520000008.pol,52,188,0,188,8.262
20230520000008.pol,53,192,0,192,8.438
20230520000008.pol,54,196,0,196,8.613
20230520000008.pol,55,198,0,198,8.701
20230520000008.pol,56,202,0,202,8.877
20230520000008.pol,57,206,0,206,9.053
20230520000008.pol,58,210,0,210,9.229
20230520000008.pol,59,212,0,212,9.316
20230520000008.pol,60,216,0,216,9.492
20230520000008.pol,61,220,0,220,9.668
20230520000008.pol,62,222,0,222,9.756
20230520000008.pol,63,226,0,226,9.932
20230520000008.pol,64,230,0,230,10.107
20230520000008.pol,65,234,0,234,10.283
20230520000008.pol,66,238,0,238,10.459
20230520000008.pol,67,242,0,242,10.635
20230520000008.pol,68,246,0,246,10.811
20230520000008.pol,69,250,0,250,10.986
20230520000008.pol,70,254,0,254,11.162
20230520000008.pol,71,2,1,258,11.338
20230520000008.pol,72,6,1,262,11.514
20230520000008.pol,73,10,1,266,11.689
20230520000008.pol,74,12,1,268,11.777
20230520000008.pol,75,16,1,272,11.953
20230520000008.pol,76,18,1,274,12.041
20230520000008.pol,77,22,1,278,12.217
20230520000008.pol,78,26,1,282,12.393
20230520000008.pol,79,30,1,286,12.568
20230520000008.pol,80,34,1,290,12.744
20230520000008.pol,81,38,1,294,12.920
20230520000008.pol,82,40,1,296,13.008
20230520000008.pol,83,44,1,300,13.184
20230520000008.pol,84,48,1,304,13.359
20230520000008.pol,85,50,1,306,13.447
20230520000008.pol,86,54,1,310,13.623
20230520000008.pol,87,58,1,314,13.799
20230520000008.pol,88,62,1,318,13.975
20230520000008.pol,89,66,1,322,14.150
20230520000008.pol,90,70,1,326,14.326
20230520000008.pol,91,74,1,330,14.502
20230520000008.pol,92,78,1,334,14.678
20230520000008.pol,93,82,1,338,14.854
20230520000008.pol,94,84,1,340,14.941
20230520000008.pol,95,88,1,344,15.117
20230520000008.pol,96,92,1,348,15.293
20230520000008.pol,97,96,1,352,15.469
20230520000008.pol,98,98,1,354,15.557
20230520000008.pol,99,102,1,358,15.732
20230520000008.pol,100,104,1,360,15.820
20230520000008.pol,101,108,1,364,15.996
20230520000008.pol,102,110,1,366,16.084
20230520000008.pol,103,114,1,370,16.260
20230520000008.pol,104,116,1,372,16.348
20230520000008.pol,105,120,1,376,16.523
20230520000008.pol,106,124,1,380,16.699
20230520000008.pol,107,128,1,384,16.875
20230520000008.pol,108,132,1,388,17.051
20230520000008.pol,109,136,1,392,17.227
20230520000008.pol,110,138,1,394,17.314
20230520000008.pol,111,142,1,398,17.490
20230520000008.pol,112,146,1,402,17.666
20230520000008.pol,113,150,1,406,17.842
20230520000008.pol,114,154,1,410,18.018
20230520000008.pol,115,156,1,412,18.105
20230520000008.pol,116,160,1,416,18.281
20230520000008.pol,117,164,1,420,18.457
20230520000008.pol,118,168,1,424,18.633
20230520000008.pol,119,172,1,428,18.809
20230520000008.pol,120,176,1,432,18.984
20230520000008.pol,121,178,1,434,19.072
20230520000008.pol,122,182,1,438,19.248
20230520000008.pol,123,186,1,442,19.424
20230520000008.pol,124,188,1,444,19.512
20230520000008.pol,125,192,1,448,19.688
20230520000008.pol,126,196,1,452,19.863
20230520000008.pol,127,200,1,456,20.039
20230520000008.pol,128,204,1,460,20.215
20230520000008.pol,129,208,1,464,20.391
20230520000008.pol,130,212,1,468,20.566
20230520000008.pol,131,216,1,472,20.742
20230520000008.pol,132,220,1,476,20.918
20230520000008.pol,133,222,1,478,21.006
20230520000008.pol,134,226,1,482,21.182
20230520000008.pol,135,230,1,486,21.357
20230520000008.pol,136,234,1,490,21.533
20230520000008.pol,137,238,1,494,21.709
20230520000008.pol,138,240,1,496,21.797
20230520000008.pol,139,244,1,500,21.973
20230520000008.pol,140,248,1,504,22.148
20230520000008.pol,141,252,1,508,22.324
20230520000008.pol,142,0,2,512,22.500
20230520000008.pol,143,4,2,516,22.676
20230520000008.pol,144,6,2,518,22.764
20230520000008.pol,145,10,2,522,22.939
20230520000008.pol,146,14,2,526,23.115
20230520000008.pol,147,18,2,530,23.291
20230520000008.pol,148,22,2,534,23.467
20230520000008.pol,149,24,2,536,23.555
20230520000008.pol,150,28,2,540,23.730
20230520000008.pol,151,30,2,542,23.818
20230520000008.pol,152,34,2,546,23.994
20230520000008.pol,153,38,2,550,24.170
20230520000008.pol,154,42,2,554,24.346
20230520000008.pol,155,46,2,558,24.521
20230520000008.pol,156,50,2,562,24.697
20230520000008.pol,157,54,2,566,24.873
20230520000008.pol,158,58,2,570,25.049
20230520000008.pol,159,60,2,572,25.137
20230520000008.pol,160,64,2,576,25.312
20230520000008.pol,161,68,2,580,25.488
20230520000008.pol,162,70,2,582,25.576
20230520000008.pol,163,74,2,586,25.752
20230520000008.pol,164,78,2,590,25.928
20230520000008.pol,165,82,2,594,26.104
20230520000008.pol,166,86,2,598,26.279
20230520000008.pol,167,90,2,602,26.455
20230520000008.pol,168,92,2,604,26.543
20230520000008.pol,169,96,2,608,26.719
20230520000008.pol,170,100,2,612,26.895
20230520000008.pol,171,102,2,614,26.982
20230520000008.pol,172,106,2,618,27.158
20230520000008.pol,173,110,2,622,27.334
20230520000008.pol,174,114,2,626,27.510
20230520000008.pol,175,118,2,630,27.686
20230520000008.pol,176,122,2,634,27.861
20230520000008.pol,177,126,2,638,28.037
20230520000008.pol,178,128,2,640,28.125
20230520000008.pol,179,132,2,644,28.301
20230520000008.pol,180,136,2,648,28.477
20230520000008.pol,181,140,2,652,28.652
20230520000008.pol,182,144,2,656,28.828
20230520000008.pol,183,148,2,660,29.004
20230520000008.pol,184,152,2,664,29.180
20230520000008.pol,185,154,2,666,29.268
20230520000008.pol,186,158,2,670,29.443
20230520000008.pol,187,162,2,674,29.619
20230520000008.pol,188,166,2,678,29.795
20230520000008.pol,189,168,2,680,29.883
20230520000008.pol,190,172,2,684,30.059
20230520000008.pol,191,176,2,688,30.234
20230520000008.pol,192,180,2,692,30.410
20230520000008.pol,193,182,2,694,30.498
20230520000008.pol,194,186,2,698,30.674
20230520000008.pol,195,188,2,700,30.762
20230520000008.pol,196,192,2,704,30.938
20230520000008.pol,197,196,2,708,31.113
20230520000008.pol,198,198,2,710,31.201
20230520000008.pol,199,202,2,714,31.377
20230520000008.pol,200,206,2,718,31.553
20230520000008.pol,201,210,2,722,31.729
20230520000008.pol,202,214,2,726,31.904
20230520000008.pol,203,218,2,730,32.080
20230520000008.pol,204,222,2,734,32.256
20230520000008.pol,205,226,2,738,32.432
20230520000008.pol,206,228,2,740,32.520
20230520000008.pol,207,232,2,744,32.695
20230520000008.pol,208,236,2,748,32.871
20230520000008.pol,209,240,2,752,33.047
20230520000008.pol,210,244,2,756,33.223
20230520000008.pol,211,248,2,760,33.398
20230520000008.pol,212,252,2,764,33.574
20230520000008.pol,213,254,2,766,33.662
20230520000008.pol,214,2,3,770,33.838
20230520000008.pol,215,6,3,774,34.014
20230520000008.pol,216,10,3,778,34.189
20230520000008.pol,217,14,3,782,34.365
20230520000008.pol,218,18,3,786,34.541
20230520000008.pol,219,22,3,790,34.717
20230520000008.pol,220,24,3,792,34.805
20230520000008.pol,221,28,3,796,34.980
20230520000008.pol,222,30,3,798,35.068
20230520000008.pol,223,34,3,802,35.244
20230520000008.pol,224,38,3,806,35.420
20230520000008.pol,225,40,3,808,35.508
20230520000008.pol,226,44,3,812,35.684
20230520000008.pol,227,48,3,816,35.859
20230520000008.pol,228,52,3,820,36.035
20230520000008.pol,229,56,3,824,36.211
20230520000008.pol,230,60,3,828,36.387
20230520000008.pol,231,62,3,830,36.475
20230520000008.pol,232,66,3,834,36.650
20230520000008.pol,233,68,3,836,36.738
20230520000008.pol,234,72,3,840,36.914
20230520000008.pol,235,76,3,844,37.090
20230520000008.pol,236,80,3,848,37.266
20230520000008.pol,237,84,3,852,37.441
20230520000008.pol,238,86,3,854,37.529
20230520000008.pol,239,90,3,858,37.705
20230520000008.pol,240,94,3,862,37.881
20230520000008.pol,241,98,3,866,38.057
20230520000008.pol,242,102,3,870,38.232
20230520000008.pol,243,106,3,874,38.408
20230520000008.pol,244,110,3,878,38.584
20230520000008.pol,245,112,3,880,38.672
20230520000008.pol,246,116,3,884,38.848
20230520000008.pol,247,118,3,886,38.936
20230520000008.pol,248,122,3,890,39.111
20230520000008.pol,249,126,3,894,39.287
20230520000008.pol,250,130,3,898,39.463
20230520000008.pol,251,134,3,902,39.639
20230520000008.pol,252,138,3,906,39.814
20230520000008.pol,253,142,3,910,39.990
20230520000008.pol,254,146,3,914,40.166
20230520000008.pol,255,150,3,918,40.342
20230520000008.pol,256,154,3,922,40.518
20230520000008.pol,257,158,3,926,40.693
20230520000008.pol,258,162,3,930,40.869
20230520000008.pol,259,164,3,932,40.957
20230520000008.pol,260,168,3,936,41.133
20230520000008.pol,261,170,3,938,41.221
20230520000008.pol,262,174,3,942,41.396
20230520000008.pol,263,178,3,946,41.572
20230520000008.pol,264,182,3,950,41.748
20230520000008.pol,265,186,3,954,41.924
20230520000008.pol,266,190,3,958,42.100
20230520000008.pol,267,192,3,960,42.188
20230520000008.pol,268,196,3,964,42.363
20230520000008.pol,269,200,3,968,42.539
20230520000008.pol,270,202,3,970,42.627
20230520000008.pol,271,206,3,974,42.803
20230520000008.pol,272,208,3,976,42.891
20230520000008.pol,273,212,3,980,43.066
20230520000008.pol,274,216,3,984,43.242
20230520000008.pol,275,220,3,988,43.418
20230520000008.pol,276,222,3,990,43.506
20230520000008.pol,277,226,3,994,43.682
20230520000008.pol,278,230,3,998,43.857
20230520000008.pol,279,232,3,1000,43.945
20230520000008.pol,280,236,3,1004,44.121
20230520000008.pol,281,240,3,1008,44.297
20230520000008.pol,282,244,3,1012,44.473
20230520000008.pol,283,248,3,1016,44.648
20230520000008.pol,284,252,3,1020,44.824
20230520000008.pol,285,0,4,1024,45.000
20230520000008.pol,286,4,4,1028,45.176
20230520000008.pol,287,8,4,1032,45.352
20230520000008.pol,288,10,4,1034,45.439
20230520000008.pol,289,14,4,1038,45.615
20230520000008.pol,290,18,4,1042,45.791
20230520000008.pol,291,20,4,1044,45.879
20230520000008.pol,292,24,4,1048,46.055
20230520000008.pol,293,26,4,1050,46.143
20230520000008.pol,294,30,4,1054,46.318
20230520000008.pol,295,34,4,1058,46.494
20230520000008.pol,296,38,4,1062,46.670
20230520000008.pol,297,40,4,1064,46.758
20230520000008.pol,298,44,4,1068,46.934
20230520000008.pol,299,48,4,1072,47.109
20230520000008.pol,300,50,4,1074,47.197
20230520000008.pol,301,54,4,1078,47.373
20230520000008.pol,302,56,4,1080,47.461
20230520000008.pol,303,60,4,1084,47.637
20230520000008.pol,304,62,4,1086,47.725
20230520000008.pol,305,66,4,1090,47.900
20230520000008.pol,306,70,4,1094,48.076
20230520000008.pol,307,74,4,1098,48.252
20230520000008.pol,308,78,4,1102,48.428
20230520000008.pol,309,82,4,1106,48.604
20230520000008.pol,310,86,4,1110,48.779
20230520000008.pol,311,90,4,1114,48.955
20230520000008.pol,312,94,4,1118,49.131
20230520000008.pol,313,96,4,1120,49.219
20230520000008.pol,314,100,4,1124,49.395
20230520000008.pol,315,104,4,1128,49.570
20230520000008.pol,316,108,4,1132,49.746
20230520000008.pol,317,110,4,1134,49.834
20230520000008.pol,318,114,4,1138,50.010
20230520000008.pol,319,118,4,1142,50.186
20230520000008.pol,320,120,4,1144,50.273
20230520000008.pol,321,124,4,1148,50.449
20230520000008.pol,322,126,4,1150,50.537
20230520000008.pol,323,130,4,1154,50.713
20230520000008.pol,324,134,4,1158,50.889
20230520000008.pol,325,138,4,1162,51.064
20230520000008.pol,326,142,4,1166,51.240
20230520000008.pol,327,146,4,1170,51.416
20230520000008.pol,328,148,4,1172,51.504
20230520000008.pol,329,152,4,1176,51.680
20230520000008.pol,330,156,4,1180,51.855
20230520000008.pol,331,160,4,1184,52.031
20230520000008.pol,332,164,4,1188,52.207
20230520000008.pol,333,166,4,1190,52.295
20230520000008.pol,334,170,4,1194,52.471
20230520000008.pol,335,172,4,1196,52.559
20230520000008.pol,336,176,4,1200,52.734
20230520000008.pol,337,180,4,1204,52.910
20230520000008.pol,338,184,4,1208,53.086
20230520000008.pol,339,188,4,1212,53.262
20230520000008.pol,340,192,4,1216,53.438
20230520000008.pol,341,194,4,1218,53.525
20230520000008.pol,342,198,4,1222,53.701
20230520000008.pol,343,202,4,1226,53.877
20230520000008.pol,344,204,4,1228,53.965
20230520000008.pol,345,208,4,1232,54.141
20230520000008.pol,346,212,4,1236,54.316
20230520000008.pol,347,216,4,1240,54.492
20230520000008.pol,348,220,4,1244,54.668
20230520000008.pol,349,224,4,1248,54.844
20230520000008.pol,350,228,4,1252,55.020
20230520000008.pol,351,232,4,1256,55.195
20230520000008.pol,352,236,4,1260,55.371
20230520000008.pol,353,238,4,1262,55.459
20230520000008.pol,354,242,4,1266,55.635
20230520000008.pol,355,246,4,1270,55.811
20230520000008.pol,356,250,4,1274,55.986
20230520000008.pol,357,252,4,1276,56.074
20230520000008.pol,358,0,5,1280,56.250
20230520000008.pol,359,2,5,1282,56.338
20230520000008.pol,360,6,5,1286,56.514
20230520000008.pol,361,10,5,1290,56.689
20230520000008.pol,362,14,5,1294,56.865
20230520000008.pol,363,18,5,1298,57.041
20230520000008.pol,364,22,5,1302,57.217
20230520000008.pol,365,26,5,1306,57.393
20230520000008.pol,366,30,5,1310,57.568
20230520000008.pol,367,34,5,1314,57.744
20230520000008.pol,368,36,5,1316,57.832
20230520000008.pol,369,40,5,1320,58.008
20230520000008.pol,370,44,5,1324,58.184
20230520000008.pol,371,46,5,1326,58.271
20230520000008.pol,372,50,5,1330,58.447
20230520000008.pol,373,54,5,1334,58.623
20230520000008.pol,374,58,5,1338,58.799
20230520000008.pol,375,62,5,1342,58.975
20230520000008.pol,376,66,5,1346,59.150
20230520000008.pol,377,70,5,1350,59.326
20230520000008.pol,378,74,5,1354,59.502
20230520000008.pol,379,76,5,1356,59.590
20230520000008.pol,380,80,5,1360,59.766
20230520000008.pol,381,84,5,1364,59.941
20230520000008.pol,382,88,5,1368,60.117
20230520000008.pol,383,92,5,1372,60.293
20230520000008.pol,384,94,5,1374,60.381
20230520000008.pol,385,98,5,1378,60.557
20230520000008.pol,386,102,5,1382,60.732
20230520000008.pol,387,104,5,1384,60.820
20230520000008.pol,388,108,5,1388,60.996
20230520000008.pol,389,112,5,1392,61.172
20230520000008.pol,390,116,5,1396,61.348
20230520000008.pol,391,120,5,1400,61.523
20230520000008.pol,392,122,5,1402,61.611
20230520000008.pol,393,126,5,1406,61.787
20230520000008.pol,394,130,5,1410,61.963
20230520000008.pol,395,134,5,1414,62.139
20230520000008.pol,396,138,5,1418,62.314
20230520000008.pol,397,142,5,1422,62.490
20230520000008.pol,398,146,5,1426,62.666
20230520000008.pol,399,148,5,1428,62.754
20230520000008.pol,400,152,5,1432,62.930
20230520000008.pol,401,154,5,1434,63.018
20230520000008.pol,402,158,5,1438,63.193
20230520000008.pol,403,162,5,1442,63.369
20230520000008.pol,404,166,5,1446,63.545
20230520000008.pol,405,170,5,1450,63.721
20230520000008.pol,406,174,5,1454,63.896
20230520000008.pol,407,178,5,1458,64.072
20230520000008.pol,408,182,5,1462,64.248
20230520000008.pol,409,184,5,1464,64.336
20230520000008.pol,410,188,5,1468,64.512
20230520000008.pol,411,192,5,1472,64.688
20230520000008.pol,412,196,5,1476,64.863
20230520000008.pol,413,200,5,1480,65.039
20230520000008.pol,414,204,5,1484,65.215
20230520000008.pol,415,206,5,1486,65.303
20230520000008.pol,416,210,5,1490,65.479
20230520000008.pol,417,214,5,1494,65.654
20230520000008.pol,418,218,5,1498,65.830
20230520000008.pol,419,220,5,1500,65.918
20230520000008.pol,420,224,5,1504,66.094
20230520000008.pol,421,228,5,1508,66.270
20230520000008.pol,422,230,5,1510,66.357
20230520000008.pol,423,234,5,1514,66.533
20230520000008.pol,424,238,5,1518,66.709
20230520000008.pol,425,242,5,1522,66.885
20230520000008.pol,426,244,5,1524,66.973
20230520000008.pol,427,248,5,1528,67.148
20230520000008.pol,428,252,5,1532,67.324
20230520000008.pol,429,0,6,1536,67.500
20230520000008.pol,430,4,6,1540,67.676
20230520000008.pol,431,6,6,1542,67.764
20230520000008.pol,432,10,6,1546,67.939
20230520000008.pol,433,14,6,1550,68.115
20230520000008.pol,434,18,6,1554,68.291
20230520000008.pol,435,22,6,1558,68.467
20230520000008.pol,436,26,6,1562,68.643
20230520000008.pol,437,30,6,1566,68.818
20230520000008.pol,438,34,6,1570,68.994
20230520000008.pol,439,38,6,1574,69.170
20230520000008.pol,440,42,6,1578,69.346
20230520000008.pol,441,46,6,1582,69.521
20230520000008.pol,442,50,6,1586,69.697
20230520000008.pol,443,54,6,1590,69.873
20230520000008.pol,444,58,6,1594,70.049
20230520000008.pol,445,62,6,1598,70.225
20230520000008.pol,446,66,6,1602,70.400
20230520000008.pol,447,70,6,1606,70.576
20230520000008.pol,448,72,6,1608,70.664
20230520000008.pol,449,76,6,1612,70.840
20230520000008.pol,450,78,6,1614,70.928
20230520000008.pol,451,82,6,1618,71.104
20230520000008.pol,452,86,6,1622,71.279
20230520000008.pol,453,90,6,1626,71.455
20230520000008.pol,454,94,6,1630,71.631
20230520000008.pol,455,98,6,1634,71.807
20230520000008.pol,456,102,6,1638,71.982
20230520000008.pol,457,104,6,1640,72.070
20230520000008.pol,458,108,6,1644,72.246
20230520000008.pol,459,112,6,1648,72.422
20230520000008.pol,460,116,6,1652,72.598
20230520000008.pol,461,120,6,1656,72.773
20230520000008.pol,462,122,6,1658,72.861
20230520000008.pol,463,126,6,1662,73.037
20230520000008.pol,464,130,6,1666,73.213
20230520000008.pol,465,132,6,1668,73.301
20230520000008.pol,466,136,6,1672,73.477
20230520000008.pol,467,140,6,1676,73.652
20230520000008.pol,468,144,6,1680,73.828
20230520000008.pol,469,148,6,1684,74.004
20230520000008.pol,470,152,6,1688,74.180
20230520000008.pol,471,156,6,1692,74.355
20230520000008.pol,472,160,6,1696,74.531
20230520000008.pol,473,164,6,1700,74.707
20230520000008.pol,474,168,6,1704,74.883
20230520000008.pol,475,172,6,1708,75.059
20230520000008.pol,476,176,6,1712,75.234
20230520000008.pol,477,178,6,1714,75.322
20230520000008.pol,478,182,6,1718,75.498
20230520000008.pol,479,184,6,1720,75.586
20230520000008.pol,480,188,6,1724,75.762
20230520000008.pol,481,192,6,1728,75.938
20230520000008.pol,482,196,6,1732,76.113
20230520000008.pol,483,200,6,1736,76.289
20230520000008.pol,484,202,6,1738,76.377
20230520000008.pol,485,206,6,1742,76.553
20230520000008.pol,486,208,6,1744,76.641
20230520000008.pol,487,212,6,1748,76.816
20230520000008.pol,488,216,6,1752,76.992
20230520000008.pol,489,220,6,1756,77.168
20230520000008.pol,490,222,6,1758,77.256
20230520000008.pol,491,226,6,1762,77.432
20230520000008.pol,492,230,6,1766,77.607
20230520000008.pol,493,234,6,1770,77.783
20230520000008.pol,494,236,6,1772,77.871
20230520000008.pol,495,240,6,1776,78.047
20230520000008.pol,496,244,6,1780,78.223
20230520000008.pol,497,248,6,1784,78.398
20230520000008.pol,498,252,6,1788,78.574
20230520000008.pol,499,0,7,1792,78.750
20230520000008.pol,500,4,7,1796,78.926
20230520000008.pol,501,8,7,1800,79.102
20230520000008.pol,502,12,7,1804,79.277
20230520000008.pol,503,16,7,1808,79.453
20230520000008.pol,504,20,7,1812,79.629
20230520000008.pol,505,22,7,1814,79.717
20230520000008.pol,506,26,7,1818,79.893
20230520000008.pol,507,28,7,1820,79.980
20230520000008.pol,508,32,7,1824,80.156
20230520000008.pol,509,34,7,1826,80.244
20230520000008.pol,510,38,7,1830,80.420
20230520000008.pol,511,40,7,1832,80.508
20230520000008.pol,512,44,7,1836,80.684
20230520000008.pol,513,48,7,1840,80.859
20230520000008.pol,514,52,7,1844,81.035
20230520000008.pol,515,54,7,1846,81.123
20230520000008.pol,516,58,7,1850,81.299
20230520000008.pol,517,62,7,1854,81.475
20230520000008.pol,518,66,7,1858,81.650
20230520000008.pol,519,70,7,1862,81.826
20230520000008.pol,520,74,7,1866,82.002
20230520000008.pol,521,76,7,1868,82.090
20230520000008.pol,522,80,7,1872,82.266
20230520000008.pol,523,84,7,1876,82.441
20230520000008.pol,524,88,7,1880,82.617
20230520000008.pol,525,90,7,1882,82.705
20230520000008.pol,526,94,7,1886,82.881
20230520000008.pol,527,98,7,1890,83.057
20230520000008.pol,528,102,7,1894,83.232
20230520000008.pol,529,106,7,1898,83.408
20230520000008.pol,530,110,7,1902,83.584
20230520000008.pol,531,114,7,1906,83.760
20230520000008.pol,532,118,7,1910,83.936
20230520000008.pol,533,122,7,1914,84.111
20230520000008.pol,534,126,7,1918,84.287
20230520000008.pol,535,130,7,1922,84.463
20230520000008.pol,536,134,7,1926,84.639
20230520000008.pol,537,136,7,1928,84.727
20230520000008.pol,538,140,7,1932,84.902
20230520000008.pol,539,142,7,1934,84.990
20230520000008.pol,540,146,7,1938,85.166
20230520000008.pol,541,148,7,1940,85.254
20230520000008.pol,542,152,7,1944,85.430
20230520000008.pol,543,156,7,1948,85.605
20230520000008.pol,544,158,7,1950,85.693
20230520000008.pol,545,162,7,1954,85.869
20230520000008.pol,546,166,7,1958,86.045
20230520000008.pol,547,170,7,1962,86.221
20230520000008.pol,548,172,7,1964,86.309
20230520000008.pol,549,176,7,1968,86.484
20230520000008.pol,550,178,7,1970,86.572
20230520000008.pol,551,182,7,1974,86.748
20230520000008.pol,552,186,7,1978,86.924
20230520000008.pol,553,190,7,1982,87.100
20230520000008.pol,554,192,7,1984,87.188
20230520000008.pol,555,196,7,1988,87.363
20230520000008.pol,556,200,7,1992,87.539
20230520000008.pol,557,204,7,1996,87.715
20230520000008.pol,558,206,7,1998,87.803
20230520000008.pol,559,210,7,2002,87.979
20230520000008.pol,560,214,7,2006,88.154
20230520000008.pol,561,218,7,2010,88.330
20230520000008.pol,562,222,7,2014,88.506
20230520000008.pol,563,226,7,2018,88.682
20230520000008.pol,564,230,7,2022,88.857
20230520000008.pol,565,234,7,2026,89.033
20230520000008.pol,566,238,7,2030,89.209
20230520000008.pol,567,240,7,2032,89.297
20230520000008.pol,568,244,7,2036,89.473
20230520000008.pol,569,248,7,2040,89.648
20230520000008.pol,570,252,7,2044,89.824
20230520000008.pol,571,0,8,2048,90.000
20230520000008.pol,572,4,8,2052,90.176
20230520000008.pol,573,8,8,2056,90.352
20230520000008.pol,574,12,8,2060,90.527
20230520000008.pol,575,16,8,2064,90.703
20230520000008.pol,576,20,8,2068,90.879
20230520000008.pol,577,24,8,2072,91.055
20230520000008.pol,578,26,8,2074,91.143
20230520000008.pol,579,30,8,2078,91.318
20230520000008.pol,580,34,8,2082,91.494
20230520000008.pol,581,38,8,2086,91.670
20230520000008.pol,582,42,8,2090,91.846
20230520000008.pol,583,46,8,2094,92.021
20230520000008.pol,584,50,8,2098,92.197
20230520000008.pol,585,54,8,2102,92.373
20230520000008.pol,586,56,8,2104,92.461
20230520000008.pol,587,60,8,2108,92.637
20230520000008.pol,588,64,8,2112,92.812
20230520000008.pol,589,68,8,2116,92.988
20230520000008.pol,590,72,8,2120,93.164
20230520000008.pol,591,76,8,2124,93.340
20230520000008.pol,592,80,8,2128,93.516
20230520000008.pol,593,82,8,2130,93.604
20230520000008.pol,594,86,8,2134,93.779
20230520000008.pol,595,90,8,2138,93.955
20230520000008.pol,596,94,8,2142,94.131
20230520000008.pol,597,98,8,2146,94.307
20230520000008.pol,598,102,8,2150,94.482
20230520000008.pol,599,106,8,2154,94.658
20230520000008.pol,600,110,8,2158,94.834
20230520000008.pol,601,112,8,2160,94.922
20230520000008.pol,602,116,8,2164,95.098
20230520000008.pol,603,120,8,2168,95.273
20230520000008.pol,604,122,8,2170,95.361
20230520000008.pol,605,126,8,2174,95.537
20230520000008.pol,606,130,8,2178,95.713
20230520000008.pol,607,134,8,2182,95.889
20230520000008.pol,608,138,8,2186,96.064
20230520000008.pol,609,142,8,2190,96.240
20230520000008.pol,610,146,8,2194,96.416
20230520000008.pol,611,148,8,2196,96.504
20230520000008.pol,612,152,8,2200,96.680
20230520000008.pol,613,154,8,2202,96.768
20230520000008.pol,614,158,8,2206,96.943
20230520000008.pol,615,162,8,2210,97.119
20230520000008.pol,616,164,8,2212,97.207
20230520000008.pol,617,168,8,2216,97.383
20230520000008.pol,618,172,8,2220,97.559
20230520000008.pol,619,174,8,2222,97.646
20230520000008.pol,620,178,8,2226,97.822
20230520000008.pol,621,180,8,2228,97.910
20230520000008.pol,622,184,8,2232,98.086
20230520000008.pol,623,188,8,2236,98.262
20230520000008.pol,624,192,8,2240,98.438
20230520000008.pol,625,196,8,2244,98.613
20230520000008.pol,626,200,8,2248,98.789
20230520000008.pol,627,204,8,2252,98.965
20230520000008.pol,628,208,8,2256,99.141
20230520000008.pol,629,212,8,2260,99.316
20230520000008.pol,630,214,8,2262,99.404
20230520000008.pol,631,218,8,2266,99.580
20230520000008.pol,632,220,8,2268,99.668
20230520000008.pol,633,224,8,2272,99.844
20230520000008.pol,634,226,8,2274,99.932
20230520000008.pol,635,230,8,2278,100.107
20230520000008.pol,636,232,8,2280,100.195
20230520000008.pol,637,236,8,2284,100.371
20230520000008.pol,638,238,8,2286,100.459
20230520000008.pol,639,242,8,2290,100.635
20230520000008.pol,640,246,8,2294,100.811
20230520000008.pol,641,250,8,2298,100.986
20230520000008.pol,642,252,8,2300,101.074
20230520000008.pol,643,0,9,2304,101.250
20230520000008.pol,644,4,9,2308,101.426
20230520000008.pol,645,8,9,2312,101.602
20230520000008.pol,646,10,9,2314,101.689
20230520000008.pol,647,14,9,2318,101.865
20230520000008.pol,648,18,9,2322,102.041
20230520000008.pol,649,22,9,2326,102.217
20230520000008.pol,650,26,9,2330,102.393
20230520000008.pol,651,30,9,2334,102.568
20230520000008.pol,652,32,9,2336,102.656
20230520000008.pol,653,36,9,2340,102.832
20230520000008.pol,654,38,9,2342,102.920
20230520000008.pol,655,42,9,2346,103.096
20230520000008.pol,656,46,9,2350,103.271
20230520000008.pol,657,50,9,2354,103.447
20230520000008.pol,658,54,9,2358,103.623
20230520000008.pol,659,56,9,2360,103.711
20230520000008.pol,660,60,9,2364,103.887
20230520000008.pol,661,64,9,2368,104.062
20230520000008.pol,662,66,9,2370,104.150
20230520000008.pol,663,70,9,2374,104.326
20230520000008.pol,664,74,9,2378,104.502
20230520000008.pol,665,78,9,2382,104.678
20230520000008.pol,666,82,9,2386,104.854
20230520000008.pol,667,84,9,2388,104.941
20230520000008.pol,668,88,9,2392,105.117
20230520000008.pol,669,92,9,2396,105.293
20230520000008.pol,670,94,9,2398,105.381
20230520000008.pol,671,98,9,2402,105.557
20230520000008.pol,672,102,9,2406,105.732
20230520000008.pol,673,106,9,2410,105.908
20230520000008.pol,674,108,9,2412,105.996
20230520000008.pol,675,112,9,2416,106.172
20230520000008.pol,676,116,9,2420,106.348
20230520000008.pol,677,120,9,2424,106.523
20230520000008.pol,678,124,9,2428,106.699
20230520000008.pol,679,128,9,2432,106.875
20230520000008.pol,680,132,9,2436,107.051
20230520000008.pol,681,136,9,2440,107.227
20230520000008.pol,682,138,9,2442,107.314
20230520000008.pol,683,142,9,2446,107.490
20230520000008.pol,684,146,9,2450,107.666
20230520000008.pol,685,150,9,2454,107.842
20230520000008.pol,686,154,9,2458,108.018
20230520000008.pol,687,158,9,2462,108.193
20230520000008.pol,688,162,9,2466,108.369
20230520000008.pol,689,166,9,2470,108.545
20230520000008.pol,690,170,9,2474,108.721
20230520000008.pol,691,174,9,2478,108.896
20230520000008.pol,692,176,9,2480,108.984
20230520000008.pol,693,180,9,2484,109.160
20230520000008.pol,694,184,9,2488,109.336
20230520000008.pol,695,186,9,2490,109.424
20230520000008.pol,696,190,9,2494,109.600
20230520000008.pol,697,194,9,2498,109.775
20230520000008.pol,698,196,9,2500,109.863
20230520000008.pol,699,200,9,2504,110.039
20230520000008.pol,700,204,9,2508,110.215
20230520000008.pol,701,208,9,2512,110.391
20230520000008.pol,702,210,9,2514,110.479
20230520000008.pol,703,214,9,2518,110.654
20230520000008.pol,704,216,9,2520,110.742
20230520000008.pol,705,220,9,2524,110.918
20230520000008.pol,706,222,9,2526,111.006
20230520000008.pol,707,226,9,2530,111.182
20230520000008.pol,708,230,9,2534,111.357
20230520000008.pol,709,234,9,2538,111.533
20230520000008.pol,710,236,9,2540,111.621
20230520000008.pol,711,240,9,2544,111.797
20230520000008.pol,712,242,9,2546,111.885
20230520000008.pol,713,246,9,2550,112.061
20230520000008.pol,714,250,9,2554,112.236
20230520000008.pol,715,252,9,2556,112.324
20230520000008.pol,716,0,10,2560,112.500
20230520000008.pol,717,2,10,2562,112.588
20230520000008.pol,718,6,10,2566,112.764
20230520000008.pol,719,8,10,2568,112.852
20230520000008.pol,720,12,10,2572,113.027
20230520000008.pol,721,16,10,2576,113.203
20230520000008.pol,722,20,10,2580,113.379
20230520000008.pol,723,24,10,2584,113.555
20230520000008.pol,724,26,10,2586,113.643
20230520000008.pol,725,30,10,2590,113.818
20230520000008.pol,726,34,10,2594,113.994
20230520000008.pol,727,38,10,2598,114.170
20230520000008.pol,728,42,10,2602,114.346
20230520000008.pol,729,46,10,2606,114.521
20230520000008.pol,730,50,10,2610,114.697
20230520000008.pol,731,52,10,2612,114.785
20230520000008.pol,732,56,10,2616,114.961
20230520000008.pol,733,58,10,2618,115.049
20230520000008.pol,734,62,10,2622,115.225
20230520000008.pol,735,64,10,2624,115.312
20230520000008.pol,736,68,10,2628,115.488
20230520000008.pol,737,72,10,2632,115.664
20230520000008.pol,738,76,10,2636,115.840
20230520000008.pol,739,80,10,2640,116.016
20230520000008.pol,740,84,10,2644,116.191
20230520000008.pol,741,86,10,2646,116.279
20230520000008.pol,742,90,10,2650,116.455
20230520000008.pol,743,94,10,2654,116.631
20230520000008.pol,744,98,10,2658,116.807
20230520000008.pol,745,102,10,2662,116.982
20230520000008.pol,746,106,10,2666,117.158
20230520000008.pol,747,110,10,2670,117.334
20230520000008.pol,748,114,10,2674,117.510
20230520000008.pol,749,118,10,2678,117.686
20230520000008.pol,750,122,10,2682,117.861
20230520000008.pol,751,124,10,2684,117.949
20230520000008.pol,752,128,10,2688,118.125
20230520000008.pol,753,130,10,2690,118.213
20230520000008.pol,754,134,10,2694,118.389
20230520000008.pol,755,136,10,2696,118.477
20230520000008.pol,756,140,10,2700,118.652
20230520000008.pol,757,142,10,2702,118.740
20230520000008.pol,758,146,10,2706,118.916
20230520000008.pol,759,148,10,2708,119.004
20230520000008.pol,760,152,10,2712,119.180
20230520000008.pol,761,156,10,2716,119.355
20230520000008.pol,762,160,10,2720,119.531
20230520000008.pol,763,164,10,2724,119.707
20230520000008.pol,764,166,10,2726,119.795
20230520000008.pol,765,170,10,2730,119.971
20230520000008.pol,766,174,10,2734,120.146
20230520000008.pol,767,178,10,2738,120.322
20230520000008.pol,768,182,10,2742,120.498
20230520000008.pol,769,186,10,2746,120.674
20230520000008.pol,770,188,10,2748,120.762
20230520000008.pol,771,192,10,2752,120.938
20230520000008.pol,772,196,10,2756,121.113
20230520000008.pol,773,198,10,2758,121.201
20230520000008.pol,774,202,10,2762,121.377
20230520000008.pol,775,206,10,2766,121.553
20230520000008.pol,776,208,10,2768,121.641
20230520000008.pol,777,212,10,2772,121.816
20230520000008.pol,778,216,10,2776,121.992
20230520000008.pol,779,220,10,2780,122.168
20230520000008.pol,780,222,10,2782,122.256
20230520000008.pol,781,226,10,2786,122.432
20230520000008.pol,782,230,10,2790,122.607
20230520000008.pol,783,234,10,2794,122.783
20230520000008.pol,784,236,10,2796,122.871
20230520000008.pol,785,240,10,2800,123.047
20230520000008.pol,786,244,10,2804,123.223
20230520000008.pol,787,248,10,2808,123.398
20230520000008.pol,788,252,10,2812,123.574
20230520000008.pol,789,0,11,2816,123.750
20230520000008.pol,790,4,11,2820,123.926
20230520000008.pol,791,8,11,2824,124.102
20230520000008.pol,792,12,11,2828,124.277
20230520000008.pol,793,16,11,2832,124.453
20230520000008.pol,794,20,11,2836,124.629
20230520000008.pol,795,22,11,2838,124.717
20230520000008.pol,796,26,11,2842,124.893
20230520000008.pol,797,30,11,2846,125.068
20230520000008.pol,798,34,11,2850,125.244
20230520000008.pol,799,38,11,2854,125.420
20230520000008.pol,800,42,11,2858,125.596
20230520000008.pol,801,46,11,2862,125.771
20230520000008.pol,802,50,11,2866,125.947
20230520000008.pol,803,54,11,2870,126.123
20230520000008.pol,804,58,11,2874,126.299
20230520000008.pol,805,62,11,2878,126.475
20230520000008.pol,806,66,11,2882,126.650
20230520000008.pol,807,68,11,2884,126.738
20230520000008.pol,808,72,11,2888,126.914
20230520000008.pol,809,76,11,2892,127.090
20230520000008.pol,810,80,11,2896,127.266
20230520000008.pol,811,82,11,2898,127.354
20230520000008.pol,812,86,11,2902,127.529
20230520000008.pol,813,88,11,2904,127.617
20230520000008.pol,814,92,11,2908,127.793
20230520000008.pol,815,96,11,2912,127.969
20230520000008.pol,816,100,11,2916,128.145
20230520000008.pol,817,104,11,2920,128.320
20230520000008.pol,818,108,11,2924,128.496
20230520000008.pol,819,110,11,2926,128.584
20230520000008.pol,820,114,11,2930,128.760
20230520000008.pol,821,118,11,2934,128.936
20230520000008.pol,822,122,11,2938,129.111
20230520000008.pol,823,124,11,2940,129.199
20230520000008.pol,824,128,11,2944,129.375
20230520000008.pol,825,130,11,2946,129.463
20230520000008.pol,826,134,11,2950,129.639
20230520000008.pol,827,138,11,2954,129.814
20230520000008.pol,828,142,11,2958,129.990
20230520000008.pol,829,144,11,2960,130.078
20230520000008.pol,830,148,11,2964,130.254
20230520000008.pol,831,150,11,2966,130.342
20230520000008.pol,832,154,11,2970,130.518
20230520000008.pol,833,158,11,2974,130.693
20230520000008.pol,834,162,11,2978,130.869
20230520000008.pol,835,166,11,2982,131.045
20230520000008.pol,836,168,11,2984,131.133
20230520000008.pol,837,172,11,2988,131.309
20230520000008.pol,838,176,11,2992,131.484
20230520000008.pol,839,180,11,2996,131.660
20230520000008.pol,840,184,11,3000,131.836
20230520000008.pol,841,188,11,3004,132.012
20230520000008.pol,842,190,11,3006,132.100
20230520000008.pol,843,194,11,3010,132.275
20230520000008.pol,844,196,11,3012,132.363
20230520000008.pol,845,200,11,3016,132.539
20230520000008.pol,846,204,11,3020,132.715
20230520000008.pol,847,206,11,3022,132.803
20230520000008.pol,848,210,11,3026,132.979
20230520000008.pol,849,214,11,3030,133.154
20230520000008.pol,850,218,11,3034,133.330
20230520000008.pol,851,220,11,3036,133.418
20230520000008.pol,852,224,11,3040,133.594
20230520000008.pol,853,226,11,3042,133.682
20230520000008.pol,854,230,11,3046,133.857
20230520000008.pol,855,234,11,3050,134.033
20230520000008.pol,856,238,11,3054,134.209
20230520000008.pol,857,240,11,3056,134.297
20230520000008.pol,858,244,11,3060,134.473
20230520000008.pol,859,248,11,3064,134.648
20230520000008.pol,860,252,11,3068,134.824
20230520000008.pol,861,0,12,3072,135.000
20230520000008.pol,862,4,12,3076,135.176
20230520000008.pol,863,6,12,3078,135.264
20230520000008.pol,864,10,12,3082,135.439
20230520000008.pol,865,14,12,3086,135.615
20230520000008.pol,866,18,12,3090,135.791
20230520000008.pol,867,20,12,3092,135.879
20230520000008.pol,868,24,12,3096,136.055
20230520000008.pol,869,28,12,3100,136.230
20230520000008.pol,870,32,12,3104,136.406
20230520000008.pol,871,36,12,3108,136.582
20230520000008.pol,872,38,12,3110,136.670
20230520000008.pol,873,42,12,3114,136.846
20230520000008.pol,874,44,12,3116,136.934
20230520000008.pol,875,48,12,3120,137.109
20230520000008.pol,876,52,12,3124,137.285
20230520000008.pol,877,56,12,3128,137.461
20230520000008.pol,878,60,12,3132,137.637
20230520000008.pol,879,64,12,3136,137.812
20230520000008.pol,880,68,12,3140,137.988
20230520000008.pol,881,70,12,3142,138.076
20230520000008.pol,882,74,12,3146,138.252
20230520000008.pol,883,76,12,3148,138.340
20230520000008.pol,884,80,12,3152,138.516
20230520000008.pol,885,84,12,3156,138.691
20230520000008.pol,886,86,12,3158,138.779
20230520000008.pol,887,90,12,3162,138.955
20230520000008.pol,888,94,12,3166,139.131
20230520000008.pol,889,96,12,3168,139.219
20230520000008.pol,890,100,12,3172,139.395
20230520000008.pol,891,104,12,3176,139.570
20230520000008.pol,892,108,12,3180,139.746
20230520000008.pol,893,110,12,3182,139.834
20230520000008.pol,894,114,12,3186,140.010
20230520000008.pol,895,116,12,3188,140.098
20230520000008.pol,896,120,12,3192,140.273
20230520000008.pol,897,124,12,3196,140.449
20230520000008.pol,898,128,12,3200,140.625
20230520000008.pol,899,132,12,3204,140.801
20230520000008.pol,900,136,12,3208,140.977
20230520000008.pol,901,140,12,3212,141.152
20230520000008.pol,902,144,12,3216,141.328
20230520000008.pol,903,148,12,3220,141.504
20230520000008.pol,904,150,12,3222,141.592
20230520000008.pol,905,154,12,3226,141.768
20230520000008.pol,906,158,12,3230,141.943
20230520000008.pol,907,162,12,3234,142.119
20230520000008.pol,908,164,12,3236,142.207
20230520000008.pol,909,168,12,3240,142.383
20230520000008.pol,910,170,12,3242,142.471
20230520000008.pol,911,174,12,3246,142.646
20230520000008.pol,912,178,12,3250,142.822
20230520000008.pol,913,182,12,3254,142.998
20230520000008.pol,914,186,12,3258,143.174
20230520000008.pol,915,190,12,3262,143.350
20230520000008.pol,916,192,12,3264,143.438
20230520000008.pol,917,196,12,3268,143.613
20230520000008.pol,918,200,12,3272,143.789
20230520000008.pol,919,204,12,3276,143.965
20230520000008.pol,920,208,12,3280,144.141
20230520000008.pol,921,212,12,3284,144.316
20230520000008.pol,922,214,12,3286,144.404
20230520000008.pol,923,218,12,3290,144.580
20230520000008.pol,924,222,12,3294,144.756
20230520000008.pol,925,226,12,3298,144.932
20230520000008.pol,926,230,12,3302,145.107
20230520000008.pol,927,232,12,3304,145.195
20230520000008.pol,928,236,12,3308,145.371
20230520000008.pol,929,238,12,3310,145.459
20230520000008.pol,930,242,12,3314,145.635
20230520000008.pol,931,246,12,3318,145.811
20230520000008.pol,932,250,12,3322,145.986
20230520000008.pol,933,254,12,3326,146.162
20230520000008.pol,934,2,13,3330,146.338
20230520000008.pol,935,6,13,3334,146.514
20230520000008.pol,936,10,13,3338,146.689
20230520000008.pol,937,12,13,3340,146.777
20230520000008.pol,938,16,13,3344,146.953
20230520000008.pol,939,20,13,3348,147.129
20230520000008.pol,940,22,13,3350,147.217
20230520000008.pol,941,26,13,3354,147.393
20230520000008.pol,942,30,13,3358,147.568
20230520000008.pol,943,34,13,3362,147.744
20230520000008.pol,944,38,13,3366,147.920
20230520000008.pol,945,42,13,3370,148.096
20230520000008.pol,946,46,13,3374,148.271
20230520000008.pol,947,48,13,3376,148.359
20230520000008.pol,948,52,13,3380,148.535
20230520000008.pol,949,54,13,3382,148.623
20230520000008.pol,950,58,13,3386,148.799
20230520000008.pol,951,62,13,3390,148.975
20230520000008.pol,952,64,13,3392,149.062
20230520000008.pol,953,68,13,3396,149.238
20230520000008.pol,954,72,13,3400,149.414
20230520000008.pol,955,74,13,3402,149.502
20230520000008.pol,956,78,13,3406,149.678
20230520000008.pol,957,80,13,3408,149.766
20230520000008.pol,958,84,13,3412,149.941
20230520000008.pol,959,88,13,3416,150.117
20230520000008.pol,960,92,13,3420,150.293
20230520000008.pol,961,96,13,3424,150.469
20230520000008.pol,962,100,13,3428,150.645
20230520000008.pol,963,104,13,3432,150.820
20230520000008.pol,964,106,13,3434,150.908
20230520000008.pol,965,110,13,3438,151.084
20230520000008.pol,966,114,13,3442,151.260
20230520000008.pol,967,118,13,3446,151.436
20230520000008.pol,968,122,13,3450,151.611
20230520000008.pol,969,126,13,3454,151.787
20230520000008.pol,970,128,13,3456,151.875
20230520000008.pol,971,132,13,3460,152.051
20230520000008.pol,972,136,13,3464,152.227
20230520000008.pol,973,140,13,3468,152.402
20230520000008.pol,974,144,13,3472,152.578
20230520000008.pol,975,148,13,3476,152.754
20230520000008.pol,976,152,13,3480,152.930
20230520000008.pol,977,156,13,3484,153.105
20230520000008.pol,978,158,13,3486,153.193
20230520000008.pol,979,162,13,3490,153.369
20230520000008.pol,980,166,13,3494,153.545
20230520000008.pol,981,170,13,3498,153.721
20230520000008.pol,982,174,13,3502,153.896
20230520000008.pol,983,176,13,3504,153.984
20230520000008.pol,984,180,13,3508,154.160
20230520000008.pol,985,184,13,3512,154.336
20230520000008.pol,986,188,13,3516,154.512
20230520000008.pol,987,192,13,3520,154.688
20230520000008.pol,988,196,13,3524,154.863
20230520000008.pol,989,200,13,3528,155.039
20230520000008.pol,990,204,13,3532,155.215
20230520000008.pol,991,208,13,3536,155.391
20230520000008.pol,992,212,13,3540,155.566
20230520000008.pol,993,214,13,3542,155.654
20230520000008.pol,994,218,13,3546,155.830
20230520000008.pol,995,222,13,3550,156.006
20230520000008.pol,996,226,13,3554,156.182
20230520000008.pol,997,230,13,3558,156.357
20230520000008.pol,998,232,13,3560,156.445
20230520000008.pol,999,236,13,3564,156.621
20230520000008.pol,1000,238,13,3566,156.709
20230520000008.pol,1001,242,13,3570,156.885
20230520000008.pol,1002,246,13,3574,157.061
20230520000008.pol,1003,248,13,3576,157.148
20230520000008.pol,1004,252,13,3580,157.324
20230520000008.pol,1005,0,14,3584,157.500
20230520000008.pol,1006,4,14,3588,157.676
20230520000008.pol,1007,8,14,3592,157.852
20230520000008.pol,1008,12,14,3596,158.027
20230520000008.pol,1009,16,14,3600,158.203
20230520000008.pol,1010,20,14,3604,158.379
20230520000008.pol,1011,24,14,3608,158.555
20230520000008.pol,1012,28,14,3612,158.730
20230520000008.pol,1013,32,14,3616,158.906
20230520000008.pol,1014,34,14,3618,158.994
20230520000008.pol,1015,38,14,3622,159.170
20230520000008.pol,1016,42,14,3626,159.346
20230520000008.pol,1017,46,14,3630,159.521
20230520000008.pol,1018,50,14,3634,159.697
20230520000008.pol,1019,54,14,3638,159.873
20230520000008.pol,1020,58,14,3642,160.049
20230520000008.pol,1021,62,14,3646,160.225
20230520000008.pol,1022,66,14,3650,160.400
20230520000008.pol,1023,70,14,3654,160.576
20230520000008.pol,1024,74,14,3658,160.752
20230520000008.pol,1025,78,14,3662,160.928
20230520000008.pol,1026,82,14,3666,161.104
20230520000008.pol,1027,86,14,3670,161.279
20230520000008.pol,1028,88,14,3672,161.367
20230520000008.pol,1029,92,14,3676,161.543
20230520000008.pol,1030,96,14,3680,161.719
20230520000008.pol,1031,100,14,3684,161.895
20230520000008.pol,1032,104,14,3688,162.070
20230520000008.pol,1033,108,14,3692,162.246
20230520000008.pol,1034,112,14,3696,162.422
20230520000008.pol,1035,116,14,3700,162.598
20230520000008.pol,1036,120,14,3704,162.773
20230520000008.pol,1037,124,14,3708,162.949
20230520000008.pol,1038,128,14,3712,163.125
20230520000008.pol,1039,130,14,3714,163.213
20230520000008.pol,1040,134,14,3718,163.389
20230520000008.pol,1041,138,14,3722,163.564
20230520000008.pol,1042,142,14,3726,163.740
20230520000008.pol,1043,144,14,3728,163.828
20230520000008.pol,1044,148,14,3732,164.004
20230520000008.pol,1045,152,14,3736,164.180
20230520000008.pol,1046,154,14,3738,164.268
20230520000008.pol,1047,158,14,3742,164.443
20230520000008.pol,1048,160,14,3744,164.531
20230520000008.pol,1049,164,14,3748,164.707
20230520000008.pol,1050,168,14,3752,164.883
20230520000008.pol,1051,170,14,3754,164.971
20230520000008.pol,1052,174,14,3758,165.146
20230520000008.pol,1053,178,14,3762,165.322
20230520000008.pol,1054,182,14,3766,165.498
20230520000008.pol,1055,186,14,3770,165.674
20230520000008.pol,1056,190,14,3774,165.850
20230520000008.pol,1057,194,14,3778,166.025
20230520000008.pol,1058,198,14,3782,166.201
20230520000008.pol,1059,200,14,3784,166.289
20230520000008.pol,1060,204,14,3788,166.465
20230520000008.pol,1061,208,14,3792,166.641
20230520000008.pol,1062,210,14,3794,166.729
20230520000008.pol,1063,214,14,3798,166.904
20230520000008.pol,1064,216,14,3800,166.992
20230520000008.pol,1065,220,14,3804,167.168
20230520000008.pol,1066,224,14,3808,167.344
20230520000008.pol,1067,228,14,3812,167.520
20230520000008.pol,1068,230,14,3814,167.607
20230520000008.pol,1069,234,14,3818,167.783
20230520000008.pol,1070,236,14,3820,167.871
20230520000008.pol,1071,240,14,3824,168.047
20230520000008.pol,1072,244,14,3828,168.223
20230520000008.pol,1073,246,14,3830,168.311
20230520000008.pol,1074,250,14,3834,168.486
20230520000008.pol,1075,254,14,3838,168.662
20230520000008.pol,1076,2,15,3842,168.838
20230520000008.pol,1077,6,15,3846,169.014
20230520000008.pol,1078,10,15,3850,169.189
20230520000008.pol,1079,14,15,3854,169.365
20230520000008.pol,1080,18,15,3858,169.541
20230520000008.pol,1081,22,15,3862,169.717
20230520000008.pol,1082,26,15,3866,169.893
20230520000008.pol,1083,30,15,3870,170.068
20230520000008.pol,1084,32,15,3872,170.156
20230520000008.pol,1085,36,15,3876,170.332
20230520000008.pol,1086,40,15,3880,170.508
20230520000008.pol,1087,44,15,3884,170.684
20230520000008.pol,1088,48,15,3888,170.859
20230520000008.pol,1089,50,15,3890,170.947
20230520000008.pol,1090,54,15,3894,171.123
20230520000008.pol,1091,58,15,3898,171.299
20230520000008.pol,1092,62,15,3902,171.475
20230520000008.pol,1093,66,15,3906,171.650
20230520000008.pol,1094,70,15,3910,171.826
20230520000008.pol,1095,74,15,3914,172.002
20230520000008.pol,1096,78,15,3918,172.178
20230520000008.pol,1097,82,15,3922,172.354
20230520000008.pol,1098,84,15,3924,172.441
20230520000008.pol,1099,88,15,3928,172.617
20230520000008.pol,1100,92,15,3932,172.793
20230520000008.pol,1101,96,15,3936,172.969
20230520000008.pol,1102,100,15,3940,173.145
20230520000008.pol,1103,104,15,3944,173.320
20230520000008.pol,1104,108,15,3948,173.496
20230520000008.pol,1105,112,15,3952,173.672
20230520000008.pol,1106,114,15,3954,173.760
20230520000008.pol,1107,118,15,3958,173.936
20230520000008.pol,1108,122,15,3962,174.111
20230520000008.pol,1109,126,15,3966,174.287
20230520000008.pol,1110,130,15,3970,174.463
20230520000008.pol,1111,132,15,3972,174.551
20230520000008.pol,1112,136,15,3976,174.727
20230520000008.pol,1113,140,15,3980,174.902
20230520000008.pol,1114,144,15,3984,175.078
20230520000008.pol,1115,146,15,3986,175.166
20230520000008.pol,1116,150,15,3990,175.342
20230520000008.pol,1117,154,15,3994,175.518
20230520000008.pol,1118,158,15,3998,175.693
20230520000008.pol,1119,162,15,4002,175.869
20230520000008.pol,1120,166,15,4006,176.045
20230520000008.pol,1121,168,15,4008,176.133
20230520000008.pol,1122,172,15,4012,176.309
20230520000008.pol,1123,176,15,4016,176.484
20230520000008.pol,1124,178,15,4018,176.572
20230520000008.pol,1125,182,15,4022,176.748
20230520000008.pol,1126,186,15,4026,176.924
20230520000008.pol,1127,190,15,4030,177.100
20230520000008.pol,1128,194,15,4034,177.275
20230520000008.pol,1129,198,15,4038,177.451
20230520000008.pol,1130,200,15,4040,177.539
20230520000008.pol,1131,204,15,4044,177.715
20230520000008.pol,1132,208,15,4048,177.891
20230520000008.pol,1133,212,15,4052,178.066
20230520000008.pol,1134,216,15,4056,178.242
20230520000008.pol,1135,220,15,4060,178.418
20230520000008.pol,1136,222,15,4062,178.506
20230520000008.pol,1137,226,15,4066,178.682
20230520000008.pol,1138,230,15,4070,178.857
20230520000008.pol,1139,232,15,4072,178.945
20230520000008.pol,1140,236,15,4076,179.121
20230520000008.pol,1141,238,15,4078,179.209
20230520000008.pol,1142,242,15,4082,179.385
20230520000008.pol,1143,246,15,4086,179.561
20230520000008.pol,1144,250,15,4090,179.736
20230520000008.pol,1145,254,15,4094,179.912
20230520000008.pol,1146,2,16,4098,180.088
20230520000008.pol,1147,6,16,4102,180.264
20230520000008.pol,1148,8,16,4104,180.352
20230520000008.pol,1149,12,16,4108,180.527
20230520000008.pol,1150,16,16,4112,180.703
20230520000008.pol,1151,18,16,4114,180.791
20230520000008.pol,1152,22,16,4118,180.967
20230520000008.pol,1153,24,16,4120,181.055
20230520000008.pol,1154,28,16,4124,181.230
20230520000008.pol,1155,30,16,4126,181.318
20230520000008.pol,1156,34,16,4130,181.494
20230520000008.pol,1157,38,16,4134,181.670
20230520000008.pol,1158,42,16,4138,181.846
20230520000008.pol,1159,46,16,4142,182.021
20230520000008.pol,1160,50,16,4146,182.197
20230520000008.pol,1161,54,16,4150,182.373
20230520000008.pol,1162,58,16,4154,182.549
20230520000008.pol,1163,62,16,4158,182.725
20230520000008.pol,1164,66,16,4162,182.900
20230520000008.pol,1165,70,16,4166,183.076
20230520000008.pol,1166,72,16,4168,183.164
20230520000008.pol,1167,76,16,4172,183.340
20230520000008.pol,1168,80,16,4176,183.516
20230520000008.pol,1169,84,16,4180,183.691
20230520000008.pol,1170,86,16,4182,183.779
20230520000008.pol,1171,90,16,4186,183.955
20230520000008.pol,1172,94,16,4190,184.131
20230520000008.pol,1173,98,16,4194,184.307
20230520000008.pol,1174,102,16,4198,184.482
20230520000008.pol,1175,106,16,4202,184.658
20230520000008.pol,1176,110,16,4206,184.834
20230520000008.pol,1177,114,16,4210,185.010
20230520000008.pol,1178,116,16,4212,185.098
20230520000008.pol,1179,120,16,4216,185.273
20230520000008.pol,1180,124,16,4220,185.449
20230520000008.pol,1181,126,16,4222,185.537
20230520000008.pol,1182,130,16,4226,185.713
20230520000008.pol,1183,134,16,4230,185.889
20230520000008.pol,1184,138,16,4234,186.064
20230520000008.pol,1185,142,16,4238,186.240
20230520000008.pol,1186,144,16,4240,186.328
20230520000008.pol,1187,148,16,4244,186.504
20230520000008.pol,1188,152,16,4248,186.680
20230520000008.pol,1189,156,16,4252,186.855
20230520000008.pol,1190,160,16,4256,187.031
20230520000008.pol,1191,164,16,4260,187.207
20230520000008.pol,1192,166,16,4262,187.295
20230520000008.pol,1193,170,16,4266,187.471
20230520000008.pol,1194,174,16,4270,187.646
20230520000008.pol,1195,178,16,4274,187.822
20230520000008.pol,1196,182,16,4278,187.998
20230520000008.pol,1197,186,16,4282,188.174
20230520000008.pol,1198,190,16,4286,188.350
20230520000008.pol,1199,194,16,4290,188.525
20230520000008.pol,1200,196,16,4292,188.613
20230520000008.pol,1201,200,16,4296,188.789
20230520000008.pol,1202,202,16,4298,188.877
20230520000008.pol,1203,206,16,4302,189.053
20230520000008.pol,1204,210,16,4306,189.229
20230520000008.pol,1205,214,16,4310,189.404
20230520000008.pol,1206,218,16,4314,189.580
20230520000008.pol,1207,222,16,4318,189.756
20230520000008.pol,1208,226,16,4322,189.932
20230520000008.pol,1209,230,16,4326,190.107
20230520000008.pol,1210,234,16,4330,190.283
20230520000008.pol,1211,238,16,4334,190.459
20230520000008.pol,1212,242,16,4338,190.635
20230520000008.pol,1213,246,16,4342,190.811
20230520000008.pol,1214,250,16,4346,190.986
20230520000008.pol,1215,254,16,4350,191.162
20230520000008.pol,1216,2,17,4354,191.338
20230520000008.pol,1217,4,17,4356,191.426
20230520000008.pol,1218,8,17,4360,191.602
20230520000008.pol,1219,12,17,4364,191.777
20230520000008.pol,1220,16,17,4368,191.953
20230520000008.pol,1221,18,17,4370,192.041
20230520000008.pol,1222,22,17,4374,192.217
20230520000008.pol,1223,24,17,4376,192.305
20230520000008.pol,1224,28,17,4380,192.480
20230520000008.pol,1225,32,17,4384,192.656
20230520000008.pol,1226,36,17,4388,192.832
20230520000008.pol,1227,40,17,4392,193.008
20230520000008.pol,1228,44,17,4396,193.184
20230520000008.pol,1229,48,17,4400,193.359
20230520000008.pol,1230,52,17,4404,193.535
20230520000008.pol,1231,56,17,4408,193.711
20230520000008.pol,1232,58,17,4410,193.799
20230520000008.pol,1233,62,17,4414,193.975
20230520000008.pol,1234,66,17,4418,194.150
20230520000008.pol,1235,70,17,4422,194.326
20230520000008.pol,1236,74,17,4426,194.502
20230520000008.pol,1237,76,17,4428,194.590
20230520000008.pol,1238,80,17,4432,194.766
20230520000008.pol,1239,82,17,4434,194.854
20230520000008.pol,1240,86,17,4438,195.029
20230520000008.pol,1241,90,17,4442,195.205
20230520000008.pol,1242,94,17,4446,195.381
20230520000008.pol,1243,98,17,4450,195.557
20230520000008.pol,1244,102,17,4454,195.732
20230520000008.pol,1245,106,17,4458,195.908
20230520000008.pol,1246,108,17,4460,195.996
20230520000008.pol,1247,112,17,4464,196.172
20230520000008.pol,1248,114,17,4466,196.260
20230520000008.pol,1249,118,17,4470,196.436
20230520000008.pol,1250,122,17,4474,196.611
20230520000008.pol,1251,126,17,4478,196.787
20230520000008.pol,1252,128,17,4480,196.875
20230520000008.pol,1253,132,17,4484,197.051
20230520000008.pol,1254,136,17,4488,197.227
20230520000008.pol,1255,138,17,4490,197.314
20230520000008.pol,1256,142,17,4494,197.490
20230520000008.pol,1257,146,17,4498,197.666
20230520000008.pol,1258,148,17,4500,197.754
20230520000008.pol,1259,152,17,4504,197.930
20230520000008.pol,1260,156,17,4508,198.105
20230520000008.pol,1261,160,17,4512,198.281
20230520000008.pol,1262,162,17,4514,198.369
20230520000008.pol,1263,166,17,4518,198.545
20230520000008.pol,1264,170,17,4522,198.721
20230520000008.pol,1265,172,17,4524,198.809
20230520000008.pol,1266,176,17,4528,198.984
20230520000008.pol,1267,180,17,4532,199.160
20230520000008.pol,1268,184,17,4536,199.336
20230520000008.pol,1269,188,17,4540,199.512
20230520000008.pol,1270,192,17,4544,199.688
20230520000008.pol,1271,196,17,4548,199.863
20230520000008.pol,1272,200,17,4552,200.039
20230520000008.pol,1273,204,17,4556,200.215
20230520000008.pol,1274,208,17,4560,200.391
20230520000008.pol,1275,212,17,4564,200.566
20230520000008.pol,1276,216,17,4568,200.742
20230520000008.pol,1277,220,17,4572,200.918
20230520000008.pol,1278,224,17,4576,201.094
20230520000008.pol,1279,228,17,4580,201.270
20230520000008.pol,1280,232,17,4584,201.445
20230520000008.pol,1281,234,17,4586,201.533
20230520000008.pol,1282,238,17,4590,201.709
20230520000008.pol,1283,240,17,4592,201.797
20230520000008.pol,1284,244,17,4596,201.973
20230520000008.pol,1285,246,17,4598,202.061
20230520000008.pol,1286,250,17,4602,202.236
20230520000008.pol,1287,252,17,4604,202.324
20230520000008.pol,1288,0,18,4608,202.500
20230520000008.pol,1289,4,18,4612,202.676
20230520000008.pol,1290,8,18,4616,202.852
20230520000008.pol,1291,10,18,4618,202.939
20230520000008.pol,1292,14,18,4622,203.115
20230520000008.pol,1293,18,18,4626,203.291
20230520000008.pol,1294,22,18,4630,203.467
20230520000008.pol,1295,26,18,4634,203.643
20230520000008.pol,1296,30,18,4638,203.818
20230520000008.pol,1297,32,18,4640,203.906
20230520000008.pol,1298,36,18,4644,204.082
20230520000008.pol,1299,40,18,4648,204.258
20230520000008.pol,1300,44,18,4652,204.434
20230520000008.pol,1301,46,18,4654,204.521
20230520000008.pol,1302,50,18,4658,204.697
20230520000008.pol,1303,54,18,4662,204.873
20230520000008.pol,1304,58,18,4666,205.049
20230520000008.pol,1305,60,18,4668,205.137
20230520000008.pol,1306,64,18,4672,205.312
20230520000008.pol,1307,68,18,4676,205.488
20230520000008.pol,1308,70,18,4678,205.576
20230520000008.pol,1309,74,18,4682,205.752
20230520000008.pol,1310,78,18,4686,205.928
20230520000008.pol,1311,80,18,4688,206.016
20230520000008.pol,1312,84,18,4692,206.191
20230520000008.pol,1313,88,18,4696,206.367
20230520000008.pol,1314,92,18,4700,206.543
20230520000008.pol,1315,96,18,4704,206.719
20230520000008.pol,1316,98,18,4706,206.807
20230520000008.pol,1317,102,18,4710,206.982
20230520000008.pol,1318,106,18,4714,207.158
20230520000008.pol,1319,108,18,4716,207.246
20230520000008.pol,1320,112,18,4720,207.422
20230520000008.pol,1321,114,18,4722,207.510
20230520000008.pol,1322,118,18,4726,207.686
20230520000008.pol,1323,122,18,4730,207.861
20230520000008.pol,1324,126,18,4734,208.037
20230520000008.pol,1325,130,18,4738,208.213
20230520000008.pol,1326,134,18,4742,208.389
20230520000008.pol,1327,138,18,4746,208.564
20230520000008.pol,1328,142,18,4750,208.740
20230520000008.pol,1329,146,18,4754,208.916
20230520000008.pol,1330,148,18,4756,209.004
20230520000008.pol,1331,152,18,4760,209.180
20230520000008.pol,1332,156,18,4764,209.355
20230520000008.pol,1333,160,18,4768,209.531
20230520000008.pol,1334,164,18,4772,209.707
20230520000008.pol,1335,168,18,4776,209.883
20230520000008.pol,1336,172,18,4780,210.059
20230520000008.pol,1337,176,18,4784,210.234
20230520000008.pol,1338,180,18,4788,210.410
20230520000008.pol,1339,184,18,4792,210.586
20230520000008.pol,1340,186,18,4794,210.674
20230520000008.pol,1341,190,18,4798,210.850
20230520000008.pol,1342,194,18,4802,211.025
20230520000008.pol,1343,198,18,4806,211.201
20230520000008.pol,1344,202,18,4810,211.377
20230520000008.pol,1345,204,18,4812,211.465
20230520000008.pol,1346,208,18,4816,211.641
20230520000008.pol,1347,212,18,4820,211.816
20230520000008.pol,1348,214,18,4822,211.904
20230520000008.pol,1349,218,18,4826,212.080
20230520000008.pol,1350,222,18,4830,212.256
20230520000008.pol,1351,226,18,4834,212.432
20230520000008.pol,1352,230,18,4838,212.607
20230520000008.pol,1353,234,18,4842,212.783
20230520000008.pol,1354,238,18,4846,212.959
20230520000008.pol,1355,240,18,4848,213.047
20230520000008.pol,1356,244,18,4852,213.223
20230520000008.pol,1357,248,18,4856,213.398
20230520000008.pol,1358,252,18,4860,213.574
20230520000008.pol,1359,0,19,4864,213.750
20230520000008.pol,1360,4,19,4868,213.926
20230520000008.pol,1361,8,19,4872,214.102
20230520000008.pol,1362,12,19,4876,214.277
20230520000008.pol,1363,14,19,4878,214.365
20230520000008.pol,1364,18,19,4882,214.541
20230520000008.pol,1365,22,19,4886,214.717
20230520000008.pol,1366,26,19,4890,214.893
20230520000008.pol,1367,30,19,4894,215.068
20230520000008.pol,1368,34,19,4898,215.244
20230520000008.pol,1369,38,19,4902,215.420
20230520000008.pol,1370,42,19,4906,215.596
20230520000008.pol,1371,46,19,4910,215.771
20230520000008.pol,1372,48,19,4912,215.859
20230520000008.pol,1373,52,19,4916,216.035
20230520000008.pol,1374,56,19,4920,216.211
20230520000008.pol,1375,60,19,4924,216.387
20230520000008.pol,1376,64,19,4928,216.562
20230520000008.pol,1377,68,19,4932,216.738
20230520000008.pol,1378,70,19,4934,216.826
20230520000008.pol,1379,74,19,4938,217.002
20230520000008.pol,1380,78,19,4942,217.178
20230520000008.pol,1381,80,19,4944,217.266
20230520000008.pol,1382,84,19,4948,217.441
20230520000008.pol,1383,88,19,4952,217.617
20230520000008.pol,1384,92,19,4956,217.793
20230520000008.pol,1385,96,19,4960,217.969
20230520000008.pol,1386,100,19,4964,218.145
20230520000008.pol,1387,104,19,4968,218.320
20230520000008.pol,1388,108,19,4972,218.496
20230520000008.pol,1389,112,19,4976,218.672
20230520000008.pol,1390,116,19,4980,218.848
20230520000008.pol,1391,120,19,4984,219.023
20230520000008.pol,1392,122,19,4986,219.111
20230520000008.pol,1393,126,19,4990,219.287
20230520000008.pol,1394,130,19,4994,219.463
20230520000008.pol,1395,134,19,4998,219.639
20230520000008.pol,1396,138,19,5002,219.814
20230520000008.pol,1397,142,19,5006,219.990
20230520000008.pol,1398,146,19,5010,220.166
20230520000008.pol,1399,150,19,5014,220.342
20230520000008.pol,1400,154,19,5018,220.518
20230520000008.pol,1401,158,19,5022,220.693
20230520000008.pol,1402,162,19,5026,220.869
20230520000008.pol,1403,166,19,5030,221.045
20230520000008.pol,1404,170,19,5034,221.221
20230520000008.pol,1405,174,19,5038,221.396
20230520000008.pol,1406,176,19,5040,221.484
20230520000008.pol,1407,180,19,5044,221.660
20230520000008.pol,1408,184,19,5048,221.836
20230520000008.pol,1409,188,19,5052,222.012
20230520000008.pol,1410,190,19,5054,222.100
20230520000008.pol,1411,194,19,5058,222.275
20230520000008.pol,1412,198,19,5062,222.451
20230520000008.pol,1413,202,19,5066,222.627
20230520000008.pol,1414,206,19,5070,222.803
20230520000008.pol,1415,210,19,5074,222.979
20230520000008.pol,1416,214,19,5078,223.154
20230520000008.pol,1417,218,19,5082,223.330
20230520000008.pol,1418,222,19,5086,223.506
20230520000008.pol,1419,224,19,5088,223.594
20230520000008.pol,1420,228,19,5092,223.770
20230520000008.pol,1421,232,19,5096,223.945
20230520000008.pol,1422,234,19,5098,224.033
20230520000008.pol,1423,238,19,5102,224.209
20230520000008.pol,1424,242,19,5106,224.385
20230520000008.pol,1425,246,19,5110,224.561
20230520000008.pol,1426,250,19,5114,224.736
20230520000008.pol,1427,254,19,5118,224.912
20230520000008.pol,1428,2,20,5122,225.088
20230520000008.pol,1429,6,20,5126,225.264
20230520000008.pol,1430,10,20,5130,225.439
20230520000008.pol,1431,14,20,5134,225.615
20230520000008.pol,1432,18,20,5138,225.791
20230520000008.pol,1433,22,20,5142,225.967
20230520000008.pol,1434,26,20,5146,226.143
20230520000008.pol,1435,30,20,5150,226.318
20230520000008.pol,1436,34,20,5154,226.494
20230520000008.pol,1437,38,20,5158,226.670
20230520000008.pol,1438,42,20,5162,226.846
20230520000008.pol,1439,44,20,5164,226.934
20230520000008.pol,1440,48,20,5168,227.109
20230520000008.pol,1441,52,20,5172,227.285
20230520000008.pol,1442,54,20,5174,227.373
20230520000008.pol,1443,58,20,5178,227.549
20230520000008.pol,1444,60,20,5180,227.637
20230520000008.pol,1445,64,20,5184,227.812
20230520000008.pol,1446,66,20,5186,227.900
20230520000008.pol,1447,70,20,5190,228.076
20230520000008.pol,1448,74,20,5194,228.252
20230520000008.pol,1449,78,20,5198,228.428
20230520000008.pol,1450,82,20,5202,228.604
20230520000008.pol,1451,84,20,5204,228.691
20230520000008.pol,1452,88,20,5208,228.867
20230520000008.pol,1453,92,20,5212,229.043
20230520000008.pol,1454,96,20,5216,229.219
20230520000008.pol,1455,98,20,5218,229.307
20230520000008.pol,1456,102,20,5222,229.482
20230520000008.pol,1457,106,20,5226,229.658
20230520000008.pol,1458,110,20,5230,229.834
20230520000008.pol,1459,114,20,5234,230.010
20230520000008.pol,1460,116,20,5236,230.098
20230520000008.pol,1461,120,20,5240,230.273
20230520000008.pol,1462,124,20,5244,230.449
20230520000008.pol,1463,126,20,5246,230.537
20230520000008.pol,1464,130,20,5250,230.713
20230520000008.pol,1465,134,20,5254,230.889
20230520000008.pol,1466,138,20,5258,231.064
20230520000008.pol,1467,142,20,5262,231.240
20230520000008.pol,1468,146,20,5266,231.416
20230520000008.pol,1469,150,20,5270,231.592
20230520000008.pol,1470,154,20,5274,231.768
20230520000008.pol,1471,158,20,5278,231.943
20230520000008.pol,1472,160,20,5280,232.031
20230520000008.pol,1473,164,20,5284,232.207
20230520000008.pol,1474,166,20,5286,232.295
20230520000008.pol,1475,170,20,5290,232.471
20230520000008.pol,1476,174,20,5294,232.646
20230520000008.pol,1477,178,20,5298,232.822
20230520000008.pol,1478,180,20,5300,232.910
20230520000008.pol,1479,184,20,5304,233.086
20230520000008.pol,1480,188,20,5308,233.262
20230520000008.pol,1481,192,20,5312,233.438
20230520000008.pol,1482,196,20,5316,233.613
20230520000008.pol,1483,200,20,5320,233.789
20230520000008.pol,1484,202,20,5322,233.877
20230520000008.pol,1485,206,20,5326,234.053
20230520000008.pol,1486,210,20,5330,234.229
20230520000008.pol,1487,212,20,5332,234.316
20230520000008.pol,1488,216,20,5336,234.492
20230520000008.pol,1489,220,20,5340,234.668
20230520000008.pol,1490,224,20,5344,234.844
20230520000008.pol,1491,228,20,5348,235.020
20230520000008.pol,1492,232,20,5352,235.195
20230520000008.pol,1493,236,20,5356,235.371
20230520000008.pol,1494,240,20,5360,235.547
20230520000008.pol,1495,244,20,5364,235.723
20230520000008.pol,1496,246,20,5366,235.811
20230520000008.pol,1497,250,20,5370,235.986
20230520000008.pol,1498,254,20,5374,236.162
20230520000008.pol,1499,0,21,5376,236.250
20230520000008.pol,1500,4,21,5380,236.426
20230520000008.pol,1501,8,21,5384,236.602
20230520000008.pol,1502,10,21,5386,236.689
20230520000008.pol,1503,14,21,5390,236.865
20230520000008.pol,1504,18,21,5394,237.041
20230520000008.pol,1505,22,21,5398,237.217
20230520000008.pol,1506,26,21,5402,237.393
20230520000008.pol,1507,28,21,5404,237.480
20230520000008.pol,1508,32,21,5408,237.656
20230520000008.pol,1509,36,21,5412,237.832
20230520000008.pol,1510,40,21,5416,238.008
20230520000008.pol,1511,42,21,5418,238.096
20230520000008.pol,1512,46,21,5422,238.271
20230520000008.pol,1513,50,21,5426,238.447
20230520000008.pol,1514,54,21,5430,238.623
20230520000008.pol,1515,58,21,5434,238.799
20230520000008.pol,1516,62,21,5438,238.975
20230520000008.pol,1517,66,21,5442,239.150
20230520000008.pol,1518,70,21,5446,239.326
20230520000008.pol,1519,74,21,5450,239.502
20230520000008.pol,1520,78,21,5454,239.678
20230520000008.pol,1521,82,21,5458,239.854
20230520000008.pol,1522,86,21,5462,240.029
20230520000008.pol,1523,90,21,5466,240.205
20230520000008.pol,1524,94,21,5470,240.381
20230520000008.pol,1525,96,21,5472,240.469
20230520000008.pol,1526,100,21,5476,240.645
20230520000008.pol,1527,104,21,5480,240.820
20230520000008.pol,1528,108,21,5484,240.996
20230520000008.pol,1529,112,21,5488,241.172
20230520000008.pol,1530,116,21,5492,241.348
20230520000008.pol,1531,120,21,5496,241.523
20230520000008.pol,1532,122,21,5498,241.611
20230520000008.pol,1533,126,21,5502,241.787
20230520000008.pol,1534,128,21,5504,241.875
20230520000008.pol,1535,132,21,5508,242.051
20230520000008.pol,1536,136,21,5512,242.227
20230520000008.pol,1537,140,21,5516,242.402
20230520000008.pol,1538,144,21,5520,242.578
20230520000008.pol,1539,146,21,5522,242.666
20230520000008.pol,1540,150,21,5526,242.842
20230520000008.pol,1541,154,21,5530,243.018
20230520000008.pol,1542,158,21,5534,243.193
20230520000008.pol,1543,162,21,5538,243.369
20230520000008.pol,1544,166,21,5542,243.545
20230520000008.pol,1545,168,21,5544,243.633
20230520000008.pol,1546,172,21,5548,243.809
20230520000008.pol,1547,174,21,5550,243.896
20230520000008.pol,1548,178,21,5554,244.072
20230520000008.pol,1549,182,21,5558,244.248
20230520000008.pol,1550,186,21,5562,244.424
20230520000008.pol,1551,188,21,5564,244.512
20230520000008.pol,1552,192,21,5568,244.688
20230520000008.pol,1553,194,21,5570,244.775
20230520000008.pol,1554,198,21,5574,244.951
20230520000008.pol,1555,202,21,5578,245.127
20230520000008.pol,1556,204,21,5580,245.215
20230520000008.pol,1557,208,21,5584,245.391
20230520000008.pol,1558,212,21,5588,245.566
20230520000008.pol,1559,214,21,5590,245.654
20230520000008.pol,1560,218,21,5594,245.830
20230520000008.pol,1561,220,21,5596,245.918
20230520000008.pol,1562,224,21,5600,246.094
20230520000008.pol,1563,226,21,5602,246.182
20230520000008.pol,1564,230,21,5606,246.357
20230520000008.pol,1565,234,21,5610,246.533
20230520000008.pol,1566,238,21,5614,246.709
20230520000008.pol,1567,242,21,5618,246.885
20230520000008.pol,1568,246,21,5622,247.061
20230520000008.pol,1569,250,21,5626,247.236
20230520000008.pol,1570,252,21,5628,247.324
20230520000008.pol,1571,0,22,5632,247.500
20230520000008.pol,1572,4,22,5636,247.676
20230520000008.pol,1573,8,22,5640,247.852
20230520000008.pol,1574,10,22,5642,247.939
20230520000008.pol,1575,14,22,5646,248.115
20230520000008.pol,1576,16,22,5648,248.203
20230520000008.pol,1577,20,22,5652,248.379
20230520000008.pol,1578,22,22,5654,248.467
20230520000008.pol,1579,26,22,5658,248.643
20230520000008.pol,1580,30,22,5662,248.818
20230520000008.pol,1581,34,22,5666,248.994
20230520000008.pol,1582,38,22,5670,249.170
20230520000008.pol,1583,42,22,5674,249.346
20230520000008.pol,1584,44,22,5676,249.434
20230520000008.pol,1585,48,22,5680,249.609
20230520000008.pol,1586,50,22,5682,249.697
20230520000008.pol,1587,54,22,5686,249.873
20230520000008.pol,1588,58,22,5690,250.049
20230520000008.pol,1589,62,22,5694,250.225
20230520000008.pol,1590,66,22,5698,250.400
20230520000008.pol,1591,70,22,5702,250.576
20230520000008.pol,1592,72,22,5704,250.664
20230520000008.pol,1593,76,22,5708,250.840
20230520000008.pol,1594,80,22,5712,251.016
20230520000008.pol,1595,84,22,5716,251.191
20230520000008.pol,1596,86,22,5718,251.279
20230520000008.pol,1597,90,22,5722,251.455
20230520000008.pol,1598,94,22,5726,251.631
20230520000008.pol,1599,98,22,5730,251.807
20230520000008.pol,1600,100,22,5732,251.895
20230520000008.pol,1601,104,22,5736,252.070
20230520000008.pol,1602,106,22,5738,252.158
20230520000008.pol,1603,110,22,5742,252.334
20230520000008.pol,1604,112,22,5744,252.422
20230520000008.pol,1605,116,22,5748,252.598
20230520000008.pol,1606,120,22,5752,252.773
20230520000008.pol,1607,124,22,5756,252.949
20230520000008.pol,1608,128,22,5760,253.125
20230520000008.pol,1609,132,22,5764,253.301
20230520000008.pol,1610,136,22,5768,253.477
20230520000008.pol,1611,138,22,5770,253.564
20230520000008.pol,1612,142,22,5774,253.740
20230520000008.pol,1613,146,22,5778,253.916
20230520000008.pol,1614,150,22,5782,254.092
20230520000008.pol,1615,154,22,5786,254.268
20230520000008.pol,1616,158,22,5790,254.443
20230520000008.pol,1617,160,22,5792,254.531
20230520000008.pol,1618,164,22,5796,254.707
20230520000008.pol,1619,168,22,5800,254.883
20230520000008.pol,1620,172,22,5804,255.059
20230520000008.pol,1621,174,22,5806,255.146
20230520000008.pol,1622,178,22,5810,255.322
20230520000008.pol,1623,180,22,5812,255.410
20230520000008.pol,1624,184,22,5816,255.586
20230520000008.pol,1625,188,22,5820,255.762
20230520000008.pol,1626,192,22,5824,255.938
20230520000008.pol,1627,194,22,5826,256.025
20230520000008.pol,1628,198,22,5830,256.201
20230520000008.pol,1629,202,22,5834,256.377
20230520000008.pol,1630,206,22,5838,256.553
20230520000008.pol,1631,210,22,5842,256.729
20230520000008.pol,1632,214,22,5846,256.904
20230520000008.pol,1633,216,22,5848,256.992
20230520000008.pol,1634,220,22,5852,257.168
20230520000008.pol,1635,224,22,5856,257.344
20230520000008.pol,1636,228,22,5860,257.520
20230520000008.pol,1637,230,22,5862,257.607
20230520000008.pol,1638,234,22,5866,257.783
20230520000008.pol,1639,238,22,5870,257.959
20230520000008.pol,1640,240,22,5872,258.047
20230520000008.pol,1641,244,22,5876,258.223
20230520000008.pol,1642,248,22,5880,258.398
20230520000008.pol,1643,252,22,5884,258.574
20230520000008.pol,1644,254,22,5886,258.662
20230520000008.pol,1645,2,23,5890,258.838
20230520000008.pol,1646,6,23,5894,259.014
20230520000008.pol,1647,10,23,5898,259.189
20230520000008.pol,1648,14,23,5902,259.365
20230520000008.pol,1649,18,23,5906,259.541
20230520000008.pol,1650,22,23,5910,259.717
20230520000008.pol,1651,26,23,5914,259.893
20230520000008.pol,1652,30,23,5918,260.068
20230520000008.pol,1653,34,23,5922,260.244
20230520000008.pol,1654,38,23,5926,260.420
20230520000008.pol,1655,42,23,5930,260.596
20230520000008.pol,1656,46,23,5934,260.771
20230520000008.pol,1657,50,23,5938,260.947
20230520000008.pol,1658,54,23,5942,261.123
20230520000008.pol,1659,56,23,5944,261.211
20230520000008.pol,1660,60,23,5948,261.387
20230520000008.pol,1661,64,23,5952,261.562
20230520000008.pol,1662,68,23,5956,261.738
20230520000008.pol,1663,70,23,5958,261.826
20230520000008.pol,1664,74,23,5962,262.002
20230520000008.pol,1665,76,23,5964,262.090
20230520000008.pol,1666,80,23,5968,262.266
20230520000008.pol,1667,84,23,5972,262.441
20230520000008.pol,1668,88,23,5976,262.617
20230520000008.pol,1669,90,23,5978,262.705
20230520000008.pol,1670,94,23,5982,262.881
20230520000008.pol,1671,96,23,5984,262.969
20230520000008.pol,1672,100,23,5988,263.145
20230520000008.pol,1673,104,23,5992,263.320
20230520000008.pol,1674,108,23,5996,263.496
20230520000008.pol,1675,112,23,6000,263.672
20230520000008.pol,1676,116,23,6004,263.848
20230520000008.pol,1677,120,23,6008,264.023
20230520000008.pol,1678,124,23,6012,264.199
20230520000008.pol,1679,128,23,6016,264.375
20230520000008.pol,1680,132,23,6020,264.551
20230520000008.pol,1681,134,23,6022,264.639
20230520000008.pol,1682,138,23,6026,264.814
20230520000008.pol,1683,142,23,6030,264.990
20230520000008.pol,1684,146,23,6034,265.166
20230520000008.pol,1685,150,23,6038,265.342
20230520000008.pol,1686,152,23,6040,265.430
20230520000008.pol,1687,156,23,6044,265.605
20230520000008.pol,1688,160,23,6048,265.781
20230520000008.pol,1689,164,23,6052,265.957
20230520000008.pol,1690,168,23,6056,266.133
20230520000008.pol,1691,172,23,6060,266.309
20230520000008.pol,1692,174,23,6062,266.396
20230520000008.pol,1693,178,23,6066,266.572
20230520000008.pol,1694,180,23,6068,266.660
20230520000008.pol,1695,184,23,6072,266.836
20230520000008.pol,1696,188,23,6076,267.012
20230520000008.pol,1697,192,23,6080,267.188
20230520000008.pol,1698,196,23,6084,267.363
20230520000008.pol,1699,200,23,6088,267.539
20230520000008.pol,1700,204,23,6092,267.715
20230520000008.pol,1701,208,23,6096,267.891
20230520000008.pol,1702,210,23,6098,267.979
20230520000008.pol,1703,214,23,6102,268.154
20230520000008.pol,1704,218,23,6106,268.330
20230520000008.pol,1705,222,23,6110,268.506
20230520000008.pol,1706,226,23,6114,268.682
20230520000008.pol,1707,230,23,6118,268.857
20230520000008.pol,1708,234,23,6122,269.033
20230520000008.pol,1709,238,23,6126,269.209
20230520000008.pol,1710,242,23,6130,269.385
20230520000008.pol,1711,244,23,6132,269.473
20230520000008.pol,1712,248,23,6136,269.648
20230520000008.pol,1713,252,23,6140,269.824
20230520000008.pol,1714,0,24,6144,270.000
20230520000008.pol,1715,2,24,6146,270.088
20230520000008.pol,1716,6,24,6150,270.264
20230520000008.pol,1717,8,24,6152,270.352
20230520000008.pol,1718,12,24,6156,270.527
20230520000008.pol,1719,16,24,6160,270.703
20230520000008.pol,1720,18,24,6162,270.791
20230520000008.pol,1721,22,24,6166,270.967
20230520000008.pol,1722,26,24,6170,271.143
20230520000008.pol,1723,30,24,6174,271.318
20230520000008.pol,1724,34,24,6178,271.494
20230520000008.pol,1725,38,24,6182,271.670
20230520000008.pol,1726,40,24,6184,271.758
20230520000008.pol,1727,44,24,6188,271.934
20230520000008.pol,1728,46,24,6190,272.021
20230520000008.pol,1729,50,24,6194,272.197
20230520000008.pol,1730,52,24,6196,272.285
20230520000008.pol,1731,56,24,6200,272.461
20230520000008.pol,1732,58,24,6202,272.549
20230520000008.pol,1733,62,24,6206,272.725
20230520000008.pol,1734,66,24,6210,272.900
20230520000008.pol,1735,70,24,6214,273.076
20230520000008.pol,1736,74,24,6218,273.252
20230520000008.pol,1737,78,24,6222,273.428
20230520000008.pol,1738,80,24,6224,273.516
20230520000008.pol,1739,84,24,6228,273.691
20230520000008.pol,1740,86,24,6230,273.779
20230520000008.pol,1741,90,24,6234,273.955
20230520000008.pol,1742,94,24,6238,274.131
20230520000008.pol,1743,98,24,6242,274.307
20230520000008.pol,1744,102,24,6246,274.482
20230520000008.pol,1745,106,24,6250,274.658
20230520000008.pol,1746,108,24,6252,274.746
20230520000008.pol,1747,112,24,6256,274.922
20230520000008.pol,1748,116,24,6260,275.098
20230520000008.pol,1749,120,24,6264,275.273
20230520000008.pol,1750,124,24,6268,275.449
20230520000008.pol,1751,126,24,6270,275.537
20230520000008.pol,1752,130,24,6274,275.713
20230520000008.pol,1753,134,24,6278,275.889
20230520000008.pol,1754,138,24,6282,276.064
20230520000008.pol,1755,142,24,6286,276.240
20230520000008.pol,1756,146,24,6290,276.416
20230520000008.pol,1757,150,24,6294,276.592
20230520000008.pol,1758,154,24,6298,276.768
20230520000008.pol,1759,158,24,6302,276.943
20230520000008.pol,1760,162,24,6306,277.119
20230520000008.pol,1761,166,24,6310,277.295
20230520000008.pol,1762,170,24,6314,277.471
20230520000008.pol,1763,174,24,6318,277.646
20230520000008.pol,1764,176,24,6320,277.734
20230520000008.pol,1765,180,24,6324,277.910
20230520000008.pol,1766,182,24,6326,277.998
20230520000008.pol,1767,186,24,6330,278.174
20230520000008.pol,1768,190,24,6334,278.350
20230520000008.pol,1769,194,24,6338,278.525
20230520000008.pol,1770,198,24,6342,278.701
20230520000008.pol,1771,202,24,6346,278.877
20230520000008.pol,1772,206,24,6350,279.053
20230520000008.pol,1773,208,24,6352,279.141
20230520000008.pol,1774,212,24,6356,279.316
20230520000008.pol,1775,214,24,6358,279.404
20230520000008.pol,1776,218,24,6362,279.580
20230520000008.pol,1777,222,24,6366,279.756
20230520000008.pol,1778,226,24,6370,279.932
20230520000008.pol,1779,228,24,6372,280.020
20230520000008.pol,1780,232,24,6376,280.195
20230520000008.pol,1781,236,24,6380,280.371
20230520000008.pol,1782,240,24,6384,280.547
20230520000008.pol,1783,244,24,6388,280.723
20230520000008.pol,1784,246,24,6390,280.811
20230520000008.pol,1785,250,24,6394,280.986
20230520000008.pol,1786,254,24,6398,281.162
20230520000008.pol,1787,2,25,6402,281.338
20230520000008.pol,1788,6,25,6406,281.514
20230520000008.pol,1789,10,25,6410,281.689
20230520000008.pol,1790,14,25,6414,281.865
20230520000008.pol,1791,16,25,6416,281.953
20230520000008.pol,1792,20,25,6420,282.129
20230520000008.pol,1793,22,25,6422,282.217
20230520000008.pol,1794,26,25,6426,282.393
20230520000008.pol,1795,30,25,6430,282.568
20230520000008.pol,1796,34,25,6434,282.744
20230520000008.pol,1797,38,25,6438,282.920
20230520000008.pol,1798,42,25,6442,283.096
20230520000008.pol,1799,46,25,6446,283.271
20230520000008.pol,1800,50,25,6450,283.447
20230520000008.pol,1801,52,25,6452,283.535
20230520000008.pol,1802,56,25,6456,283.711
20230520000008.pol,1803,60,25,6460,283.887
20230520000008.pol,1804,62,25,6462,283.975
20230520000008.pol,1805,66,25,6466,284.150
20230520000008.pol,1806,68,25,6468,284.238
20230520000008.pol,1807,72,25,6472,284.414
20230520000008.pol,1808,76,25,6476,284.590
20230520000008.pol,1809,80,25,6480,284.766
20230520000008.pol,1810,84,25,6484,284.941
20230520000008.pol,1811,88,25,6488,285.117
20230520000008.pol,1812,92,25,6492,285.293
20230520000008.pol,1813,96,25,6496,285.469
20230520000008.pol,1814,98,25,6498,285.557
20230520000008.pol,1815,102,25,6502,285.732
20230520000008.pol,1816,106,25,6506,285.908
20230520000008.pol,1817,110,25,6510,286.084
20230520000008.pol,1818,112,25,6512,286.172
20230520000008.pol,1819,116,25,6516,286.348
20230520000008.pol,1820,120,25,6520,286.523
20230520000008.pol,1821,124,25,6524,286.699
20230520000008.pol,1822,126,25,6526,286.787
20230520000008.pol,1823,130,25,6530,286.963
20230520000008.pol,1824,134,25,6534,287.139
20230520000008.pol,1825,136,25,6536,287.227
20230520000008.pol,1826,140,25,6540,287.402
20230520000008.pol,1827,144,25,6544,287.578
20230520000008.pol,1828,148,25,6548,287.754
20230520000008.pol,1829,152,25,6552,287.930
20230520000008.pol,1830,156,25,6556,288.105
20230520000008.pol,1831,160,25,6560,288.281
20230520000008.pol,1832,164,25,6564,288.457
20230520000008.pol,1833,168,25,6568,288.633
20230520000008.pol,1834,170,25,6570,288.721
20230520000008.pol,1835,174,25,6574,288.896
20230520000008.pol,1836,178,25,6578,289.072
20230520000008.pol,1837,182,25,6582,289.248
20230520000008.pol,1838,186,25,6586,289.424
20230520000008.pol,1839,190,25,6590,289.600
20230520000008.pol,1840,194,25,6594,289.775
20230520000008.pol,1841,198,25,6598,289.951
20230520000008.pol,1842,202,25,6602,290.127
20230520000008.pol,1843,206,25,6606,290.303
20230520000008.pol,1844,208,25,6608,290.391
20230520000008.pol,1845,212,25,6612,290.566
20230520000008.pol,1846,214,25,6614,290.654
20230520000008.pol,1847,218,25,6618,290.830
20230520000008.pol,1848,222,25,6622,291.006
20230520000008.pol,1849,226,25,6626,291.182
20230520000008.pol,1850,228,25,6628,291.270
20230520000008.pol,1851,232,25,6632,291.445
20230520000008.pol,1852,236,25,6636,291.621
20230520000008.pol,1853,240,25,6640,291.797
20230520000008.pol,1854,242,25,6642,291.885
20230520000008.pol,1855,246,25,6646,292.061
20230520000008.pol,1856,248,25,6648,292.148
20230520000008.pol,1857,252,25,6652,292.324
20230520000008.pol,1858,0,26,6656,292.500
20230520000008.pol,1859,4,26,6660,292.676
20230520000008.pol,1860,8,26,6664,292.852
20230520000008.pol,1861,12,26,6668,293.027
20230520000008.pol,1862,16,26,6672,293.203
20230520000008.pol,1863,20,26,6676,293.379
20230520000008.pol,1864,24,26,6680,293.555
20230520000008.pol,1865,28,26,6684,293.730
20230520000008.pol,1866,32,26,6688,293.906
20230520000008.pol,1867,36,26,6692,294.082
20230520000008.pol,1868,40,26,6696,294.258
20230520000008.pol,1869,44,26,6700,294.434
20230520000008.pol,1870,48,26,6704,294.609
20230520000008.pol,1871,50,26,6706,294.697
20230520000008.pol,1872,54,26,6710,294.873
20230520000008.pol,1873,56,26,6712,294.961
20230520000008.pol,1874,60,26,6716,295.137
20230520000008.pol,1875,64,26,6720,295.312
20230520000008.pol,1876,68,26,6724,295.488
20230520000008.pol,1877,72,26,6728,295.664
20230520000008.pol,1878,74,26,6730,295.752
20230520000008.pol,1879,78,26,6734,295.928
20230520000008.pol,1880,82,26,6738,296.104
20230520000008.pol,1881,86,26,6742,296.279
20230520000008.pol,1882,90,26,6746,296.455
20230520000008.pol,1883,94,26,6750,296.631
20230520000008.pol,1884,98,26,6754,296.807
20230520000008.pol,1885,102,26,6758,296.982
20230520000008.pol,1886,106,26,6762,297.158
20230520000008.pol,1887,110,26,6766,297.334
20230520000008.pol,1888,114,26,6770,297.510
20230520000008.pol,1889,118,26,6774,297.686
20230520000008.pol,1890,120,26,6776,297.773
20230520000008.pol,1891,124,26,6780,297.949
20230520000008.pol,1892,128,26,6784,298.125
20230520000008.pol,1893,130,26,6786,298.213
20230520000008.pol,1894,134,26,6790,298.389
20230520000008.pol,1895,138,26,6794,298.564
20230520000008.pol,1896,142,26,6798,298.740
20230520000008.pol,1897,146,26,6802,298.916
20230520000008.pol,1898,150,26,6806,299.092
20230520000008.pol,1899,154,26,6810,299.268
20230520000008.pol,1900,156,26,6812,299.355
20230520000008.pol,1901,160,26,6816,299.531
20230520000008.pol,1902,162,26,6818,299.619
20230520000008.pol,1903,166,26,6822,299.795
20230520000008.pol,1904,170,26,6826,299.971
20230520000008.pol,1905,172,26,6828,300.059
20230520000008.pol,1906,176,26,6832,300.234
20230520000008.pol,1907,180,26,6836,300.410
20230520000008.pol,1908,184,26,6840,300.586
20230520000008.pol,1909,188,26,6844,300.762
20230520000008.pol,1910,192,26,6848,300.938
20230520000008.pol,1911,196,26,6852,301.113
20230520000008.pol,1912,200,26,6856,301.289
20230520000008.pol,1913,204,26,6860,301.465
20230520000008.pol,1914,206,26,6862,301.553
20230520000008.pol,1915,210,26,6866,301.729
20230520000008.pol,1916,214,26,6870,301.904
20230520000008.pol,1917,218,26,6874,302.080
20230520000008.pol,1918,222,26,6878,302.256
20230520000008.pol,1919,226,26,6882,302.432
20230520000008.pol,1920,230,26,6886,302.607
20230520000008.pol,1921,234,26,6890,302.783
20230520000008.pol,1922,236,26,6892,302.871
20230520000008.pol,1923,240,26,6896,303.047
20230520000008.pol,1924,244,26,6900,303.223
20230520000008.pol,1925,246,26,6902,303.311
20230520000008.pol,1926,250,26,6906,303.486
20230520000008.pol,1927,254,26,6910,303.662
20230520000008.pol,1928,2,27,6914,303.838
20230520000008.pol,1929,6,27,6918,304.014
20230520000008.pol,1930,10,27,6922,304.189
20230520000008.pol,1931,12,27,6924,304.277
20230520000008.pol,1932,16,27,6928,304.453
20230520000008.pol,1933,20,27,6932,304.629
20230520000008.pol,1934,24,27,6936,304.805
20230520000008.pol,1935,28,27,6940,304.980
20230520000008.pol,1936,32,27,6944,305.156
20230520000008.pol,1937,36,27,6948,305.332
20230520000008.pol,1938,40,27,6952,305.508
20230520000008.pol,1939,42,27,6954,305.596
20230520000008.pol,1940,46,27,6958,305.771
20230520000008.pol,1941,50,27,6962,305.947
20230520000008.pol,1942,52,27,6964,306.035
20230520000008.pol,1943,56,27,6968,306.211
20230520000008.pol,1944,60,27,6972,306.387
20230520000008.pol,1945,64,27,6976,306.562
20230520000008.pol,1946,68,27,6980,306.738
20230520000008.pol,1947,72,27,6984,306.914
20230520000008.pol,1948,76,27,6988,307.090
20230520000008.pol,1949,80,27,6992,307.266
20230520000008.pol,1950,84,27,6996,307.441
20230520000008.pol,1951,88,27,7000,307.617
20230520000008.pol,1952,92,27,7004,307.793
20230520000008.pol,1953,94,27,7006,307.881
20230520000008.pol,1954,98,27,7010,308.057
20230520000008.pol,1955,102,27,7014,308.232
20230520000008.pol,1956,104,27,7016,308.320
20230520000008.pol,1957,108,27,7020,308.496
20230520000008.pol,1958,110,27,7022,308.584
20230520000008.pol,1959,114,27,7026,308.760
20230520000008.pol,1960,116,27,7028,308.848
20230520000008.pol,1961,120,27,7032,309.023
20230520000008.pol,1962,124,27,7036,309.199
20230520000008.pol,1963,128,27,7040,309.375
20230520000008.pol,1964,130,27,7042,309.463
20230520000008.pol,1965,134,27,7046,309.639
20230520000008.pol,1966,136,27,7048,309.727
20230520000008.pol,1967,140,27,7052,309.902
20230520000008.pol,1968,142,27,7054,309.990
20230520000008.pol,1969,146,27,7058,310.166
20230520000008.pol,1970,150,27,7062,310.342
20230520000008.pol,1971,154,27,7066,310.518
20230520000008.pol,1972,158,27,7070,310.693
20230520000008.pol,1973,162,27,7074,310.869
20230520000008.pol,1974,166,27,7078,311.045
20230520000008.pol,1975,170,27,7082,311.221
20230520000008.pol,1976,172,27,7084,311.309
20230520000008.pol,1977,176,27,7088,311.484
20230520000008.pol,1978,178,27,7090,311.572
20230520000008.pol,1979,182,27,7094,311.748
20230520000008.pol,1980,184,27,7096,311.836
20230520000008.pol,1981,188,27,7100,312.012
20230520000008.pol,1982,192,27,7104,312.188
20230520000008.pol,1983,196,27,7108,312.363
20230520000008.pol,1984,200,27,7112,312.539
20230520000008.pol,1985,204,27,7116,312.715
20230520000008.pol,1986,208,27,7120,312.891
20230520000008.pol,1987,210,27,7122,312.979
20230520000008.pol,1988,214,27,7126,313.154
20230520000008.pol,1989,216,27,7128,313.242
20230520000008.pol,1990,220,27,7132,313.418
20230520000008.pol,1991,224,27,7136,313.594
20230520000008.pol,1992,228,27,7140,313.770
20230520000008.pol,1993,230,27,7142,313.857
20230520000008.pol,1994,234,27,7146,314.033
20230520000008.pol,1995,238,27,7150,314.209
20230520000008.pol,1996,242,27,7154,314.385
20230520000008.pol,1997,246,27,7158,314.561
20230520000008.pol,1998,250,27,7162,314.736
20230520000008.pol,1999,252,27,7164,314.824
20230520000008.pol,2000,0,28,7168,315.000
20230520000008.pol,2001,4,28,7172,315.176
20230520000008.pol,2002,6,28,7174,315.264
20230520000008.pol,2003,10,28,7178,315.439
20230520000008.pol,2004,12,28,7180,315.527
20230520000008.pol,2005,16,28,7184,315.703
20230520000008.pol,2006,20,28,7188,315.879
20230520000008.pol,2007,24,28,7192,316.055
20230520000008.pol,2008,26,28,7194,316.143
20230520000008.pol,2009,30,28,7198,316.318
20230520000008.pol,2010,34,28,7202,316.494
20230520000008.pol,2011,36,28,7204,316.582
20230520000008.pol,2012,40,28,7208,316.758
20230520000008.pol,2013,44,28,7212,316.934
20230520000008.pol,2014,48,28,7216,317.109
20230520000008.pol,2015,52,28,7220,317.285
20230520000008.pol,2016,56,28,7224,317.461
20230520000008.pol,2017,60,28,7228,317.637
20230520000008.pol,2018,64,28,7232,317.812
20230520000008.pol,2019,68,28,7236,317.988
20230520000008.pol,2020,72,28,7240,318.164
20230520000008.pol,2021,74,28,7242,318.252
20230520000008.pol,2022,78,28,7246,318.428
20230520000008.pol,2023,82,28,7250,318.604
20230520000008.pol,2024,86,28,7254,318.779
20230520000008.pol,2025,90,28,7258,318.955
20230520000008.pol,2026,94,28,7262,319.131
20230520000008.pol,2027,96,28,7264,319.219
20230520000008.pol,2028,100,28,7268,319.395
20230520000008.pol,2029,104,28,7272,319.570
20230520000008.pol,2030,108,28,7276,319.746
20230520000008.pol,2031,112,28,7280,319.922
20230520000008.pol,2032,116,28,7284,320.098
20230520000008.pol,2033,120,28,7288,320.273
20230520000008.pol,2034,124,28,7292,320.449
20230520000008.pol,2035,128,28,7296,320.625
20230520000008.pol,2036,132,28,7300,320.801
20230520000008.pol,2037,134,28,7302,320.889
20230520000008.pol,2038,138,28,7306,321.064
20230520000008.pol,2039,142,28,7310,321.240
20230520000008.pol,2040,146,28,7314,321.416
20230520000008.pol,2041,150,28,7318,321.592
20230520000008.pol,2042,152,28,7320,321.680
20230520000008.pol,2043,156,28,7324,321.855
20230520000008.pol,2044,158,28,7326,321.943
20230520000008.pol,2045,162,28,7330,322.119
20230520000008.pol,2046,166,28,7334,322.295
20230520000008.pol,2047,170,28,7338,322.471
20230520000008.pol,2048,174,28,7342,322.646
20230520000008.pol,2049,176,28,7344,322.734
20230520000008.pol,2050,180,28,7348,322.910
20230520000008.pol,2051,184,28,7352,323.086
20230520000008.pol,2052,188,28,7356,323.262
20230520000008.pol,2053,192,28,7360,323.438
20230520000008.pol,2054,194,28,7362,323.525
20230520000008.pol,2055,198,28,7366,323.701
20230520000008.pol,2056,202,28,7370,323.877
20230520000008.pol,2057,206,28,7374,324.053
20230520000008.pol,2058,210,28,7378,324.229
20230520000008.pol,2059,214,28,7382,324.404
20230520000008.pol,2060,216,28,7384,324.492
20230520000008.pol,2061,220,28,7388,324.668
20230520000008.pol,2062,224,28,7392,324.844
20230520000008.pol,2063,228,28,7396,325.020
20230520000008.pol,2064,230,28,7398,325.107
20230520000008.pol,2065,234,28,7402,325.283
20230520000008.pol,2066,238,28,7406,325.459
20230520000008.pol,2067,242,28,7410,325.635
20230520000008.pol,2068,244,28,7412,325.723
20230520000008.pol,2069,248,28,7416,325.898
20230520000008.pol,2070,252,28,7420,326.074
20230520000008.pol,2071,0,29,7424,326.250
20230520000008.pol,2072,4,29,7428,326.426
20230520000008.pol,2073,8,29,7432,326.602
20230520000008.pol,2074,12,29,7436,326.777
20230520000008.pol,2075,16,29,7440,326.953
20230520000008.pol,2076,20,29,7444,327.129
20230520000008.pol,2077,24,29,7448,327.305
20230520000008.pol,2078,28,29,7452,327.480
20230520000008.pol,2079,30,29,7454,327.568
20230520000008.pol,2080,34,29,7458,327.744
20230520000008.pol,2081,38,29,7462,327.920
20230520000008.pol,2082,42,29,7466,328.096
20230520000008.pol,2083,46,29,7470,328.271
20230520000008.pol,2084,50,29,7474,328.447
20230520000008.pol,2085,54,29,7478,328.623
20230520000008.pol,2086,58,29,7482,328.799
20230520000008.pol,2087,62,29,7486,328.975
20230520000008.pol,2088,66,29,7490,329.150
20230520000008.pol,2089,70,29,7494,329.326
20230520000008.pol,2090,74,29,7498,329.502
20230520000008.pol,2091,78,29,7502,329.678
20230520000008.pol,2092,82,29,7506,329.854
20230520000008.pol,2093,84,29,7508,329.941
20230520000008.pol,2094,88,29,7512,330.117
20230520000008.pol,2095,92,29,7516,330.293
20230520000008.pol,2096,94,29,7518,330.381
20230520000008.pol,2097,98,29,7522,330.557
20230520000008.pol,2098,102,29,7526,330.732
20230520000008.pol,2099,104,29,7528,330.820
20230520000008.pol,2100,108,29,7532,330.996
20230520000008.pol,2101,112,29,7536,331.172
20230520000008.pol,2102,116,29,7540,331.348
20230520000008.pol,2103,118,29,7542,331.436
20230520000008.pol,2104,122,29,7546,331.611
20230520000008.pol,2105,124,29,7548,331.699
20230520000008.pol,2106,128,29,7552,331.875
20230520000008.pol,2107,132,29,7556,332.051
20230520000008.pol,2108,136,29,7560,332.227
20230520000008.pol,2109,140,29,7564,332.402
20230520000008.pol,2110,144,29,7568,332.578
20230520000008.pol,2111,148,29,7572,332.754
20230520000008.pol,2112,152,29,7576,332.930
20230520000008.pol,2113,156,29,7580,333.105
20230520000008.pol,2114,158,29,7582,333.193
20230520000008.pol,2115,162,29,7586,333.369
20230520000008.pol,2116,166,29,7590,333.545
20230520000008.pol,2117,170,29,7594,333.721
20230520000008.pol,2118,172,29,7596,333.809
20230520000008.pol,2119,176,29,7600,333.984
20230520000008.pol,2120,180,29,7604,334.160
20230520000008.pol,2121,182,29,7606,334.248
20230520000008.pol,2122,186,29,7610,334.424
20230520000008.pol,2123,188,29,7612,334.512
20230520000008.pol,2124,192,29,7616,334.688
20230520000008.pol,2125,196,29,7620,334.863
20230520000008.pol,2126,200,29,7624,335.039
20230520000008.pol,2127,204,29,7628,335.215
20230520000008.pol,2128,208,29,7632,335.391
20230520000008.pol,2129,210,29,7634,335.479
20230520000008.pol,2130,214,29,7638,335.654
20230520000008.pol,2131,218,29,7642,335.830
20230520000008.pol,2132,222,29,7646,336.006
20230520000008.pol,2133,226,29,7650,336.182
20230520000008.pol,2134,228,29,7652,336.270
20230520000008.pol,2135,232,29,7656,336.445
20230520000008.pol,2136,234,29,7658,336.533
20230520000008.pol,2137,238,29,7662,336.709
20230520000008.pol,2138,242,29,7666,336.885
20230520000008.pol,2139,246,29,7670,337.061
20230520000008.pol,2140,250,29,7674,337.236
20230520000008.pol,2141,254,29,7678,337.412
20230520000008.pol,2142,0,30,7680,337.500
20230520000008.pol,2143,4,30,7684,337.676
20230520000008.pol,2144,8,30,7688,337.852
20230520000008.pol,2145,10,30,7690,337.939
20230520000008.pol,2146,14,30,7694,338.115
20230520000008.pol,2147,18,30,7698,338.291
20230520000008.pol,2148,22,30,7702,338.467
20230520000008.pol,2149,24,30,7704,338.555
20230520000008.pol,2150,28,30,7708,338.730
20230520000008.pol,2151,32,30,7712,338.906
20230520000008.pol,2152,34,30,7714,338.994
20230520000008.pol,2153,38,30,7718,339.170
20230520000008.pol,2154,42,30,7722,339.346
20230520000008.pol,2155,46,30,7726,339.521
20230520000008.pol,2156,50,30,7730,339.697
20230520000008.pol,2157,54,30,7734,339.873
20230520000008.pol,2158,58,30,7738,340.049
20230520000008.pol,2159,60,30,7740,340.137
20230520000008.pol,2160,64,30,7744,340.312
20230520000008.pol,2161,66,30,7746,340.400
20230520000008.pol,2162,70,30,7750,340.576
20230520000008.pol,2163,74,30,7754,340.752
20230520000008.pol,2164,76,30,7756,340.840
20230520000008.pol,2165,80,30,7760,341.016
20230520000008.pol,2166,84,30,7764,341.191
20230520000008.pol,2167,88,30,7768,341.367
20230520000008.pol,2168,92,30,7772,341.543
20230520000008.pol,2169,96,30,7776,341.719
20230520000008.pol,2170,100,30,7780,341.895
20230520000008.pol,2171,104,30,7784,342.070
20230520000008.pol,2172,108,30,7788,342.246
20230520000008.pol,2173,110,30,7790,342.334
20230520000008.pol,2174,114,30,7794,342.510
20230520000008.pol,2175,118,30,7798,342.686
20230520000008.pol,2176,122,30,7802,342.861
20230520000008.pol,2177,126,30,7806,343.037
20230520000008.pol,2178,130,30,7810,343.213
20230520000008.pol,2179,134,30,7814,343.389
20230520000008.pol,2180,138,30,7818,343.564
20230520000008.pol,2181,140,30,7820,343.652
20230520000008.pol,2182,144,30,7824,343.828
20230520000008.pol,2183,148,30,7828,344.004
20230520000008.pol,2184,150,30,7830,344.092
20230520000008.pol,2185,154,30,7834,344.268
20230520000008.pol,2186,158,30,7838,344.443
20230520000008.pol,2187,162,30,7842,344.619
20230520000008.pol,2188,166,30,7846,344.795
20230520000008.pol,2189,170,30,7850,344.971
20230520000008.pol,2190,174,30,7854,345.146
20230520000008.pol,2191,178,30,7858,345.322
20230520000008.pol,2192,182,30,7862,345.498
20230520000008.pol,2193,184,30,7864,345.586
20230520000008.pol,2194,188,30,7868,345.762
20230520000008.pol,2195,192,30,7872,345.938
20230520000008.pol,2196,196,30,7876,346.113
20230520000008.pol,2197,200,30,7880,346.289
20230520000008.pol,2198,202,30,7882,346.377
20230520000008.pol,2199,206,30,7886,346.553
20230520000008.pol,2200,210,30,7890,346.729
20230520000008.pol,2201,214,30,7894,346.904
20230520000008.pol,2202,216,30,7896,346.992
20230520000008.pol,2203,220,30,7900,347.168
20230520000008.pol,2204,224,30,7904,347.344
20230520000008.pol,2205,228,30,7908,347.520
20230520000008.pol,2206,232,30,7912,347.695
20230520000008.pol,2207,236,30,7916,347.871
20230520000008.pol,2208,240,30,7920,348.047
20230520000008.pol,2209,244,30,7924,348.223
20230520000008.pol,2210,246,30,7926,348.311
20230520000008.pol,2211,250,30,7930,348.486
20230520000008.pol,2212,254,30,7934,348.662
20230520000008.pol,2213,2,31,7938,348.838
20230520000008.pol,2214,6,31,7942,349.014
20230520000008.pol,2215,10,31,7946,349.189
20230520000008.pol,2216,12,31,7948,349.277
20230520000008.pol,2217,16,31,7952,349.453
20230520000008.pol,2218,20,31,7956,349.629
20230520000008.pol,2219,24,31,7960,349.805
20230520000008.pol,2220,26,31,7962,349.893
20230520000008.pol,2221,30,31,7966,350.068
20230520000008.pol,2222,34,31,7970,350.244
20230520000008.pol,2223,38,31,7974,350.420
20230520000008.pol,2224,42,31,7978,350.596
20230520000008.pol,2225,46,31,7982,350.771
20230520000008.pol,2226,50,31,7986,350.947
20230520000008.pol,2227,54,31,7990,351.123
20230520000008.pol,2228,58,31,7994,351.299
20230520000008.pol,2229,62,31,7998,351.475
20230520000008.pol,2230,66,31,8002,351.650
20230520000008.pol,2231,68,31,8004,351.738
20230520000008.pol,2232,72,31,8008,351.914
20230520000008.pol,2233,76,31,8012,352.090
20230520000008.pol,2234,80,31,8016,352.266
20230520000008.pol,2235,84,31,8020,352.441
20230520000008.pol,2236,88,31,8024,352.617
20230520000008.pol,2237,92,31,8028,352.793
20230520000008.pol,2238,94,31,8030,352.881
20230520000008.pol,2239,98,31,8034,353.057
20230520000008.pol,2240,100,31,8036,353.145
20230520000008.pol,2241,104,31,8040,353.320
20230520000008.pol,2242,108,31,8044,353.496
20230520000008.pol,2243,110,31,8046,353.584
20230520000008.pol,2244,114,31,8050,353.760
20230520000008.pol,2245,118,31,8054,353.936
20230520000008.pol,2246,122,31,8058,354.111
20230520000008.pol,2247,126,31,8062,354.287
20230520000008.pol,2248,130,31,8066,354.463
20230520000008.pol,2249,134,31,8070,354.639
20230520000008.pol,2250,138,31,8074,354.814
20230520000008.pol,2251,140,31,8076,354.902
20230520000008.pol,2252,144,31,8080,355.078
20230520000008.pol,2253,146,31,8082,355.166
20230520000008.pol,2254,150,31,8086,355.342
20230520000008.pol,2255,154,31,8090,355.518
20230520000008.pol,2256,158,31,8094,355.693
20230520000008.pol,2257,162,31,8098,355.869
20230520000008.pol,2258,166,31,8102,356.045
20230520000008.pol,2259,168,31,8104,356.133
20230520000008.pol,2260,172,31,8108,356.309
20230520000008.pol,2261,176,31,8112,356.484
20230520000008.pol,2262,180,31,8116,356.660
20230520000008.pol,2263,184,31,8120,356.836
20230520000008.pol,2264,186,31,8122,356.924
20230520000008.pol,2265,190,31,8126,357.100
20230520000008.pol,2266,194,31,8130,357.275
20230520000008.pol,2267,198,31,8134,357.451
20230520000008.pol,2268,202,31,8138,357.627
20230520000008.pol,2269,206,31,8142,357.803
20230520000008.pol,2270,210,31,8146,357.979
20230520000008.pol,2271,214,31,8150,358.154
20230520000008.pol,2272,218,31,8154,358.330
20230520000008.pol,2273,222,31,8158,358.506
20230520000008.pol,2274,226,31,8162,358.682
20230520000008.pol,2275,228,31,8164,358.770
20230520000008.pol,2276,232,31,8168,358.945
20230520000008.pol,2277,236,31,8172,359.121
20230520000008.pol,2278,240,31,8176,359.297
20230520000008.pol,2279,242,31,8178,359.385
20230520000008.pol,2280,246,31,8182,359.561
20230520000008.pol,2281,248,31,8184,359.648
20230520000008.pol,2282,252,31,8188,359.824
20230520000013.pol,0,0,0,0,0.000
20230520000013.pol,1,4,0,4,0.176
20230520000013.pol,2,6,0,6,0.264
20230520000013.pol,3,10,0,10,0.439
20230520000013.pol,4,12,0,12,0.527
20230520000013.pol,5,16,0,16,0.703
20230520000013.pol,6,20,0,20,0.879
20230520000013.pol,7,22,0,22,0.967
20230520000013.pol,8,26,0,26,1.143
20230520000013.pol,9,28,0,28,1.230
20230520000013.pol,10,32,0,32,1.406
20230520000013.pol,11,36,0,36,1.582
20230520000013.pol,12,40,0,40,1.758
20230520000013.pol,13,42,0,42,1.846
20230520000013.pol,14,46,0,46,2.021
20230520000013.pol,15,48,0,48,2.109
20230520000013.pol,16,52,0,52,2.285
20230520000013.pol,17,56,0,56,2.461
20230520000013.pol,18,60,0,60,2.637
20230520000013.pol,19,64,0,64,2.812
20230520000013.pol,20,68,0,68,2.988
20230520000013.pol,21,72,0,72,3.164
20230520000013.pol,22,76,0,76,3.340
20230520000013.pol,23,78,0,78,3.428
20230520000013.pol,24,82,0,82,3.604
20230520000013.pol,25,86,0,86,3.779
20230520000013.pol,26,88,0,88,3.867
20230520000013.pol,27,92,0,92,4.043
20230520000013.pol,28,96,0,96,4.219
20230520000013.pol,29,100,0,100,4.395
20230520000013.pol,30,104,0,104,4.570
20230520000013.pol,31,108,0,108,4.746
20230520000013.pol,32,112,0,112,4.922
20230520000013.pol,33,116,0,116,5.098
20230520000013.pol,34,120,0,120,5.273
20230520000013.pol,35,124,0,124,5.449
20230520000013.pol,36,128,0,128,5.625
20230520000013.pol,37,132,0,132,5.801
20230520000013.pol,38,136,0,136,5.977
20230520000013.pol,39,140,0,140,6.152
20230520000013.pol,40,144,0,144,6.328
20230520000013.pol,41,148,0,148,6.504
20230520000013.pol,42,150,0,150,6.592
20230520000013.pol,43,154,0,154,6.768
20230520000013.pol,44,156,0,156,6.855
20230520000013.pol,45,160,0,160,7.031
20230520000013.pol,46,162,0,162,7.119
20230520000013.pol,47,166,0,166,7.295
20230520000013.pol,48,170,0,170,7.471
20230520000013.pol,49,174,0,174,7.646
20230520000013.pol,50,176,0,176,7.734
20230520000013.pol,51,180,0,180,7.910
20230520000013.pol,52,184,0,184,8.086
20230520000013.pol,53,188,0,188,8.262
20230520000013.pol,54,192,0,192,8.438
20230520000013.pol,55,196,0,196,8.613
20230520000013.pol,56,198,0,198,8.701
20230520000013.pol,57,202,0,202,8.877
20230520000013.pol,58,204,0,204,8.965
20230520000013.pol,59,208,0,208,9.141
20230520000013.pol,60,210,0,210,9.229
20230520000013.pol,61,214,0,214,9.404
20230520000013.pol,62,218,0,218,9.580
20230520000013.pol,63,222,0,222,9.756
20230520000013.pol,64,226,0,226,9.932
20230520000013.pol,65,230,0,230,10.107
20230520000013.pol,66,232,0,232,10.195
20230520000013.pol,67,236,0,236,10.371
20230520000013.pol,68,238,0,238,10.459
20230520000013.pol,69,242,0,242,10.635
20230520000013.pol,70,246,0,246,10.811
20230520000013.pol,71,250,0,250,10.986
20230520000013.pol,72,252,0,252,11.074
20230520000013.pol,73,0,1,256,11.250
20230520000013.pol,74,2,1,258,11.338
20230520000013.pol,75,6,1,262,11.514
20230520000013.pol,76,10,1,266,11.689
20230520000013.pol,77,14,1,270,11.865
20230520000013.pol,78,18,1,274,12.041
20230520000013.pol,79,22,1,278,12.217
20230520000013.pol,80,24,1,280,12.305
20230520000013.pol,81,28,1,284,12.480
20230520000013.pol,82,32,1,288,12.656
20230520000013.pol,83,36,1,292,12.832
20230520000013.pol,84,38,1,294,12.920
20230520000013.pol,85,42,1,298,13.096
20230520000013.pol,86,46,1,302,13.271
20230520000013.pol,87,50,1,306,13.447
20230520000013.pol,88,54,1,310,13.623
20230520000013.pol,89,58,1,314,13.799
20230520000013.pol,90,62,1,318,13.975
20230520000013.pol,91,66,1,322,14.150
20230520000013.pol,92,70,1,326,14.326
20230520000013.pol,93,74,1,330,14.502
20230520000013.pol,94,78,1,334,14.678
20230520000013.pol,95,80,1,336,14.766
20230520000013.pol,96,84,1,340,14.941
20230520000013.pol,97,88,1,344,15.117
20230520000013.pol,98,92,1,348,15.293
20230520000013.pol,99,94,1,350,15.381
20230520000013.pol,100,98,1,354,15.557
20230520000013.pol,101,100,1,356,15.645
20230520000013.pol,102,104,1,360,15.820
20230520000013.pol,103,108,1,364,15.996
20230520000013.pol,104,110,1,366,16.084
20230520000013.pol,105,114,1,370,16.260
20230520000013.pol,106,118,1,374,16.436
20230520000013.pol,107,120,1,376,16.523
20230520000013.pol,108,124,1,380,16.699
20230520000013.pol,109,128,1,384,16.875
20230520000013.pol,110,132,1,388,17.051
20230520000013.pol,111,134,1,390,17.139
20230520000013.pol,112,138,1,394,17.314
20230520000013.pol,113,140,1,396,17.402
20230520000013.pol,114,144,1,400,17.578
20230520000013.pol,115,146,1,402,17.666
20230520000013.pol,116,150,1,406,17.842
20230520000013.pol,117,154,1,410,18.018
20230520000013.pol,118,158,1,414,18.193
20230520000013.pol,119,162,1,418,18.369
20230520000013.pol,120,166,1,422,18.545
20230520000013.pol,121,170,1,426,18.721
20230520000013.pol,122,174,1,430,18.896
20230520000013.pol,123,176,1,432,18.984
20230520000013.pol,124,180,1,436,19.160
20230520000013.pol,125,184,1,440,19.336
20230520000013.pol,126,188,1,444,19.512
20230520000013.pol,127,190,1,446,19.600
20230520000013.pol,128,194,1,450,19.775
20230520000013.pol,129,198,1,454,19.951
20230520000013.pol,130,200,1,456,20.039
20230520000013.pol,131,204,1,460,20.215
20230520000013.pol,132,208,1,464,20.391
20230520000013.pol,133,212,1,468,20.566
20230520000013.pol,134,216,1,472,20.742
20230520000013.pol,135,220,1,476,20.918
20230520000013.pol,136,224,1,480,21.094
20230520000013.pol,137,228,1,484,21.270
20230520000013.pol,138,232,1,488,21.445
20230520000013.pol,139,234,1,490,21.533
20230520000013.pol,140,238,1,494,21.709
20230520000013.pol,141,242,1,498,21.885
20230520000013.pol,142,246,1,502,22.061
20230520000013.pol,143,250,1,506,22.236
20230520000013.pol,144,252,1,508,22.324
20230520000013.pol,145,0,2,512,22.500
20230520000013.pol,146,2,2,514,22.588
20230520000013.pol,147,6,2,518,22.764
20230520000013.pol,148,8,2,520,22.852
20230520000013.pol,149,12,2,524,23.027
20230520000013.pol,150,16,2,528,23.203
20230520000013.pol,151,18,2,530,23.291
20230520000013.pol,152,22,2,534,23.467
20230520000013.pol,153,24,2,536,23.555
20230520000013.pol,154,28,2,540,23.730
20230520000013.pol,155,32,2,544,23.906
20230520000013.pol,156,36,2,548,24.082
20230520000013.pol,157,40,2,552,24.258
20230520000013.pol,158,44,2,556,24.434
20230520000013.pol,159,48,2,560,24.609
20230520000013.pol,160,52,2,564,24.785
20230520000013.pol,161,56,2,568,24.961
20230520000013.pol,162,60,2,572,25.137
20230520000013.pol,163,62,2,574,25.225
20230520000013.pol,164,66,2,578,25.400
20230520000013.pol,165,70,2,582,25.576
20230520000013.pol,166,74,2,586,25.752
20230520000013.pol,167,78,2,590,25.928
20230520000013.pol,168,82,2,594,26.104
20230520000013.pol,169,86,2,598,26.279
20230520000013.pol,170,90,2,602,26.455
20230520000013.pol,171,94,2,606,26.631
20230520000013.pol,172,98,2,610,26.807
20230520000013.pol,173,102,2,614,26.982
20230520000013.pol,174,106,2,618,27.158
20230520000013.pol,175,110,2,622,27.334
20230520000013.pol,176,114,2,626,27.510
20230520000013.pol,177,118,2,630,27.686
20230520000013.pol,178,122,2,634,27.861
20230520000013.pol,179,126,2,638,28.037
20230520000013.pol,180,130,2,642,28.213
20230520000013.pol,181,134,2,646,28.389
20230520000013.pol,182,136,2,648,28.477
20230520000013.pol,183,140,2,652,28.652
20230520000013.pol,184,142,2,654,28.740
20230520000013.pol,185,146,2,658,28.916
20230520000013.pol,186,148,2,660,29.004
20230520000013.pol,187,152,2,664,29.180
20230520000013.pol,188,156,2,668,29.355
20230520000013.pol,189,160,2,672,29.531
20230520000013.pol,190,162,2,674,29.619
20230520000013.pol,191,166,2,678,29.795
20230520000013.pol,192,170,2,682,29.971
20230520000013.pol,193,172,2,684,30.059
20230520000013.pol,194,176,2,688,30.234
20230520000013.pol,195,180,2,692,30.410
20230520000013.pol,196,184,2,696,30.586
20230520000013.pol,197,186,2,698,30.674
20230520000013.pol,198,190,2,702,30.850
20230520000013.pol,199,194,2,706,31.025
20230520000013.pol,200,198,2,710,31.201
20230520000013.pol,201,202,2,714,31.377
20230520000013.pol,202,204,2,716,31.465
20230520000013.pol,203,208,2,720,31.641
20230520000013.pol,204,212,2,724,31.816
20230520000013.pol,205,216,2,728,31.992
20230520000013.pol,206,220,2,732,32.168
20230520000013.pol,207,224,2,736,32.344
20230520000013.pol,208,228,2,740,32.520
20230520000013.pol,209,232,2,744,32.695
20230520000013.pol,210,236,2,748,32.871
20230520000013.pol,211,240,2,752,33.047
20230520000013.pol,212,244,2,756,33.223
20230520000013.pol,213,248,2,760,33.398
20230520000013.pol,214,252,2,764,33.574
20230520000013.pol,215,0,3,768,33.750
20230520000013.pol,216,2,3,770,33.838
20230520000013.pol,217,6,3,774,34.014
20230520000013.pol,218,8,3,776,34.102
20230520000013.pol,219,12,3,780,34.277
20230520000013.pol,220,16,3,784,34.453
20230520000013.pol,221,20,3,788,34.629
20230520000013.pol,222,24,3,792,34.805
20230520000013.pol,223,28,3,796,34.980
20230520000013.pol,224,32,3,800,35.156
20230520000013.pol,225,36,3,804,35.332
20230520000013.pol,226,38,3,806,35.420
20230520000013.pol,227,42,3,810,35.596
20230520000013.pol,228,44,3,812,35.684
20230520000013.pol,229,48,3,816,35.859
20230520000013.pol,230,52,3,820,36.035
20230520000013.pol,231,56,3,824,36.211
20230520000013.pol,232,60,3,828,36.387
20230520000013.pol,233,64,3,832,36.562
20230520000013.pol,234,68,3,836,36.738
20230520000013.pol,235,72,3,840,36.914
20230520000013.pol,236,76,3,844,37.090
20230520000013.pol,237,78,3,846,37.178
20230520000013.pol,238,82,3,850,37.354
20230520000013.pol,239,86,3,854,37.529
20230520000013.pol,240,90,3,858,37.705
20230520000013.pol,241,94,3,862,37.881
20230520000013.pol,242,98,3,866,38.057
20230520000013.pol,243,102,3,870,38.232
20230520000013.pol,244,104,3,872,38.320
20230520000013.pol,245,108,3,876,38.496
20230520000013.pol,246,112,3,880,38.672
20230520000013.pol,247,116,3,884,38.848
20230520000013.pol,248,120,3,888,39.023
20230520000013.pol,249,124,3,892,39.199
20230520000013.pol,250,128,3,896,39.375
20230520000013.pol,251,132,3,900,39.551
20230520000013.pol,252,134,3,902,39.639
20230520000013.pol,253,138,3,906,39.814
20230520000013.pol,254,140,3,908,39.902
20230520000013.pol,255,144,3,912,40.078
20230520000013.pol,256,146,3,914,40.166
20230520000013.pol,257,150,3,918,40.342
20230520000013.pol,258,154,3,922,40.518
20230520000013.pol,259,158,3,926,40.693
20230520000013.pol,260,160,3,928,40.781
20230520000013.pol,261,164,3,932,40.957
20230520000013.pol,262,168,3,936,41.133
20230520000013.pol,263,170,3,938,41.221
20230520000013.pol,264,174,3,942,41.396
20230520000013.pol,265,178,3,946,41.572
20230520000013.pol,266,182,3,950,41.748
20230520000013.pol,267,186,3,954,41.924
20230520000013.pol,268,190,3,958,42.100
20230520000013.pol,269,194,3,962,42.275
20230520000013.pol,270,196,3,964,42.363
20230520000013.pol,271,200,3,968,42.539
20230520000013.pol,272,204,3,972,42.715
20230520000013.pol,273,206,3,974,42.803
20230520000013.pol,274,210,3,978,42.979
20230520000013.pol,275,214,3,982,43.154
20230520000013.pol,276,218,3,986,43.330
20230520000013.pol,277,220,3,988,43.418
20230520000013.pol,278,224,3,992,43.594
20230520000013.pol,279,228,3,996,43.770
20230520000013.pol,280,232,3,1000,43.945
20230520000013.pol,281,236,3,1004,44.121
20230520000013.pol,282,240,3,1008,44.297
20230520000013.pol,283,244,3,1012,44.473
20230520000013.pol,284,248,3,1016,44.648
20230520000013.pol,285,252,3,1020,44.824
20230520000013.pol,286,0,4,1024,45.000
20230520000013.pol,287,4,4,1028,45.176
20230520000013.pol,288,8,4,1032,45.352
20230520000013.pol,289,12,4,1036,45.527
20230520000013.pol,290,16,4,1040,45.703
20230520000013.pol,291,20,4,1044,45.879
20230520000013.pol,292,22,4,1046,45.967
20230520000013.pol,293,26,4,1050,46.143
20230520000013.pol,294,30,4,1054,46.318
20230520000013.pol,295,34,4,1058,46.494
20230520000013.pol,296,36,4,1060,46.582
20230520000013.pol,297,40,4,1064,46.758
20230520000013.pol,298,42,4,1066,46.846
20230520000013.pol,299,46,4,1070,47.021
20230520000013.pol,300,50,4,1074,47.197
20230520000013.pol,301,54,4,1078,47.373
20230520000013.pol,302,56,4,1080,47.461
20230520000013.pol,303,60,4,1084,47.637
20230520000013.pol,304,64,4,1088,47.812
20230520000013.pol,305,68,4,1092,47.988
20230520000013.pol,306,70,4,1094,48.076
20230520000013.pol,307,74,4,1098,48.252
20230520000013.pol,308,78,4,1102,48.428
20230520000013.pol,309,82,4,1106,48.604
20230520000013.pol,310,84,4,1108,48.691
20230520000013.pol,311,88,4,1112,48.867
20230520000013.pol,312,90,4,1114,48.955
20230520000013.pol,313,94,4,1118,49.131
20230520000013.pol,314,98,4,1122,49.307
20230520000013.pol,315,102,4,1126,49.482
20230520000013.pol,316,106,4,1130,49.658
20230520000013.pol,317,110,4,1134,49.834
20230520000013.pol,318,112,4,1136,49.922
20230520000013.pol,319,116,4,1140,50.098
20230520000013.pol,320,118,4,1142,50.186
20230520000013.pol,321,122,4,1146,50.361
20230520000013.pol,322,126,4,1150,50.537
20230520000013.pol,323,128,4,1152,50.625
20230520000013.pol,324,132,4,1156,50.801
20230520000013.pol,325,136,4,1160,50.977
20230520000013.pol,326,140,4,1164,51.152
20230520000013.pol,327,144,4,1168,51.328
20230520000013.pol,328,146,4,1170,51.416
20230520000013.pol,329,150,4,1174,51.592
20230520000013.pol,330,152,4,1176,51.680
20230520000013.pol,331,156,4,1180,51.855
20230520000013.pol,332,160,4,1184,52.031
20230520000013.pol,333,164,4,1188,52.207
20230520000013.pol,334,166,4,1190,52.295
20230520000013.pol,335,170,4,1194,52.471
20230520000013.pol,336,174,4,1198,52.646
20230520000013.pol,337,176,4,1200,52.734
20230520000013.pol,338,180,4,1204,52.910
20230520000013.pol,339,184,4,1208,53.086
20230520000013.pol,340,188,4,1212,53.262
20230520000013.pol,341,192,4,1216,53.438
20230520000013.pol,342,196,4,1220,53.613
20230520000013.pol,343,200,4,1224,53.789
20230520000013.pol,344,204,4,1228,53.965
20230520000013.pol,345,206,4,1230,54.053
20230520000013.pol,346,210,4,1234,54.229
20230520000013.pol,347,214,4,1238,54.404
20230520000013.pol,348,218,4,1242,54.580
20230520000013.pol,349,220,4,1244,54.668
20230520000013.pol,350,224,4,1248,54.844
20230520000013.pol,351,228,4,1252,55.020
20230520000013.pol,352,230,4,1254,55.107
20230520000013.pol,353,234,4,1258,55.283
20230520000013.pol,354,238,4,1262,55.459
20230520000013.pol,355,242,4,1266,55.635
20230520000013.pol,356,246,4,1270,55.811
20230520000013.pol,357,250,4,1274,55.986
20230520000013.pol,358,254,4,1278,56.162
20230520000013.pol,359,2,5,1282,56.338
20230520000013.pol,360,6,5,1286,56.514
20230520000013.pol,361,10,5,1290,56.689
20230520000013.pol,362,14,5,1294,56.865
20230520000013.pol,363,18,5,1298,57.041
20230520000013.pol,364,22,5,1302,57.217
20230520000013.pol,365,26,5,1306,57.393
20230520000013.pol,366,30,5,1310,57.568
20230520000013.pol,367,34,5,1314,57.744
20230520000013.pol,368,38,5,1318,57.920
20230520000013.pol,369,42,5,1322,58.096
20230520000013.pol,370,46,5,1326,58.271
20230520000013.pol,371,48,5,1328,58.359
20230520000013.pol,372,52,5,1332,58.535
20230520000013.pol,373,54,5,1334,58.623
20230520000013.pol,374,58,5,1338,58.799
20230520000013.pol,375,62,5,1342,58.975
20230520000013.pol,376,66,5,1346,59.150
20230520000013.pol,377,70,5,1350,59.326
20230520000013.pol,378,74,5,1354,59.502
20230520000013.pol,379,78,5,1358,59.678
20230520000013.pol,380,82,5,1362,59.854
20230520000013.pol,381,84,5,1364,59.941
20230520000013.pol,382,88,5,1368,60.117
20230520000013.pol,383,90,5,1370,60.205
20230520000013.pol,384,94,5,1374,60.381
20230520000013.pol,385,98,5,1378,60.557
20230520000013.pol,386,102,5,1382,60.732
20230520000013.pol,387,106,5,1386,60.908
20230520000013.pol,388,110,5,1390,61.084
20230520000013.pol,389,114,5,1394,61.260
20230520000013.pol,390,118,5,1398,61.436
20230520000013.pol,391,122,5,1402,61.611
20230520000013.pol,392,126,5,1406,61.787
20230520000013.pol,393,130,5,1410,61.963
20230520000013.pol,394,134,5,1414,62.139
20230520000013.pol,395,138,5,1418,62.314
20230520000013.pol,396,140,5,1420,62.402
20230520000013.pol,397,144,5,1424,62.578
20230520000013.pol,398,148,5,1428,62.754
20230520000013.pol,399,152,5,1432,62.930
20230520000013.pol,400,154,5,1434,63.018
20230520000013.pol,401,158,5,1438,63.193
20230520000013.pol,402,160,5,1440,63.281
20230520000013.pol,403,164,5,1444,63.457
20230520000013.pol,404,168,5,1448,63.633
20230520000013.pol,405,170,5,1450,63.721
20230520000013.pol,406,174,5,1454,63.896
20230520000013.pol,407,178,5,1458,64.072
20230520000013.pol,408,182,5,1462,64.248
20230520000013.pol,409,186,5,1466,64.424
20230520000013.pol,410,190,5,1470,64.600
20230520000013.pol,411,192,5,1472,64.688
20230520000013.pol,412,196,5,1476,64.863
20230520000013.pol,413,198,5,1478,64.951
20230520000013.pol,414,202,5,1482,65.127
20230520000013.pol,415,206,5,1486,65.303
20230520000013.pol,416,210,5,1490,65.479
20230520000013.pol,417,214,5,1494,65.654
20230520000013.pol,418,216,5,1496,65.742
20230520000013.pol,419,220,5,1500,65.918
20230520000013.pol,420,224,5,1504,66.094
20230520000013.pol,421,228,5,1508,66.270
20230520000013.pol,422,232,5,1512,66.445
20230520000013.pol,423,236,5,1516,66.621
20230520000013.pol,424,240,5,1520,66.797
20230520000013.pol,425,244,5,1524,66.973
20230520000013.pol,426,248,5,1528,67.148
20230520000013.pol,427,252,5,1532,67.324
20230520000013.pol,428,0,6,1536,67.500
20230520000013.pol,429,4,6,1540,67.676
20230520000013.pol,430,8,6,1544,67.852
20230520000013.pol,431,12,6,1548,68.027
20230520000013.pol,432,16,6,1552,68.203
20230520000013.pol,433,20,6,1556,68.379
20230520000013.pol,434,24,6,1560,68.555
20230520000013.pol,435,28,6,1564,68.730
20230520000013.pol,436,32,6,1568,68.906
20230520000013.pol,437,36,6,1572,69.082
20230520000013.pol,438,38,6,1574,69.170
20230520000013.pol,439,42,6,1578,69.346
20230520000013.pol,440,44,6,1580,69.434
20230520000013.pol,441,48,6,1584,69.609
20230520000013.pol,442,52,6,1588,69.785
20230520000013.pol,443,56,6,1592,69.961
20230520000013.pol,444,60,6,1596,70.137
20230520000013.pol,445,64,6,1600,70.312
20230520000013.pol,446,66,6,1602,70.400
20230520000013.pol,447,70,6,1606,70.576
20230520000013.pol,448,74,6,1610,70.752
20230520000013.pol,449,76,6,1612,70.840
20230520000013.pol,450,80,6,1616,71.016
20230520000013.pol,451,82,6,1618,71.104
20230520000013.pol,452,86,6,1622,71.279
20230520000013.pol,453,90,6,1626,71.455
20230520000013.pol,454,94,6,1630,71.631
20230520000013.pol,455,96,6,1632,71.719
20230520000013.pol,456,100,6,1636,71.895
20230520000013.pol,457,104,6,1640,72.070
20230520000013.pol,458,106,6,1642,72.158
20230520000013.pol,459,110,6,1646,72.334
20230520000013.pol,460,114,6,1650,72.510
20230520000013.pol,461,118,6,1654,72.686
20230520000013.pol,462,122,6,1658,72.861
20230520000013.pol,463,126,6,1662,73.037
20230520000013.pol,464,130,6,1666,73.213
20230520000013.pol,465,134,6,1670,73.389
20230520000013.pol,466,138,6,1674,73.564
20230520000013.pol,467,140,6,1676,73.652
20230520000013.pol,468,144,6,1680,73.828
20230520000013.pol,469,148,6,1684,74.004
20230520000013.pol,470,152,6,1688,74.180
20230520000013.pol,471,156,6,1692,74.355
20230520000013.pol,472,160,6,1696,74.531
20230520000013.pol,473,164,6,1700,74.707
20230520000013.pol,474,168,6,1704,74.883
20230520000013.pol,475,170,6,1706,74.971
20230520000013.pol,476,174,6,1710,75.146
20230520000013.pol,477,178,6,1714,75.322
20230520000013.pol,478,182,6,1718,75.498
20230520000013.pol,479,186,6,1722,75.674
20230520000013.pol,480,190,6,1726,75.850
20230520000013.pol,481,192,6,1728,75.938
20230520000013.pol,482,196,6,1732,76.113
20230520000013.pol,483,198,6,1734,76.201
20230520000013.pol,484,202,6,1738,76.377
20230520000013.pol,485,206,6,1742,76.553
20230520000013.pol,486,210,6,1746,76.729
20230520000013.pol,487,212,6,1748,76.816
20230520000013.pol,488,216,6,1752,76.992
20230520000013.pol,489,220,6,1756,77.168
20230520000013.pol,490,224,6,1760,77.344
20230520000013.pol,491,226,6,1762,77.432
20230520000013.pol,492,230,6,1766,77.607
20230520000013.pol,493,234,6,1770,77.783
20230520000013.pol,494,238,6,1774,77.959
20230520000013.pol,495,240,6,1776,78.047
20230520000013.pol,496,244,6,1780,78.223
20230520000013.pol,497,248,6,1784,78.398
20230520000013.pol,498,250,6,1786,78.486
20230520000013.pol,499,254,6,1790,78.662
20230520000013.pol,500,2,7,1794,78.838
20230520000013.pol,501,6,7,1798,79.014
20230520000013.pol,502,10,7,1802,79.189
20230520000013.pol,503,14,7,1806,79.365
20230520000013.pol,504,18,7,1810,79.541
20230520000013.pol,505,22,7,1814,79.717
20230520000013.pol,506,26,7,1818,79.893
20230520000013.pol,507,30,7,1822,80.068
20230520000013.pol,508,34,7,1826,80.244
20230520000013.pol,509,38,7,1830,80.420
20230520000013.pol,510,42,7,1834,80.596
20230520000013.pol,511,46,7,1838,80.771
20230520000013.pol,512,50,7,1842,80.947
20230520000013.pol,513,54,7,1846,81.123
20230520000013.pol,514,58,7,1850,81.299
20230520000013.pol,515,62,7,1854,81.475
20230520000013.pol,516,66,7,1858,81.650
20230520000013.pol,517,68,7,1860,81.738
20230520000013.pol,518,72,7,1864,81.914
20230520000013.pol,519,76,7,1868,82.090
20230520000013.pol,520,80,7,1872,82.266
20230520000013.pol,521,82,7,1874,82.354
20230520000013.pol,522,86,7,1878,82.529
20230520000013.pol,523,90,7,1882,82.705
20230520000013.pol,524,94,7,1886,82.881
20230520000013.pol,525,98,7,1890,83.057
20230520000013.pol,526,100,7,1892,83.145
20230520000013.pol,527,104,7,1896,83.320
20230520000013.pol,528,108,7,1900,83.496
20230520000013.pol,529,112,7,1904,83.672
20230520000013.pol,530,116,7,1908,83.848
20230520000013.pol,531,120,7,1912,84.023
20230520000013.pol,532,124,7,1916,84.199
20230520000013.pol,533,126,7,1918,84.287
20230520000013.pol,534,130,7,1922,84.463
20230520000013.pol,535,132,7,1924,84.551
20230520000013.pol,536,136,7,1928,84.727
20230520000013.pol,537,140,7,1932,84.902
20230520000013.pol,538,142,7,1934,84.990
20230520000013.pol,539,146,7,1938,85.166
20230520000013.pol,540,150,7,1942,85.342
20230520000013.pol,541,154,7,1946,85.518
20230520000013.pol,542,158,7,1950,85.693
20230520000013.pol,543,162,7,1954,85.869
20230520000013.pol,544,166,7,1958,86.045
20230520000013.pol,545,170,7,1962,86.221
20230520000013.pol,546,174,7,1966,86.396
20230520000013.pol,547,176,7,1968,86.484
20230520000013.pol,548,180,7,1972,86.660
20230520000013.pol,549,182,7,1974,86.748
20230520000013.pol,550,186,7,1978,86.924
20230520000013.pol,551,190,7,1982,87.100
20230520000013.pol,552,194,7,1986,87.275
20230520000013.pol,553,198,7,1990,87.451
20230520000013.pol,554,202,7,1994,87.627
20230520000013.pol,555,204,7,1996,87.715
20230520000013.pol,556,208,7,2000,87.891
20230520000013.pol,557,212,7,2004,88.066
20230520000013.pol,558,216,7,2008,88.242
20230520000013.pol,559,220,7,2012,88.418
20230520000013.pol,560,222,7,2014,88.506
20230520000013.pol,561,226,7,2018,88.682
20230520000013.pol,562,230,7,2022,88.857
20230520000013.pol,563,232,7,2024,88.945
20230520000013.pol,564,236,7,2028,89.121
20230520000013.pol,565,240,7,2032,89.297
20230520000013.pol,566,244,7,2036,89.473
20230520000013.pol,567,248,7,2040,89.648
20230520000013.pol,568,250,7,2042,89.736
20230520000013.pol,569,254,7,2046,89.912
20230520000013.pol,570,2,8,2050,90.088
20230520000013.pol,571,4,8,2052,90.176
20230520000013.pol,572,8,8,2056,90.352
20230520000013.pol,573,12,8,2060,90.527
20230520000013.pol,574,16,8,2064,90.703
20230520000013.pol,575,20,8,2068,90.879
20230520000013.pol,576,24,8,2072,91.055
20230520000013.pol,577,28,8,2076,91.230
20230520000013.pol,578,32,8,2080,91.406
20230520000013.pol,579,36,8,2084,91.582
20230520000013.pol,580,40,8,2088,91.758
20230520000013.pol,581,44,8,2092,91.934
20230520000013.pol,582,48,8,2096,92.109
20230520000013.pol,583,50,8,2098,92.197
20230520000013.pol,584,54,8,2102,92.373
20230520000013.pol,585,56,8,2104,92.461
20230520000013.pol,586,60,8,2108,92.637
20230520000013.pol,587,64,8,2112,92.812
20230520000013.pol,588,68,8,2116,92.988
20230520000013.pol,589,72,8,2120,93.164
20230520000013.pol,590,76,8,2124,93.340
20230520000013.pol,591,78,8,2126,93.428
20230520000013.pol,592,82,8,2130,93.604
20230520000013.pol,593,86,8,2134,93.779
20230520000013.pol,594,90,8,2138,93.955
20230520000013.pol,595,94,8,2142,94.131
20230520000013.pol,596,98,8,2146,94.307
20230520000013.pol,597,102,8,2150,94.482
20230520000013.pol,598,106,8,2154,94.658
20230520000013.pol,599,110,8,2158,94.834
20230520000013.pol,600,114,8,2162,95.010
20230520000013.pol,601,118,8,2166,95.186
20230520000013.pol,602,120,8,2168,95.273
20230520000013.pol,603,124,8,2172,95.449
20230520000013.pol,604,128,8,2176,95.625
20230520000013.pol,605,130,8,2178,95.713
20230520000013.pol,606,134,8,2182,95.889
20230520000013.pol,607,138,8,2186,96.064
20230520000013.pol,608,142,8,2190,96.240
20230520000013.pol,609,146,8,2194,96.416
20230520000013.pol,610,148,8,2196,96.504
20230520000013.pol,611,152,8,2200,96.680
20230520000013.pol,612,156,8,2204,96.855
20230520000013.pol,613,160,8,2208,97.031
20230520000013.pol,614,162,8,2210,97.119
20230520000013.pol,615,166,8,2214,97.295
20230520000013.pol,616,170,8,2218,97.471
20230520000013.pol,617,172,8,2220,97.559
20230520000013.pol,618,176,8,2224,97.734
20230520000013.pol,619,180,8,2228,97.910
20230520000013.pol,620,184,8,2232,98.086
20230520000013.pol,621,188,8,2236,98.262
20230520000013.pol,622,190,8,2238,98.350
20230520000013.pol,623,194,8,2242,98.525
20230520000013.pol,624,196,8,2244,98.613
20230520000013.pol,625,200,8,2248,98.789
20230520000013.pol,626,202,8,2250,98.877
20230520000013.pol,627,206,8,2254,99.053
20230520000013.pol,628,210,8,2258,99.229
20230520000013.pol,629,214,8,2262,99.404
20230520000013.pol,630,216,8,2264,99.492
20230520000013.pol,631,220,8,2268,99.668
20230520000013.pol,632,224,8,2272,99.844
20230520000013.pol,633,228,8,2276,100.020
20230520000013.pol,634,232,8,2280,100.195
20230520000013.pol,635,236,8,2284,100.371
20230520000013.pol,636,240,8,2288,100.547
20230520000013.pol,637,244,8,2292,100.723
20230520000013.pol,638,248,8,2296,100.898
20230520000013.pol,639,250,8,2298,100.986
20230520000013.pol,640,254,8,2302,101.162
20230520000013.pol,641,2,9,2306,101.338
20230520000013.pol,642,6,9,2310,101.514
20230520000013.pol,643,10,9,2314,101.689
20230520000013.pol,644,14,9,2318,101.865
20230520000013.pol,645,18,9,2322,102.041
20230520000013.pol,646,22,9,2326,102.217
20230520000013.pol,647,26,9,2330,102.393
20230520000013.pol,648,30,9,2334,102.568
20230520000013.pol,649,34,9,2338,102.744
20230520000013.pol,650,38,9,2342,102.920
20230520000013.pol,651,42,9,2346,103.096
20230520000013.pol,652,44,9,2348,103.184
20230520000013.pol,653,48,9,2352,103.359
20230520000013.pol,654,52,9,2356,103.535
20230520000013.pol,655,56,9,2360,103.711
20230520000013.pol,656,60,9,2364,103.887
20230520000013.pol,657,64,9,2368,104.062
20230520000013.pol,658,68,9,2372,104.238
20230520000013.pol,659,72,9,2376,104.414
20230520000013.pol,660,74,9,2378,104.502
20230520000013.pol,661,78,9,2382,104.678
20230520000013.pol,662,80,9,2384,104.766
20230520000013.pol,663,84,9,2388,104.941
20230520000013.pol,664,88,9,2392,105.117
20230520000013.pol,665,92,9,2396,105.293
20230520000013.pol,666,94,9,2398,105.381
20230520000013.pol,667,98,9,2402,105.557
20230520000013.pol,668,102,9,2406,105.732
20230520000013.pol,669,106,9,2410,105.908
20230520000013.pol,670,108,9,2412,105.996
20230520000013.pol,671,112,9,2416,106.172
20230520000013.pol,672,116,9,2420,106.348
20230520000013.pol,673,120,9,2424,106.523
20230520000013.pol,674,124,9,2428,106.699
20230520000013.pol,675,128,9,2432,106.875
20230520000013.pol,676,132,9,2436,107.051
20230520000013.pol,677,136,9,2440,107.227
20230520000013.pol,678,140,9,2444,107.402
20230520000013.pol,679,144,9,2448,107.578
20230520000013.pol,680,146,9,2450,107.666
20230520000013.pol,681,150,9,2454,107.842
20230520000013.pol,682,154,9,2458,108.018
20230520000013.pol,683,158,9,2462,108.193
20230520000013.pol,684,162,9,2466,108.369
20230520000013.pol,685,166,9,2470,108.545
20230520000013.pol,686,170,9,2474,108.721
20230520000013.pol,687,174,9,2478,108.896
20230520000013.pol,688,176,9,2480,108.984
20230520000013.pol,689,180,9,2484,109.160
20230520000013.pol,690,184,9,2488,109.336
20230520000013.pol,691,186,9,2490,109.424
20230520000013.pol,692,190,9,2494,109.600
20230520000013.pol,693,194,9,2498,109.775
20230520000013.pol,694,198,9,2502,109.951
20230520000013.pol,695,202,9,2506,110.127
20230520000013.pol,696,206,9,2510,110.303
20230520000013.pol,697,210,9,2514,110.479
20230520000013.pol,698,212,9,2516,110.566
20230520000013.pol,699,216,9,2520,110.742
20230520000013.pol,700,220,9,2524,110.918
20230520000013.pol,701,224,9,2528,111.094
20230520000013.pol,702,228,9,2532,111.270
20230520000013.pol,703,232,9,2536,111.445
20230520000013.pol,704,234,9,2538,111.533
20230520000013.pol,705,238,9,2542,111.709
20230520000013.pol,706,242,9,2546,111.885
20230520000013.pol,707,244,9,2548,111.973
20230520000013.pol,708,248,9,2552,112.148
20230520000013.pol,709,252,9,2556,112.324
20230520000013.pol,710,254,9,2558,112.412
20230520000013.pol,711,2,10,2562,112.588
20230520000013.pol,712,6,10,2566,112.764
20230520000013.pol,713,10,10,2570,112.939
20230520000013.pol,714,14,10,2574,113.115
20230520000013.pol,715,18,10,2578,113.291
20230520000013.pol,716,22,10,2582,113.467
20230520000013.pol,717,24,10,2584,113.555
20230520000013.pol,718,28,10,2588,113.730
20230520000013.pol,719,30,10,2590,113.818
20230520000013.pol,720,34,10,2594,113.994
20230520000013.pol,721,38,10,2598,114.170
20230520000013.pol,722,40,10,2600,114.258
20230520000013.pol,723,44,10,2604,114.434
20230520000013.pol,724,48,10,2608,114.609
20230520000013.pol,725,52,10,2612,114.785
20230520000013.pol,726,56,10,2616,114.961
20230520000013.pol,727,60,10,2620,115.137
20230520000013.pol,728,64,10,2624,115.312
20230520000013.pol,729,68,10,2628,115.488
20230520000013.pol,730,72,10,2632,115.664
20230520000013.pol,731,74,10,2634,115.752
20230520000013.pol,732,78,10,2638,115.928
20230520000013.pol,733,82,10,2642,116.104
20230520000013.pol,734,86,10,2646,116.279
20230520000013.pol,735,90,10,2650,116.455
20230520000013.pol,736,94,10,2654,116.631
20230520000013.pol,737,98,10,2658,116.807
20230520000013.pol,738,102,10,2662,116.982
20230520000013.pol,739,104,10,2664,117.070
20230520000013.pol,740,108,10,2668,117.246
20230520000013.pol,741,112,10,2672,117.422
20230520000013.pol,742,116,10,2676,117.598
20230520000013.pol,743,120,10,2680,117.773
20230520000013.pol,744,122,10,2682,117.861
20230520000013.pol,745,126,10,2686,118.037
20230520000013.pol,746,130,10,2690,118.213
20230520000013.pol,747,132,10,2692,118.301
20230520000013.pol,748,136,10,2696,118.477
20230520000013.pol,749,140,10,2700,118.652
20230520000013.pol,750,144,10,2704,118.828
20230520000013.pol,751,148,10,2708,119.004
20230520000013.pol,752,152,10,2712,119.180
20230520000013.pol,753,156,10,2716,119.355
20230520000013.pol,754,158,10,2718,119.443
20230520000013.pol,755,162,10,2722,119.619
20230520000013.pol,756,166,10,2726,119.795
20230520000013.pol,757,170,10,2730,119.971
20230520000013.pol,758,174,10,2734,120.146
20230520000013.pol,759,178,10,2738,120.322
20230520000013.pol,760,182,10,2742,120.498
20230520000013.pol,761,186,10,2746,120.674
20230520000013.pol,762,188,10,2748,120.762
20230520000013.pol,763,192,10,2752,120.938
20230520000013.pol,764,196,10,2756,121.113
20230520000013.pol,765,200,10,2760,121.289
20230520000013.pol,766,204,10,2764,121.465
20230520000013.pol,767,208,10,2768,121.641
20230520000013.pol,768,212,10,2772,121.816
20230520000013.pol,769,214,10,2774,121.904
20230520000013.pol,770,218,10,2778,122.080
20230520000013.pol,771,222,10,2782,122.256
20230520000013.pol,772,226,10,2786,122.432
20230520000013.pol,773,230,10,2790,122.607
20230520000013.pol,774,234,10,2794,122.783
20230520000013.pol,775,238,10,2798,122.959
20230520000013.pol,776,242,10,2802,123.135
20230520000013.pol,777,244,10,2804,123.223
20230520000013.pol,778,248,10,2808,123.398
20230520000013.pol,779,252,10,2812,123.574
20230520000013.pol,780,254,10,2814,123.662
20230520000013.pol,781,2,11,2818,123.838
20230520000013.pol,782,6,11,2822,124.014
20230520000013.pol,783,10,11,2826,124.189
20230520000013.pol,784,14,11,2830,124.365
20230520000013.pol,785,18,11,2834,124.541
20230520000013.pol,786,22,11,2838,124.717
20230520000013.pol,787,24,11,2840,124.805
20230520000013.pol,788,28,11,2844,124.980
20230520000013.pol,789,30,11,2846,125.068
20230520000013.pol,790,34,11,2850,125.244
20230520000013.pol,791,38,11,2854,125.420
20230520000013.pol,792,42,11,2858,125.596
20230520000013.pol,793,46,11,2862,125.771
20230520000013.pol,794,50,11,2866,125.947
20230520000013.pol,795,54,11,2870,126.123
20230520000013.pol,796,56,11,2872,126.211
20230520000013.pol,797,60,11,2876,126.387
20230520000013.pol,798,64,11,2880,126.562
20230520000013.pol,799,68,11,2884,126.738
20230520000013.pol,800,72,11,2888,126.914
20230520000013.pol,801,76,11,2892,127.090
20230520000013.pol,802,80,11,2896,127.266
20230520000013.pol,803,82,11,2898,127.354
20230520000013.pol,804,86,11,2902,127.529
20230520000013.pol,805,90,11,2906,127.705
20230520000013.pol,806,94,11,2910,127.881
20230520000013.pol,807,96,11,2912,127.969
20230520000013.pol,808,100,11,2916,128.145
20230520000013.pol,809,104,11,2920,128.320
20230520000013.pol,810,108,11,2924,128.496
20230520000013.pol,811,110,11,2926,128.584
20230520000013.pol,812,114,11,2930,128.760
20230520000013.pol,813,118,11,2934,128.936
20230520000013.pol,814,122,11,2938,129.111
20230520000013.pol,815,124,11,2940,129.199
20230520000013.pol,816,128,11,2944,129.375
20230520000013.pol,817,132,11,2948,129.551
20230520000013.pol,818,136,11,2952,129.727
20230520000013.pol,819,140,11,2956,129.902
20230520000013.pol,820,144,11,2960,130.078
20230520000013.pol,821,148,11,2964,130.254
20230520000013.pol,822,150,11,2966,130.342
20230520000013.pol,823,154,11,2970,130.518
20230520000013.pol,824,158,11,2974,130.693
20230520000013.pol,825,160,11,2976,130.781
20230520000013.pol,826,164,11,2980,130.957
20230520000013.pol,827,168,11,2984,131.133
20230520000013.pol,828,172,11,2988,131.309
20230520000013.pol,829,176,11,2992,131.484
20230520000013.pol,830,180,11,2996,131.660
20230520000013.pol,831,184,11,3000,131.836
20230520000013.pol,832,188,11,3004,132.012
20230520000013.pol,833,192,11,3008,132.188
20230520000013.pol,834,194,11,3010,132.275
20230520000013.pol,835,198,11,3014,132.451
20230520000013.pol,836,200,11,3016,132.539
20230520000013.pol,837,204,11,3020,132.715
20230520000013.pol,838,208,11,3024,132.891
20230520000013.pol,839,212,11,3028,133.066
20230520000013.pol,840,214,11,3030,133.154
20230520000013.pol,841,218,11,3034,133.330
20230520000013.pol,842,222,11,3038,133.506
20230520000013.pol,843,224,11,3040,133.594
20230520000013.pol,844,228,11,3044,133.770
20230520000013.pol,845,232,11,3048,133.945
20230520000013.pol,846,236,11,3052,134.121
20230520000013.pol,847,240,11,3056,134.297
20230520000013.pol,848,244,11,3060,134.473
20230520000013.pol,849,248,11,3064,134.648
20230520000013.pol,850,250,11,3066,134.736
20230520000013.pol,851,254,11,3070,134.912
20230520000013.pol,852,2,12,3074,135.088
20230520000013.pol,853,6,12,3078,135.264
20230520000013.pol,854,8,12,3080,135.352
20230520000013.pol,855,12,12,3084,135.527
20230520000013.pol,856,16,12,3088,135.703
20230520000013.pol,857,20,12,3092,135.879
20230520000013.pol,858,24,12,3096,136.055
20230520000013.pol,859,28,12,3100,136.230
20230520000013.pol,860,32,12,3104,136.406
20230520000013.pol,861,36,12,3108,136.582
20230520000013.pol,862,40,12,3112,136.758
20230520000013.pol,863,44,12,3116,136.934
20230520000013.pol,864,48,12,3120,137.109
20230520000013.pol,865,50,12,3122,137.197
20230520000013.pol,866,54,12,3126,137.373
20230520000013.pol,867,56,12,3128,137.461
20230520000013.pol,868,60,12,3132,137.637
20230520000013.pol,869,64,12,3136,137.812
20230520000013.pol,870,68,12,3140,137.988
20230520000013.pol,871,72,12,3144,138.164
20230520000013.pol,872,74,12,3146,138.252
20230520000013.pol,873,78,12,3150,138.428
20230520000013.pol,874,80,12,3152,138.516
20230520000013.pol,875,84,12,3156,138.691
20230520000013.pol,876,86,12,3158,138.779
20230520000013.pol,877,90,12,3162,138.955
20230520000013.pol,878,92,12,3164,139.043
20230520000013.pol,879,96,12,3168,139.219
20230520000013.pol,880,100,12,3172,139.395
20230520000013.pol,881,104,12,3176,139.570
20230520000013.pol,882,108,12,3180,139.746
20230520000013.pol,883,112,12,3184,139.922
20230520000013.pol,884,116,12,3188,140.098
20230520000013.pol,885,120,12,3192,140.273
20230520000013.pol,886,122,12,3194,140.361
20230520000013.pol,887,126,12,3198,140.537
20230520000013.pol,888,130,12,3202,140.713
20230520000013.pol,889,132,12,3204,140.801
20230520000013.pol,890,136,12,3208,140.977
20230520000013.pol,891,138,12,3210,141.064
20230520000013.pol,892,142,12,3214,141.240
20230520000013.pol,893,146,12,3218,141.416
20230520000013.pol,894,150,12,3222,141.592
20230520000013.pol,895,154,12,3226,141.768
20230520000013.pol,896,158,12,3230,141.943
20230520000013.pol,897,162,12,3234,142.119
20230520000013.pol,898,166,12,3238,142.295
20230520000013.pol,899,168,12,3240,142.383
20230520000013.pol,900,172,12,3244,142.559
20230520000013.pol,901,176,12,3248,142.734
20230520000013.pol,902,180,12,3252,142.910
20230520000013.pol,903,184,12,3256,143.086
20230520000013.pol,904,188,12,3260,143.262
20230520000013.pol,905,192,12,3264,143.438
20230520000013.pol,906,196,12,3268,143.613
20230520000013.pol,907,200,12,3272,143.789
20230520000013.pol,908,202,12,3274,143.877
20230520000013.pol,909,206,12,3278,144.053
20230520000013.pol,910,208,12,3280,144.141
20230520000013.pol,911,212,12,3284,144.316
20230520000013.pol,912,216,12,3288,144.492
20230520000013.pol,913,218,12,3290,144.580
20230520000013.pol,914,222,12,3294,144.756
20230520000013.pol,915,226,12,3298,144.932
20230520000013.pol,916,230,12,3302,145.107
20230520000013.pol,917,234,12,3306,145.283
20230520000013.pol,918,238,12,3310,145.459
20230520000013.pol,919,242,12,3314,145.635
20230520000013.pol,920,246,12,3318,145.811
20230520000013.pol,921,250,12,3322,145.986
20230520000013.pol,922,254,12,3326,146.162
20230520000013.pol,923,2,13,3330,146.338
20230520000013.pol,924,4,13,3332,146.426
20230520000013.pol,925,8,13,3336,146.602
20230520000013.pol,926,12,13,3340,146.777
20230520000013.pol,927,14,13,3342,146.865
20230520000013.pol,928,18,13,3346,147.041
20230520000013.pol,929,22,13,3350,147.217
20230520000013.pol,930,26,13,3354,147.393
20230520000013.pol,931,30,13,3358,147.568
20230520000013.pol,932,34,13,3362,147.744
20230520000013.pol,933,38,13,3366,147.920
20230520000013.pol,934,42,13,3370,148.096
20230520000013.pol,935,46,13,3374,148.271
20230520000013.pol,936,50,13,3378,148.447
20230520000013.pol,937,54,13,3382,148.623
20230520000013.pol,938,56,13,3384,148.711
20230520000013.pol,939,60,13,3388,148.887
20230520000013.pol,940,64,13,3392,149.062
20230520000013.pol,941,68,13,3396,149.238
20230520000013.pol,942,72,13,3400,149.414
20230520000013.pol,943,76,13,3404,149.590
20230520000013.pol,944,80,13,3408,149.766
20230520000013.pol,945,84,13,3412,149.941
20230520000013.pol,946,86,13,3414,150.029
20230520000013.pol,947,90,13,3418,150.205
20230520000013.pol,948,94,13,3422,150.381
20230520000013.pol,949,98,13,3426,150.557
20230520000013.pol,950,102,13,3430,150.732
20230520000013.pol,951,106,13,3434,150.908
20230520000013.pol,952,110,13,3438,151.084
20230520000013.pol,953,114,13,3442,151.260
20230520000013.pol,954,118,13,3446,151.436
20230520000013.pol,955,120,13,3448,151.523
20230520000013.pol,956,124,13,3452,151.699
20230520000013.pol,957,128,13,3456,151.875
20230520000013.pol,958,130,13,3458,151.963
20230520000013.pol,959,134,13,3462,152.139
20230520000013.pol,960,138,13,3466,152.314
20230520000013.pol,961,142,13,3470,152.490
20230520000013.pol,962,146,13,3474,152.666
20230520000013.pol,963,150,13,3478,152.842
20230520000013.pol,964,154,13,3482,153.018
20230520000013.pol,965,158,13,3486,153.193
20230520000013.pol,966,160,13,3488,153.281
20230520000013.pol,967,164,13,3492,153.457
20230520000013.pol,968,166,13,3494,153.545
20230520000013.pol,969,170,13,3498,153.721
20230520000013.pol,970,174,13,3502,153.896
20230520000013.pol,971,178,13,3506,154.072
20230520000013.pol,972,182,13,3510,154.248
20230520000013.pol,973,186,13,3514,154.424
20230520000013.pol,974,190,13,3518,154.600
20230520000013.pol,975,194,13,3522,154.775
20230520000013.pol,976,196,13,3524,154.863
20230520000013.pol,977,200,13,3528,155.039
20230520000013.pol,978,204,13,3532,155.215
20230520000013.pol,979,206,13,3534,155.303
20230520000013.pol,980,210,13,3538,155.479
20230520000013.pol,981,212,13,3540,155.566
20230520000013.pol,982,216,13,3544,155.742
20230520000013.pol,983,220,13,3548,155.918
20230520000013.pol,984,224,13,3552,156.094
20230520000013.pol,985,228,13,3556,156.270
20230520000013.pol,986,232,13,3560,156.445
20230520000013.pol,987,236,13,3564,156.621
20230520000013.pol,988,238,13,3566,156.709
20230520000013.pol,989,242,13,3570,156.885
20230520000013.pol,990,246,13,3574,157.061
20230520000013.pol,991,250,13,3578,157.236
20230520000013.pol,992,252,13,3580,157.324
20230520000013.pol,993,0,14,3584,157.500
20230520000013.pol,994,4,14,3588,157.676
20230520000013.pol,995,8,14,3592,157.852
20230520000013.pol,996,10,14,3594,157.939
20230520000013.pol,997,14,14,3598,158.115
20230520000013.pol,998,18,14,3602,158.291
20230520000013.pol,999,22,14,3606,158.467
20230520000013.pol,1000,26,14,3610,158.643
20230520000013.pol,1001,30,14,3614,158.818
20230520000013.pol,1002,34,14,3618,158.994
20230520000013.pol,1003,38,14,3622,159.170
20230520000013.pol,1004,42,14,3626,159.346
20230520000013.pol,1005,46,14,3630,159.521
20230520000013.pol,1006,50,14,3634,159.697
20230520000013.pol,1007,54,14,3638,159.873
20230520000013.pol,1008,58,14,3642,160.049
20230520000013.pol,1009,62,14,3646,160.225
20230520000013.pol,1010,66,14,3650,160.400
20230520000013.pol,1011,70,14,3654,160.576
20230520000013.pol,1012,74,14,3658,160.752
20230520000013.pol,1013,76,14,3660,160.840
20230520000013.pol,1014,80,14,3664,161.016
20230520000013.pol,1015,84,14,3668,161.191
20230520000013.pol,1016,88,14,3672,161.367
20230520000013.pol,1017,92,14,3676,161.543
20230520000013.pol,1018,96,14,3680,161.719
20230520000013.pol,1019,100,14,3684,161.895
20230520000013.pol,1020,104,14,3688,162.070
20230520000013.pol,1021,108,14,3692,162.246
20230520000013.pol,1022,112,14,3696,162.422
20230520000013.pol,1023,116,14,3700,162.598
20230520000013.pol,1024,118,14,3702,162.686
20230520000013.pol,1025,122,14,3706,162.861
20230520000013.pol,1026,126,14,3710,163.037
20230520000013.pol,1027,130,14,3714,163.213
20230520000013.pol,1028,134,14,3718,163.389
20230520000013.pol,1029,138,14,3722,163.564
20230520000013.pol,1030,140,14,3724,163.652
20230520000013.pol,1031,144,14,3728,163.828
20230520000013.pol,1032,148,14,3732,164.004
20230520000013.pol,1033,152,14,3736,164.180
20230520000013.pol,1034,156,14,3740,164.355
20230520000013.pol,1035,158,14,3742,164.443
20230520000013.pol,1036,162,14,3746,164.619
20230520000013.pol,1037,166,14,3750,164.795
20230520000013.pol,1038,170,14,3754,164.971
20230520000013.pol,1039,172,14,3756,165.059
20230520000013.pol,1040,176,14,3760,165.234
20230520000013.pol,1041,180,14,3764,165.410
20230520000013.pol,1042,184,14,3768,165.586
20230520000013.pol,1043,188,14,3772,165.762
20230520000013.pol,1044,190,14,3774,165.850
20230520000013.pol,1045,194,14,3778,166.025
20230520000013.pol,1046,196,14,3780,166.113
20230520000013.pol,1047,200,14,3784,166.289
20230520000013.pol,1048,202,14,3786,166.377
20230520000013.pol,1049,206,14,3790,166.553
20230520000013.pol,1050,210,14,3794,166.729
20230520000013.pol,1051,214,14,3798,166.904
20230520000013.pol,1052,218,14,3802,167.080
20230520000013.pol,1053,222,14,3806,167.256
20230520000013.pol,1054,226,14,3810,167.432
20230520000013.pol,1055,230,14,3814,167.607
20230520000013.pol,1056,234,14,3818,167.783
20230520000013.pol,1057,236,14,3820,167.871
20230520000013.pol,1058,240,14,3824,168.047
20230520000013.pol,1059,244,14,3828,168.223
20230520000013.pol,1060,248,14,3832,168.398
20230520000013.pol,1061,250,14,3834,168.486
20230520000013.pol,1062,254,14,3838,168.662
20230520000013.pol,1063,0,15,3840,168.750
20230520000013.pol,1064,4,15,3844,168.926
20230520000013.pol,1065,8,15,3848,169.102
20230520000013.pol,1066,12,15,3852,169.277
20230520000013.pol,1067,16,15,3856,169.453
20230520000013.pol,1068,20,15,3860,169.629
20230520000013.pol,1069,24,15,3864,169.805
20230520000013.pol,1070,28,15,3868,169.980
20230520000013.pol,1071,32,15,3872,170.156
20230520000013.pol,1072,36,15,3876,170.332
20230520000013.pol,1073,40,15,3880,170.508
20230520000013.pol,1074,44,15,3884,170.684
20230520000013.pol,1075,46,15,3886,170.771
20230520000013.pol,1076,50,15,3890,170.947
20230520000013.pol,1077,54,15,3894,171.123
20230520000013.pol,1078,56,15,3896,171.211
20230520000013.pol,1079,60,15,3900,171.387
20230520000013.pol,1080,64,15,3904,171.562
20230520000013.pol,1081,68,15,3908,171.738
20230520000013.pol,1082,72,15,3912,171.914
20230520000013.pol,1083,76,15,3916,172.090
20230520000013.pol,1084,80,15,3920,172.266
20230520000013.pol,1085,84,15,3924,172.441
20230520000013.pol,1086,88,15,3928,172.617
20230520000013.pol,1087,92,15,3932,172.793
20230520000013.pol,1088,96,15,3936,172.969
20230520000013.pol,1089,98,15,3938,173.057
20230520000013.pol,1090,102,15,3942,173.232
20230520000013.pol,1091,104,15,3944,173.320
20230520000013.pol,1092,108,15,3948,173.496
20230520000013.pol,1093,112,15,3952,173.672
20230520000013.pol,1094,116,15,3956,173.848
20230520000013.pol,1095,118,15,3958,173.936
20230520000013.pol,1096,122,15,3962,174.111
20230520000013.pol,1097,126,15,3966,174.287
20230520000013.pol,1098,130,15,3970,174.463
20230520000013.pol,1099,134,15,3974,174.639
20230520000013.pol,1100,138,15,3978,174.814
20230520000013.pol,1101,142,15,3982,174.990
20230520000013.pol,1102,146,15,3986,175.166
20230520000013.pol,1103,150,15,3990,175.342
20230520000013.pol,1104,154,15,3994,175.518
20230520000013.pol,1105,158,15,3998,175.693
20230520000013.pol,1106,162,15,4002,175.869
20230520000013.pol,1107,166,15,4006,176.045
20230520000013.pol,1108,170,15,4010,176.221
20230520000013.pol,1109,172,15,4012,176.309
20230520000013.pol,1110,176,15,4016,176.484
20230520000013.pol,1111,180,15,4020,176.660
20230520000013.pol,1112,184,15,4024,176.836
20230520000013.pol,1113,188,15,4028,177.012
20230520000013.pol,1114,192,15,4032,177.188
20230520000013.pol,1115,196,15,4036,177.363
20230520000013.pol,1116,198,15,4038,177.451
20230520000013.pol,1117,202,15,4042,177.627
20230520000013.pol,1118,204,15,4044,177.715
20230520000013.pol,1119,208,15,4048,177.891
20230520000013.pol,1120,210,15,4050,177.979
20230520000013.pol,1121,214,15,4054,178.154
20230520000013.pol,1122,216,15,4056,178.242
20230520000013.pol,1123,220,15,4060,178.418
20230520000013.pol,1124,222,15,4062,178.506
20230520000013.pol,1125,226,15,4066,178.682
20230520000013.pol,1126,228,15,4068,178.770
20230520000013.pol,1127,232,15,4072,178.945
20230520000013.pol,1128,236,15,4076,179.121
20230520000013.pol,1129,240,15,4080,179.297
20230520000013.pol,1130,244,15,4084,179.473
20230520000013.pol,1131,248,15,4088,179.648
20230520000013.pol,1132,250,15,4090,179.736
20230520000013.pol,1133,254,15,4094,179.912
20230520000013.pol,1134,2,16,4098,180.088
20230520000013.pol,1135,6,16,4102,180.264
20230520000013.pol,1136,10,16,4106,180.439
20230520000013.pol,1137,14,16,4110,180.615
20230520000013.pol,1138,18,16,4114,180.791
20230520000013.pol,1139,22,16,4118,180.967
20230520000013.pol,1140,24,16,4120,181.055
20230520000013.pol,1141,28,16,4124,181.230
20230520000013.pol,1142,32,16,4128,181.406
20230520000013.pol,1143,34,16,4130,181.494
20230520000013.pol,1144,38,16,4134,181.670
20230520000013.pol,1145,40,16,4136,181.758
20230520000013.pol,1146,44,16,4140,181.934
20230520000013.pol,1147,48,16,4144,182.109
20230520000013.pol,1148,52,16,4148,182.285
20230520000013.pol,1149,54,16,4150,182.373
20230520000013.pol,1150,58,16,4154,182.549
20230520000013.pol,1151,62,16,4158,182.725
20230520000013.pol,1152,64,16,4160,182.812
20230520000013.pol,1153,68,16,4164,182.988
20230520000013.pol,1154,72,16,4168,183.164
20230520000013.pol,1155,76,16,4172,183.340
20230520000013.pol,1156,80,16,4176,183.516
20230520000013.pol,1157,84,16,4180,183.691
20230520000013.pol,1158,86,16,4182,183.779
20230520000013.pol,1159,90,16,4186,183.955
20230520000013.pol,1160,94,16,4190,184.131
20230520000013.pol,1161,98,16,4194,184.307
20230520000013.pol,1162,102,16,4198,184.482
20230520000013.pol,1163,106,16,4202,184.658
20230520000013.pol,1164,110,16,4206,184.834
20230520000013.pol,1165,114,16,4210,185.010
20230520000013.pol,1166,118,16,4214,185.186
20230520000013.pol,1167,122,16,4218,185.361
20230520000013.pol,1168,126,16,4222,185.537
20230520000013.pol,1169,130,16,4226,185.713
20230520000013.pol,1170,134,16,4230,185.889
20230520000013.pol,1171,138,16,4234,186.064
20230520000013.pol,1172,142,16,4238,186.240
20230520000013.pol,1173,146,16,4242,186.416
20230520000013.pol,1174,150,16,4246,186.592
20230520000013.pol,1175,152,16,4248,186.680
20230520000013.pol,1176,156,16,4252,186.855
20230520000013.pol,1177,160,16,4256,187.031
20230520000013.pol,1178,164,16,4260,187.207
20230520000013.pol,1179,166,16,4262,187.295
20230520000013.pol,1180,170,16,4266,187.471
20230520000013.pol,1181,174,16,4270,187.646
20230520000013.pol,1182,178,16,4274,187.822
20230520000013.pol,1183,182,16,4278,187.998
20230520000013.pol,1184,186,16,4282,188.174
20230520000013.pol,1185,190,16,4286,188.350
20230520000013.pol,1186,194,16,4290,188.525
20230520000013.pol,1187,196,16,4292,188.613
20230520000013.pol,1188,200,16,4296,188.789
20230520000013.pol,1189,204,16,4300,188.965
20230520000013.pol,1190,206,16,4302,189.053
20230520000013.pol,1191,210,16,4306,189.229
20230520000013.pol,1192,212,16,4308,189.316
20230520000013.pol,1193,216,16,4312,189.492
20230520000013.pol,1194,218,16,4314,189.580
20230520000013.pol,1195,222,16,4318,189.756
20230520000013.pol,1196,226,16,4322,189.932
20230520000013.pol,1197,228,16,4324,190.020
20230520000013.pol,1198,232,16,4328,190.195
20230520000013.pol,1199,234,16,4330,190.283
20230520000013.pol,1200,238,16,4334,190.459
20230520000013.pol,1201,240,16,4336,190.547
20230520000013.pol,1202,244,16,4340,190.723
20230520000013.pol,1203,246,16,4342,190.811
20230520000013.pol,1204,250,16,4346,190.986
20230520000013.pol,1205,252,16,4348,191.074
20230520000013.pol,1206,0,17,4352,191.250
20230520000013.pol,1207,4,17,4356,191.426
20230520000013.pol,1208,8,17,4360,191.602
20230520000013.pol,1209,10,17,4362,191.689
20230520000013.pol,1210,14,17,4366,191.865
20230520000013.pol,1211,18,17,4370,192.041
20230520000013.pol,1212,22,17,4374,192.217
20230520000013.pol,1213,26,17,4378,192.393
20230520000013.pol,1214,30,17,4382,192.568
20230520000013.pol,1215,34,17,4386,192.744
20230520000013.pol,1216,38,17,4390,192.920
20230520000013.pol,1217,40,17,4392,193.008
20230520000013.pol,1218,44,17,4396,193.184
20230520000013.pol,1219,46,17,4398,193.271
20230520000013.pol,1220,50,17,4402,193.447
20230520000013.pol,1221,54,17,4406,193.623
20230520000013.pol,1222,58,17,4410,193.799
20230520000013.pol,1223,62,17,4414,193.975
20230520000013.pol,1224,66,17,4418,194.150
20230520000013.pol,1225,70,17,4422,194.326
20230520000013.pol,1226,72,17,4424,194.414
20230520000013.pol,1227,76,17,4428,194.590
20230520000013.pol,1228,80,17,4432,194.766
20230520000013.pol,1229,84,17,4436,194.941
20230520000013.pol,1230,88,17,4440,195.117
20230520000013.pol,1231,90,17,4442,195.205
20230520000013.pol,1232,94,17,4446,195.381
20230520000013.pol,1233,98,17,4450,195.557
20230520000013.pol,1234,102,17,4454,195.732
20230520000013.pol,1235,104,17,4456,195.820
20230520000013.pol,1236,108,17,4460,195.996
20230520000013.pol,1237,110,17,4462,196.084
20230520000013.pol,1238,114,17,4466,196.260
20230520000013.pol,1239,118,17,4470,196.436
20230520000013.pol,1240,120,17,4472,196.523
20230520000013.pol,1241,124,17,4476,196.699
20230520000013.pol,1242,128,17,4480,196.875
20230520000013.pol,1243,132,17,4484,197.051
20230520000013.pol,1244,136,17,4488,197.227
20230520000013.pol,1245,140,17,4492,197.402
20230520000013.pol,1246,144,17,4496,197.578
20230520000013.pol,1247,148,17,4500,197.754
20230520000013.pol,1248,152,17,4504,197.930
20230520000013.pol,1249,156,17,4508,198.105
20230520000013.pol,1250,158,17,4510,198.193
20230520000013.pol,1251,162,17,4514,198.369
20230520000013.pol,1252,164,17,4516,198.457
20230520000013.pol,1253,168,17,4520,198.633
20230520000013.pol,1254,172,17,4524,198.809
20230520000013.pol,1255,176,17,4528,198.984
20230520000013.pol,1256,178,17,4530,199.072
20230520000013.pol,1257,182,17,4534,199.248
20230520000013.pol,1258,186,17,4538,199.424
20230520000013.pol,1259,190,17,4542,199.600
20230520000013.pol,1260,194,17,4546,199.775
20230520000013.pol,1261,198,17,4550,199.951
20230520000013.pol,1262,200,17,4552,200.039
20230520000013.pol,1263,204,17,4556,200.215
20230520000013.pol,1264,208,17,4560,200.391
20230520000013.pol,1265,210,17,4562,200.479
20230520000013.pol,1266,214,17,4566,200.654
20230520000013.pol,1267,218,17,4570,200.830
20230520000013.pol,1268,222,17,4574,201.006
20230520000013.pol,1269,226,17,4578,201.182
20230520000013.pol,1270,230,17,4582,201.357
20230520000013.pol,1271,234,17,4586,201.533
20230520000013.pol,1272,238,17,4590,201.709
20230520000013.pol,1273,242,17,4594,201.885
20230520000013.pol,1274,244,17,4596,201.973
20230520000013.pol,1275,248,17,4600,202.148
20230520000013.pol,1276,252,17,4604,202.324
20230520000013.pol,1277,0,18,4608,202.500
20230520000013.pol,1278,4,18,4612,202.676
20230520000013.pol,1279,6,18,4614,202.764
20230520000013.pol,1280,10,18,4618,202.939
20230520000013.pol,1281,12,18,4620,203.027
20230520000013.pol,1282,16,18,4624,203.203
20230520000013.pol,1283,18,18,4626,203.291
20230520000013.pol,1284,22,18,4630,203.467
20230520000013.pol,1285,26,18,4634,203.643
20230520000013.pol,1286,28,18,4636,203.730
20230520000013.pol,1287,32,18,4640,203.906
20230520000013.pol,1288,34,18,4642,203.994
20230520000013.pol,1289,38,18,4646,204.170
20230520000013.pol,1290,40,18,4648,204.258
20230520000013.pol,1291,44,18,4652,204.434
20230520000013.pol,1292,48,18,4656,204.609
20230520000013.pol,1293,52,18,4660,204.785
20230520000013.pol,1294,54,18,4662,204.873
20230520000013.pol,1295,58,18,4666,205.049
20230520000013.pol,1296,60,18,4668,205.137
20230520000013.pol,1297,64,18,4672,205.312
20230520000013.pol,1298,68,18,4676,205.488
20230520000013.pol,1299,70,18,4678,205.576
20230520000013.pol,1300,74,18,4682,205.752
20230520000013.pol,1301,78,18,4686,205.928
20230520000013.pol,1302,82,18,4690,206.104
20230520000013.pol,1303,86,18,4694,206.279
20230520000013.pol,1304,90,18,4698,206.455
20230520000013.pol,1305,94,18,4702,206.631
20230520000013.pol,1306,96,18,4704,206.719
20230520000013.pol,1307,100,18,4708,206.895
20230520000013.pol,1308,104,18,4712,207.070
20230520000013.pol,1309,108,18,4716,207.246
20230520000013.pol,1310,112,18,4720,207.422
20230520000013.pol,1311,116,18,4724,207.598
20230520000013.pol,1312,120,18,4728,207.773
20230520000013.pol,1313,122,18,4730,207.861
20230520000013.pol,1314,126,18,4734,208.037
20230520000013.pol,1315,130,18,4738,208.213
20230520000013.pol,1316,134,18,4742,208.389
20230520000013.pol,1317,136,18,4744,208.477
20230520000013.pol,1318,140,18,4748,208.652
20230520000013.pol,1319,144,18,4752,208.828
20230520000013.pol,1320,148,18,4756,209.004
20230520000013.pol,1321,152,18,4760,209.180
20230520000013.pol,1322,156,18,4764,209.355
20230520000013.pol,1323,160,18,4768,209.531
20230520000013.pol,1324,164,18,4772,209.707
20230520000013.pol,1325,166,18,4774,209.795
20230520000013.pol,1326,170,18,4778,209.971
20230520000013.pol,1327,174,18,4782,210.146
20230520000013.pol,1328,178,18,4786,210.322
20230520000013.pol,1329,182,18,4790,210.498
20230520000013.pol,1330,186,18,4794,210.674
20230520000013.pol,1331,190,18,4798,210.850
20230520000013.pol,1332,194,18,4802,211.025
20230520000013.pol,1333,198,18,4806,211.201
20230520000013.pol,1334,202,18,4810,211.377
20230520000013.pol,1335,206,18,4814,211.553
20230520000013.pol,1336,210,18,4818,211.729
20230520000013.pol,1337,214,18,4822,211.904
20230520000013.pol,1338,218,18,4826,212.080
20230520000013.pol,1339,222,18,4830,212.256
20230520000013.pol,1340,226,18,4834,212.432
20230520000013.pol,1341,228,18,4836,212.520
20230520000013.pol,1342,232,18,4840,212.695
20230520000013.pol,1343,236,18,4844,212.871
20230520000013.pol,1344,238,18,4846,212.959
20230520000013.pol,1345,242,18,4850,213.135
20230520000013.pol,1346,244,18,4852,213.223
20230520000013.pol,1347,248,18,4856,213.398
20230520000013.pol,1348,252,18,4860,213.574
20230520000013.pol,1349,0,19,4864,213.750
20230520000013.pol,1350,4,19,4868,213.926
20230520000013.pol,1351,6,19,4870,214.014
20230520000013.pol,1352,10,19,4874,214.189
20230520000013.pol,1353,14,19,4878,214.365
20230520000013.pol,1354,16,19,4880,214.453
20230520000013.pol,1355,20,19,4884,214.629
20230520000013.pol,1356,24,19,4888,214.805
20230520000013.pol,1357,28,19,4892,214.980
20230520000013.pol,1358,32,19,4896,215.156
20230520000013.pol,1359,36,19,4900,215.332
20230520000013.pol,1360,40,19,4904,215.508
20230520000013.pol,1361,44,19,4908,215.684
20230520000013.pol,1362,48,19,4912,215.859
20230520000013.pol,1363,52,19,4916,216.035
20230520000013.pol,1364,56,19,4920,216.211
20230520000013.pol,1365,58,19,4922,216.299
20230520000013.pol,1366,62,19,4926,216.475
20230520000013.pol,1367,66,19,4930,216.650
20230520000013.pol,1368,70,19,4934,216.826
20230520000013.pol,1369,74,19,4938,217.002
20230520000013.pol,1370,76,19,4940,217.090
20230520000013.pol,1371,80,19,4944,217.266
20230520000013.pol,1372,82,19,4946,217.354
20230520000013.pol,1373,86,19,4950,217.529
20230520000013.pol,1374,88,19,4952,217.617
20230520000013.pol,1375,92,19,4956,217.793
20230520000013.pol,1376,96,19,4960,217.969
20230520000013.pol,1377,100,19,4964,218.145
20230520000013.pol,1378,104,19,4968,218.320
20230520000013.pol,1379,108,19,4972,218.496
20230520000013.pol,1380,112,19,4976,218.672
20230520000013.pol,1381,114,19,4978,218.760
20230520000013.pol,1382,118,19,4982,218.936
20230520000013.pol,1383,122,19,4986,219.111
20230520000013.pol,1384,126,19,4990,219.287
20230520000013.pol,1385,130,19,4994,219.463
20230520000013.pol,1386,134,19,4998,219.639
20230520000013.pol,1387,138,19,5002,219.814
20230520000013.pol,1388,142,19,5006,219.990
20230520000013.pol,1389,146,19,5010,220.166
20230520000013.pol,1390,148,19,5012,220.254
20230520000013.pol,1391,152,19,5016,220.430
20230520000013.pol,1392,154,19,5018,220.518
20230520000013.pol,1393,158,19,5022,220.693
20230520000013.pol,1394,162,19,5026,220.869
20230520000013.pol,1395,166,19,5030,221.045
20230520000013.pol,1396,170,19,5034,221.221
20230520000013.pol,1397,174,19,5038,221.396
20230520000013.pol,1398,176,19,5040,221.484
20230520000013.pol,1399,180,19,5044,221.660
20230520000013.pol,1400,184,19,5048,221.836
20230520000013.pol,1401,188,19,5052,222.012
20230520000013.pol,1402,192,19,5056,222.188
20230520000013.pol,1403,196,19,5060,222.363
20230520000013.pol,1404,198,19,5062,222.451
20230520000013.pol,1405,202,19,5066,222.627
20230520000013.pol,1406,206,19,5070,222.803
20230520000013.pol,1407,208,19,5072,222.891
20230520000013.pol,1408,212,19,5076,223.066
20230520000013.pol,1409,216,19,5080,223.242
20230520000013.pol,1410,220,19,5084,223.418
20230520000013.pol,1411,224,19,5088,223.594
20230520000013.pol,1412,228,19,5092,223.770
20230520000013.pol,1413,232,19,5096,223.945
20230520000013.pol,1414,236,19,5100,224.121
20230520000013.pol,1415,240,19,5104,224.297
20230520000013.pol,1416,244,19,5108,224.473
20230520000013.pol,1417,248,19,5112,224.648
20230520000013.pol,1418,250,19,5114,224.736
20230520000013.pol,1419,254,19,5118,224.912
20230520000013.pol,1420,2,20,5122,225.088
20230520000013.pol,1421,6,20,5126,225.264
20230520000013.pol,1422,10,20,5130,225.439
20230520000013.pol,1423,14,20,5134,225.615
20230520000013.pol,1424,16,20,5136,225.703
20230520000013.pol,1425,20,20,5140,225.879
20230520000013.pol,1426,22,20,5142,225.967
20230520000013.pol,1427,26,20,5146,226.143
20230520000013.pol,1428,28,20,5148,226.230
20230520000013.pol,1429,32,20,5152,226.406
20230520000013.pol,1430,34,20,5154,226.494
20230520000013.pol,1431,38,20,5158,226.670
20230520000013.pol,1432,42,20,5162,226.846
20230520000013.pol,1433,46,20,5166,227.021
20230520000013.pol,1434,50,20,5170,227.197
20230520000013.pol,1435,54,20,5174,227.373
20230520000013.pol,1436,56,20,5176,227.461
20230520000013.pol,1437,60,20,5180,227.637
20230520000013.pol,1438,64,20,5184,227.812
20230520000013.pol,1439,68,20,5188,227.988
20230520000013.pol,1440,72,20,5192,228.164
20230520000013.pol,1441,74,20,5194,228.252
20230520000013.pol,1442,78,20,5198,228.428
20230520000013.pol,1443,82,20,5202,228.604
20230520000013.pol,1444,84,20,5204,228.691
20230520000013.pol,1445,88,20,5208,228.867
20230520000013.pol,1446,92,20,5212,229.043
20230520000013.pol,1447,96,20,5216,229.219
20230520000013.pol,1448,100,20,5220,229.395
20230520000013.pol,1449,102,20,5222,229.482
20230520000013.pol,1450,106,20,5226,229.658
20230520000013.pol,1451,110,20,5230,229.834
20230520000013.pol,1452,114,20,5234,230.010
20230520000013.pol,1453,118,20,5238,230.186
20230520000013.pol,1454,122,20,5242,230.361
20230520000013.pol,1455,126,20,5246,230.537
20230520000013.pol,1456,130,20,5250,230.713
20230520000013.pol,1457,134,20,5254,230.889
20230520000013.pol,1458,138,20,5258,231.064
20230520000013.pol,1459,142,20,5262,231.240
20230520000013.pol,1460,146,20,5266,231.416
20230520000013.pol,1461,150,20,5270,231.592
20230520000013.pol,1462,154,20,5274,231.768
20230520000013.pol,1463,158,20,5278,231.943
20230520000013.pol,1464,162,20,5282,232.119
20230520000013.pol,1465,166,20,5286,232.295
20230520000013.pol,1466,170,20,5290,232.471
20230520000013.pol,1467,172,20,5292,232.559
20230520000013.pol,1468,176,20,5296,232.734
20230520000013.pol,1469,180,20,5300,232.910
20230520000013.pol,1470,182,20,5302,232.998
20230520000013.pol,1471,186,20,5306,233.174
20230520000013.pol,1472,188,20,5308,233.262
20230520000013.pol,1473,192,20,5312,233.438
20230520000013.pol,1474,194,20,5314,233.525
20230520000013.pol,1475,198,20,5318,233.701
20230520000013.pol,1476,202,20,5322,233.877
20230520000013.pol,1477,206,20,5326,234.053
20230520000013.pol,1478,210,20,5330,234.229
20230520000013.pol,1479,212,20,5332,234.316
20230520000013.pol,1480,216,20,5336,234.492
20230520000013.pol,1481,220,20,5340,234.668
20230520000013.pol,1482,224,20,5344,234.844
20230520000013.pol,1483,226,20,5346,234.932
20230520000013.pol,1484,230,20,5350,235.107
20230520000013.pol,1485,234,20,5354,235.283
20230520000013.pol,1486,238,20,5358,235.459
20230520000013.pol,1487,242,20,5362,235.635
20230520000013.pol,1488,244,20,5364,235.723
20230520000013.pol,1489,248,20,5368,235.898
20230520000013.pol,1490,252,20,5372,236.074
20230520000013.pol,1491,0,21,5376,236.250
20230520000013.pol,1492,4,21,5380,236.426
20230520000013.pol,1493,8,21,5384,236.602
20230520000013.pol,1494,12,21,5388,236.777
20230520000013.pol,1495,16,21,5392,236.953
20230520000013.pol,1496,20,21,5396,237.129
20230520000013.pol,1497,22,21,5398,237.217
20230520000013.pol,1498,26,21,5402,237.393
20230520000013.pol,1499,28,21,5404,237.480
20230520000013.pol,1500,32,21,5408,237.656
20230520000013.pol,1501,36,21,5412,237.832
20230520000013.pol,1502,40,21,5416,238.008
20230520000013.pol,1503,44,21,5420,238.184
20230520000013.pol,1504,48,21,5424,238.359
20230520000013.pol,1505,52,21,5428,238.535
20230520000013.pol,1506,54,21,5430,238.623
20230520000013.pol,1507,58,21,5434,238.799
20230520000013.pol,1508,60,21,5436,238.887
20230520000013.pol,1509,64,21,5440,239.062
20230520000013.pol,1510,68,21,5444,239.238
20230520000013.pol,1511,72,21,5448,239.414
20230520000013.pol,1512,76,21,5452,239.590
20230520000013.pol,1513,80,21,5456,239.766
20230520000013.pol,1514,84,21,5460,239.941
20230520000013.pol,1515,88,21,5464,240.117
20230520000013.pol,1516,90,21,5466,240.205
20230520000013.pol,1517,94,21,5470,240.381
20230520000013.pol,1518,98,21,5474,240.557
20230520000013.pol,1519,102,21,5478,240.732
20230520000013.pol,1520,106,21,5482,240.908
20230520000013.pol,1521,110,21,5486,241.084
20230520000013.pol,1522,114,21,5490,241.260
20230520000013.pol,1523,118,21,5494,241.436
20230520000013.pol,1524,122,21,5498,241.611
20230520000013.pol,1525,126,21,5502,241.787
20230520000013.pol,1526,130,21,5506,241.963
20230520000013.pol,1527,134,21,5510,242.139
20230520000013.pol,1528,138,21,5514,242.314
20230520000013.pol,1529,142,21,5518,242.490
20230520000013.pol,1530,146,21,5522,242.666
20230520000013.pol,1531,150,21,5526,242.842
20230520000013.pol,1532,154,21,5530,243.018
20230520000013.pol,1533,158,21,5534,243.193
20230520000013.pol,1534,162,21,5538,243.369
20230520000013.pol,1535,166,21,5542,243.545
20230520000013.pol,1536,170,21,5546,243.721
20230520000013.pol,1537,174,21,5550,243.896
20230520000013.pol,1538,178,21,5554,244.072
20230520000013.pol,1539,180,21,5556,244.160
20230520000013.pol,1540,184,21,5560,244.336
20230520000013.pol,1541,186,21,5562,244.424
20230520000013.pol,1542,190,21,5566,244.600
20230520000013.pol,1543,194,21,5570,244.775
20230520000013.pol,1544,196,21,5572,244.863
20230520000013.pol,1545,200,21,5576,245.039
20230520000013.pol,1546,204,21,5580,245.215
20230520000013.pol,1547,208,21,5584,245.391
20230520000013.pol,1548,212,21,5588,245.566
20230520000013.pol,1549,216,21,5592,245.742
20230520000013.pol,1550,220,21,5596,245.918
20230520000013.pol,1551,224,21,5600,246.094
20230520000013.pol,1552,228,21,5604,246.270
20230520000013.pol,1553,232,21,5608,246.445
20230520000013.pol,1554,236,21,5612,246.621
20230520000013.pol,1555,240,21,5616,246.797
20230520000013.pol,1556,244,21,5620,246.973
20230520000013.pol,1557,248,21,5624,247.148
20230520000013.pol,1558,252,21,5628,247.324
20230520000013.pol,1559,0,22,5632,247.500
20230520000013.pol,1560,2,22,5634,247.588
20230520000013.pol,1561,6,22,5638,247.764
20230520000013.pol,1562,8,22,5640,247.852
20230520000013.pol,1563,12,22,5644,248.027
20230520000013.pol,1564,16,22,5648,248.203
20230520000013.pol,1565,20,22,5652,248.379
20230520000013.pol,1566,24,22,5656,248.555
20230520000013.pol,1567,28,22,5660,248.730
20230520000013.pol,1568,32,22,5664,248.906
20230520000013.pol,1569,36,22,5668,249.082
20230520000013.pol,1570,40,22,5672,249.258
20230520000013.pol,1571,44,22,5676,249.434
20230520000013.pol,1572,48,22,5680,249.609
20230520000013.pol,1573,52,22,5684,249.785
20230520000013.pol,1574,56,22,5688,249.961
20230520000013.pol,1575,58,22,5690,250.049
20230520000013.pol,1576,62,22,5694,250.225
20230520000013.pol,1577,64,22,5696,250.312
20230520000013.pol,1578,68,22,5700,250.488
20230520000013.pol,1579,72,22,5704,250.664
20230520000013.pol,1580,76,22,5708,250.840
20230520000013.pol,1581,80,22,5712,251.016
20230520000013.pol,1582,84,22,5716,251.191
20230520000013.pol,1583,88,22,5720,251.367
20230520000013.pol,1584,92,22,5724,251.543
20230520000013.pol,1585,96,22,5728,251.719
20230520000013.pol,1586,100,22,5732,251.895
20230520000013.pol,1587,104,22,5736,252.070
20230520000013.pol,1588,106,22,5738,252.158
20230520000013.pol,1589,110,22,5742,252.334
20230520000013.pol,1590,114,22,5746,252.510
20230520000013.pol,1591,118,22,5750,252.686
20230520000013.pol,1592,122,22,5754,252.861
20230520000013.pol,1593,124,22,5756,252.949
20230520000013.pol,1594,128,22,5760,253.125
20230520000013.pol,1595,130,22,5762,253.213
20230520000013.pol,1596,134,22,5766,253.389
20230520000013.pol,1597,138,22,5770,253.564
20230520000013.pol,1598,140,22,5772,253.652
20230520000013.pol,1599,144,22,5776,253.828
20230520000013.pol,1600,148,22,5780,254.004
20230520000013.pol,1601,152,22,5784,254.180
20230520000013.pol,1602,154,22,5786,254.268
20230520000013.pol,1603,158,22,5790,254.443
20230520000013.pol,1604,160,22,5792,254.531
20230520000013.pol,1605,164,22,5796,254.707
20230520000013.pol,1606,168,22,5800,254.883
20230520000013.pol,1607,172,22,5804,255.059
20230520000013.pol,1608,174,22,5806,255.146
20230520000013.pol,1609,178,22,5810,255.322
20230520000013.pol,1610,180,22,5812,255.410
20230520000013.pol,1611,184,22,5816,255.586
20230520000013.pol,1612,188,22,5820,255.762
20230520000013.pol,1613,192,22,5824,255.938
20230520000013.pol,1614,194,22,5826,256.025
20230520000013.pol,1615,198,22,5830,256.201
20230520000013.pol,1616,200,22,5832,256.289
20230520000013.pol,1617,204,22,5836,256.465
20230520000013.pol,1618,206,22,5838,256.553
20230520000013.pol,1619,210,22,5842,256.729
20230520000013.pol,1620,214,22,5846,256.904
20230520000013.pol,1621,218,22,5850,257.080
20230520000013.pol,1622,222,22,5854,257.256
20230520000013.pol,1623,226,22,5858,257.432
20230520000013.pol,1624,230,22,5862,257.607
20230520000013.pol,1625,234,22,5866,257.783
20230520000013.pol,1626,238,22,5870,257.959
20230520000013.pol,1627,240,22,5872,258.047
20230520000013.pol,1628,244,22,5876,258.223
20230520000013.pol,1629,248,22,5880,258.398
20230520000013.pol,1630,252,22,5884,258.574
20230520000013.pol,1631,0,23,5888,258.750
20230520000013.pol,1632,4,23,5892,258.926
20230520000013.pol,1633,8,23,5896,259.102
20230520000013.pol,1634,12,23,5900,259.277
20230520000013.pol,1635,16,23,5904,259.453
20230520000013.pol,1636,18,23,5906,259.541
20230520000013.pol,1637,22,23,5910,259.717
20230520000013.pol,1638,26,23,5914,259.893
20230520000013.pol,1639,30,23,5918,260.068
20230520000013.pol,1640,34,23,5922,260.244
20230520000013.pol,1641,38,23,5926,260.420
20230520000013.pol,1642,40,23,5928,260.508
20230520000013.pol,1643,44,23,5932,260.684
20230520000013.pol,1644,48,23,5936,260.859
20230520000013.pol,1645,52,23,5940,261.035
20230520000013.pol,1646,54,23,5942,261.123
20230520000013.pol,1647,58,23,5946,261.299
20230520000013.pol,1648,60,23,5948,261.387
20230520000013.pol,1649,64,23,5952,261.562
20230520000013.pol,1650,68,23,5956,261.738
20230520000013.pol,1651,72,23,5960,261.914
20230520000013.pol,1652,76,23,5964,262.090
20230520000013.pol,1653,80,23,5968,262.266
20230520000013.pol,1654,84,23,5972,262.441
20230520000013.pol,1655,88,23,5976,262.617
20230520000013.pol,1656,90,23,5978,262.705
20230520000013.pol,1657,94,23,5982,262.881
20230520000013.pol,1658,98,23,5986,263.057
20230520000013.pol,1659,102,23,5990,263.232
20230520000013.pol,1660,104,23,5992,263.320
20230520000013.pol,1661,108,23,5996,263.496
20230520000013.pol,1662,112,23,6000,263.672
20230520000013.pol,1663,114,23,6002,263.760
20230520000013.pol,1664,118,23,6006,263.936
20230520000013.pol,1665,122,23,6010,264.111
20230520000013.pol,1666,126,23,6014,264.287
20230520000013.pol,1667,128,23,6016,264.375
20230520000013.pol,1668,132,23,6020,264.551
20230520000013.pol,1669,136,23,6024,264.727
20230520000013.pol,1670,140,23,6028,264.902
20230520000013.pol,1671,144,23,6032,265.078
20230520000013.pol,1672,148,23,6036,265.254
20230520000013.pol,1673,152,23,6040,265.430
20230520000013.pol,1674,156,23,6044,265.605
20230520000013.pol,1675,158,23,6046,265.693
20230520000013.pol,1676,162,23,6050,265.869
20230520000013.pol,1677,166,23,6054,266.045
20230520000013.pol,1678,168,23,6056,266.133
20230520000013.pol,1679,172,23,6060,266.309
20230520000013.pol,1680,176,23,6064,266.484
20230520000013.pol,1681,178,23,6066,266.572
20230520000013.pol,1682,182,23,6070,266.748
20230520000013.pol,1683,184,23,6072,266.836
20230520000013.pol,1684,188,23,6076,267.012
20230520000013.pol,1685,192,23,6080,267.188
20230520000013.pol,1686,196,23,6084,267.363
20230520000013.pol,1687,198,23,6086,267.451
20230520000013.pol,1688,202,23,6090,267.627
20230520000013.pol,1689,204,23,6092,267.715
20230520000013.pol,1690,208,23,6096,267.891
20230520000013.pol,1691,212,23,6100,268.066
20230520000013.pol,1692,216,23,6104,268.242
20230520000013.pol,1693,218,23,6106,268.330
20230520000013.pol,1694,222,23,6110,268.506
20230520000013.pol,1695,224,23,6112,268.594
20230520000013.pol,1696,228,23,6116,268.770
20230520000013.pol,1697,230,23,6118,268.857
20230520000013.pol,1698,234,23,6122,269.033
20230520000013.pol,1699,238,23,6126,269.209
20230520000013.pol,1700,242,23,6130,269.385
20230520000013.pol,1701,244,23,6132,269.473
20230520000013.pol,1702,248,23,6136,269.648
20230520000013.pol,1703,250,23,6138,269.736
20230520000013.pol,1704,254,23,6142,269.912
20230520000013.pol,1705,2,24,6146,270.088
20230520000013.pol,1706,6,24,6150,270.264
20230520000013.pol,1707,10,24,6154,270.439
20230520000013.pol,1708,12,24,6156,270.527
20230520000013.pol,1709,16,24,6160,270.703
20230520000013.pol,1710,20,24,6164,270.879
20230520000013.pol,1711,24,24,6168,271.055
20230520000013.pol,1712,28,24,6172,271.230
20230520000013.pol,1713,32,24,6176,271.406
20230520000013.pol,1714,36,24,6180,271.582
20230520000013.pol,1715,38,24,6182,271.670
20230520000013.pol,1716,42,24,6186,271.846
20230520000013.pol,1717,46,24,6190,272.021
20230520000013.pol,1718,50,24,6194,272.197
20230520000013.pol,1719,52,24,6196,272.285
20230520000013.pol,1720,56,24,6200,272.461
20230520000013.pol,1721,60,24,6204,272.637
20230520000013.pol,1722,64,24,6208,272.812
20230520000013.pol,1723,68,24,6212,272.988
20230520000013.pol,1724,72,24,6216,273.164
20230520000013.pol,1725,76,24,6220,273.340
20230520000013.pol,1726,80,24,6224,273.516
20230520000013.pol,1727,84,24,6228,273.691
20230520000013.pol,1728,86,24,6230,273.779
20230520000013.pol,1729,90,24,6234,273.955
20230520000013.pol,1730,94,24,6238,274.131
20230520000013.pol,1731,98,24,6242,274.307
20230520000013.pol,1732,102,24,6246,274.482
20230520000013.pol,1733,106,24,6250,274.658
20230520000013.pol,1734,110,24,6254,274.834
20230520000013.pol,1735,112,24,6256,274.922
20230520000013.pol,1736,116,24,6260,275.098
20230520000013.pol,1737,118,24,6262,275.186
20230520000013.pol,1738,122,24,6266,275.361
20230520000013.pol,1739,126,24,6270,275.537
20230520000013.pol,1740,130,24,6274,275.713
20230520000013.pol,1741,132,24,6276,275.801
20230520000013.pol,1742,136,24,6280,275.977
20230520000013.pol,1743,138,24,6282,276.064
20230520000013.pol,1744,142,24,6286,276.240
20230520000013.pol,1745,146,24,6290,276.416
20230520000013.pol,1746,150,24,6294,276.592
20230520000013.pol,1747,154,24,6298,276.768
20230520000013.pol,1748,158,24,6302,276.943
20230520000013.pol,1749,162,24,6306,277.119
20230520000013.pol,1750,164,24,6308,277.207
20230520000013.pol,1751,168,24,6312,277.383
20230520000013.pol,1752,170,24,6314,277.471
20230520000013.pol,1753,174,24,6318,277.646
20230520000013.pol,1754,178,24,6322,277.822
20230520000013.pol,1755,182,24,6326,277.998
20230520000013.pol,1756,186,24,6330,278.174
20230520000013.pol,1757,190,24,6334,278.350
20230520000013.pol,1758,192,24,6336,278.438
20230520000013.pol,1759,196,24,6340,278.613
20230520000013.pol,1760,200,24,6344,278.789
20230520000013.pol,1761,204,24,6348,278.965
20230520000013.pol,1762,206,24,6350,279.053
20230520000013.pol,1763,210,24,6354,279.229
20230520000013.pol,1764,212,24,6356,279.316
20230520000013.pol,1765,216,24,6360,279.492
20230520000013.pol,1766,220,24,6364,279.668
20230520000013.pol,1767,224,24,6368,279.844
20230520000013.pol,1768,228,24,6372,280.020
20230520000013.pol,1769,232,24,6376,280.195
20230520000013.pol,1770,236,24,6380,280.371
20230520000013.pol,1771,238,24,6382,280.459
20230520000013.pol,1772,242,24,6386,280.635
20230520000013.pol,1773,244,24,6388,280.723
20230520000013.pol,1774,248,24,6392,280.898
20230520000013.pol,1775,252,24,6396,281.074
20230520000013.pol,1776,0,25,6400,281.250
20230520000013.pol,1777,4,25,6404,281.426
20230520000013.pol,1778,6,25,6406,281.514
20230520000013.pol,1779,10,25,6410,281.689
20230520000013.pol,1780,14,25,6414,281.865
20230520000013.pol,1781,18,25,6418,282.041
20230520000013.pol,1782,22,25,6422,282.217
20230520000013.pol,1783,26,25,6426,282.393
20230520000013.pol,1784,30,25,6430,282.568
20230520000013.pol,1785,34,25,6434,282.744
20230520000013.pol,1786,38,25,6438,282.920
20230520000013.pol,1787,42,25,6442,283.096
20230520000013.pol,1788,46,25,6446,283.271
20230520000013.pol,1789,50,25,6450,283.447
20230520000013.pol,1790,54,25,6454,283.623
20230520000013.pol,1791,56,25,6456,283.711
20230520000013.pol,1792,60,25,6460,283.887
20230520000013.pol,1793,64,25,6464,284.062
20230520000013.pol,1794,68,25,6468,284.238
20230520000013.pol,1795,72,25,6472,284.414
20230520000013.pol,1796,76,25,6476,284.590
20230520000013.pol,1797,78,25,6478,284.678
20230520000013.pol,1798,82,25,6482,284.854
20230520000013.pol,1799,84,25,6484,284.941
20230520000013.pol,1800,88,25,6488,285.117
20230520000013.pol,1801,92,25,6492,285.293
20230520000013.pol,1802,96,25,6496,285.469
20230520000013.pol,1803,100,25,6500,285.645
20230520000013.pol,1804,104,25,6504,285.820
20230520000013.pol,1805,106,25,6506,285.908
20230520000013.pol,1806,110,25,6510,286.084
20230520000013.pol,1807,114,25,6514,286.260
20230520000013.pol,1808,118,25,6518,286.436
20230520000013.pol,1809,122,25,6522,286.611
20230520000013.pol,1810,124,25,6524,286.699
20230520000013.pol,1811,128,25,6528,286.875
20230520000013.pol,1812,130,25,6530,286.963
20230520000013.pol,1813,134,25,6534,287.139
20230520000013.pol,1814,136,25,6536,287.227
20230520000013.pol,1815,140,25,6540,287.402
20230520000013.pol,1816,144,25,6544,287.578
20230520000013.pol,1817,148,25,6548,287.754
20230520000013.pol,1818,152,25,6552,287.930
20230520000013.pol,1819,156,25,6556,288.105
20230520000013.pol,1820,160,25,6560,288.281
20230520000013.pol,1821,164,25,6564,288.457
20230520000013.pol,1822,168,25,6568,288.633
20230520000013.pol,1823,170,25,6570,288.721
20230520000013.pol,1824,174,25,6574,288.896
20230520000013.pol,1825,178,25,6578,289.072
20230520000013.pol,1826,182,25,6582,289.248
20230520000013.pol,1827,186,25,6586,289.424
20230520000013.pol,1828,190,25,6590,289.600
20230520000013.pol,1829,194,25,6594,289.775
20230520000013.pol,1830,196,25,6596,289.863
20230520000013.pol,1831,200,25,6600,290.039
20230520000013.pol,1832,204,25,6604,290.215
20230520000013.pol,1833,208,25,6608,290.391
20230520000013.pol,1834,212,25,6612,290.566
20230520000013.pol,1835,216,25,6616,290.742
20230520000013.pol,1836,220,25,6620,290.918
20230520000013.pol,1837,224,25,6624,291.094
20230520000013.pol,1838,226,25,6626,291.182
20230520000013.pol,1839,230,25,6630,291.357
20230520000013.pol,1840,234,25,6634,291.533
20230520000013.pol,1841,236,25,6636,291.621
20230520000013.pol,1842,240,25,6640,291.797
20230520000013.pol,1843,244,25,6644,291.973
20230520000013.pol,1844,248,25,6648,292.148
20230520000013.pol,1845,252,25,6652,292.324
20230520000013.pol,1846,0,26,6656,292.500
20230520000013.pol,1847,4,26,6660,292.676
20230520000013.pol,1848,8,26,6664,292.852
20230520000013.pol,1849,12,26,6668,293.027
20230520000013.pol,1850,14,26,6670,293.115
20230520000013.pol,1851,18,26,6674,293.291
20230520000013.pol,1852,22,26,6678,293.467
20230520000013.pol,1853,26,26,6682,293.643
20230520000013.pol,1854,28,26,6684,293.730
20230520000013.pol,1855,32,26,6688,293.906
20230520000013.pol,1856,34,26,6690,293.994
20230520000013.pol,1857,38,26,6694,294.170
20230520000013.pol,1858,40,26,6696,294.258
20230520000013.pol,1859,44,26,6700,294.434
20230520000013.pol,1860,46,26,6702,294.521
20230520000013.pol,1861,50,26,6706,294.697
20230520000013.pol,1862,54,26,6710,294.873
20230520000013.pol,1863,58,26,6714,295.049
20230520000013.pol,1864,62,26,6718,295.225
20230520000013.pol,1865,66,26,6722,295.400
20230520000013.pol,1866,68,26,6724,295.488
20230520000013.pol,1867,72,26,6728,295.664
20230520000013.pol,1868,76,26,6732,295.840
20230520000013.pol,1869,80,26,6736,296.016
20230520000013.pol,1870,84,26,6740,296.191
20230520000013.pol,1871,86,26,6742,296.279
20230520000013.pol,1872,90,26,6746,296.455
20230520000013.pol,1873,94,26,6750,296.631
20230520000013.pol,1874,98,26,6754,296.807
20230520000013.pol,1875,102,26,6758,296.982
20230520000013.pol,1876,106,26,6762,297.158
20230520000013.pol,1877,108,26,6764,297.246
20230520000013.pol,1878,112,26,6768,297.422
20230520000013.pol,1879,116,26,6772,297.598
20230520000013.pol,1880,120,26,6776,297.773
20230520000013.pol,1881,124,26,6780,297.949
20230520000013.pol,1882,126,26,6782,298.037
20230520000013.pol,1883,130,26,6786,298.213
20230520000013.pol,1884,134,26,6790,298.389
20230520000013.pol,1885,136,26,6792,298.477
20230520000013.pol,1886,140,26,6796,298.652
20230520000013.pol,1887,144,26,6800,298.828
20230520000013.pol,1888,146,26,6802,298.916
20230520000013.pol,1889,150,26,6806,299.092
20230520000013.pol,1890,154,26,6810,299.268
20230520000013.pol,1891,158,26,6814,299.443
20230520000013.pol,1892,162,26,6818,299.619
20230520000013.pol,1893,166,26,6822,299.795
20230520000013.pol,1894,168,26,6824,299.883
20230520000013.pol,1895,172,26,6828,300.059
20230520000013.pol,1896,174,26,6830,300.146
20230520000013.pol,1897,178,26,6834,300.322
20230520000013.pol,1898,182,26,6838,300.498
20230520000013.pol,1899,186,26,6842,300.674
20230520000013.pol,1900,190,26,6846,300.850
20230520000013.pol,1901,194,26,6850,301.025
20230520000013.pol,1902,196,26,6852,301.113
20230520000013.pol,1903,200,26,6856,301.289
20230520000013.pol,1904,202,26,6858,301.377
20230520000013.pol,1905,206,26,6862,301.553
20230520000013.pol,1906,208,26,6864,301.641
20230520000013.pol,1907,212,26,6868,301.816
20230520000013.pol,1908,216,26,6872,301.992
20230520000013.pol,1909,220,26,6876,302.168
20230520000013.pol,1910,222,26,6878,302.256
20230520000013.pol,1911,226,26,6882,302.432
20230520000013.pol,1912,230,26,6886,302.607
20230520000013.pol,1913,232,26,6888,302.695
20230520000013.pol,1914,236,26,6892,302.871
20230520000013.pol,1915,238,26,6894,302.959
20230520000013.pol,1916,242,26,6898,303.135
20230520000013.pol,1917,244,26,6900,303.223
20230520000013.pol,1918,248,26,6904,303.398
20230520000013.pol,1919,252,26,6908,303.574
20230520000013.pol,1920,0,27,6912,303.750
20230520000013.pol,1921,4,27,6916,303.926
20230520000013.pol,1922,6,27,6918,304.014
20230520000013.pol,1923,10,27,6922,304.189
20230520000013.pol,1924,14,27,6926,304.365
20230520000013.pol,1925,18,27,6930,304.541
20230520000013.pol,1926,20,27,6932,304.629
20230520000013.pol,1927,24,27,6936,304.805
20230520000013.pol,1928,28,27,6940,304.980
20230520000013.pol,1929,32,27,6944,305.156
20230520000013.pol,1930,36,27,6948,305.332
20230520000013.pol,1931,38,27,6950,305.420
20230520000013.pol,1932,42,27,6954,305.596
20230520000013.pol,1933,46,27,6958,305.771
20230520000013.pol,1934,50,27,6962,305.947
20230520000013.pol,1935,52,27,6964,306.035
20230520000013.pol,1936,56,27,6968,306.211
20230520000013.pol,1937,58,27,6970,306.299
20230520000013.pol,1938,62,27,6974,306.475
20230520000013.pol,1939,66,27,6978,306.650
20230520000013.pol,1940,68,27,6980,306.738
20230520000013.pol,1941,72,27,6984,306.914
20230520000013.pol,1942,76,27,6988,307.090
20230520000013.pol,1943,78,27,6990,307.178
20230520000013.pol,1944,82,27,6994,307.354
20230520000013.pol,1945,86,27,6998,307.529
20230520000013.pol,1946,90,27,7002,307.705
20230520000013.pol,1947,92,27,7004,307.793
20230520000013.pol,1948,96,27,7008,307.969
20230520000013.pol,1949,98,27,7010,308.057
20230520000013.pol,1950,102,27,7014,308.232
20230520000013.pol,1951,104,27,7016,308.320
20230520000013.pol,1952,108,27,7020,308.496
20230520000013.pol,1953,112,27,7024,308.672
20230520000013.pol,1954,116,27,7028,308.848
20230520000013.pol,1955,120,27,7032,309.023
20230520000013.pol,1956,124,27,7036,309.199
20230520000013.pol,1957,126,27,7038,309.287
20230520000013.pol,1958,130,27,7042,309.463
20230520000013.pol,1959,134,27,7046,309.639
20230520000013.pol,1960,138,27,7050,309.814
20230520000013.pol,1961,142,27,7054,309.990
20230520000013.pol,1962,146,27,7058,310.166
20230520000013.pol,1963,148,27,7060,310.254
20230520000013.pol,1964,152,27,7064,310.430
20230520000013.pol,1965,156,27,7068,310.605
20230520000013.pol,1966,158,27,7070,310.693
20230520000013.pol,1967,162,27,7074,310.869
20230520000013.pol,1968,166,27,7078,311.045
20230520000013.pol,1969,170,27,7082,311.221
20230520000013.pol,1970,174,27,7086,311.396
20230520000013.pol,1971,178,27,7090,311.572
20230520000013.pol,1972,182,27,7094,311.748
20230520000013.pol,1973,186,27,7098,311.924
20230520000013.pol,1974,190,27,7102,312.100
20230520000013.pol,1975,194,27,7106,312.275
20230520000013.pol,1976,198,27,7110,312.451
20230520000013.pol,1977,202,27,7114,312.627
20230520000013.pol,1978,206,27,7118,312.803
20230520000013.pol,1979,210,27,7122,312.979
20230520000013.pol,1980,214,27,7126,313.154
20230520000013.pol,1981,218,27,7130,313.330
20230520000013.pol,1982,222,27,7134,313.506
20230520000013.pol,1983,226,27,7138,313.682
20230520000013.pol,1984,230,27,7142,313.857
20230520000013.pol,1985,232,27,7144,313.945
20230520000013.pol,1986,236,27,7148,314.121
20230520000013.pol,1987,238,27,7150,314.209
20230520000013.pol,1988,242,27,7154,314.385
20230520000013.pol,1989,246,27,7158,314.561
20230520000013.pol,1990,248,27,7160,314.648
20230520000013.pol,1991,252,27,7164,314.824
20230520000013.pol,1992,0,28,7168,315.000
20230520000013.pol,1993,4,28,7172,315.176
20230520000013.pol,1994,8,28,7176,315.352
20230520000013.pol,1995,12,28,7180,315.527
20230520000013.pol,1996,16,28,7184,315.703
20230520000013.pol,1997,20,28,7188,315.879
20230520000013.pol,1998,22,28,7190,315.967
20230520000013.pol,1999,26,28,7194,316.143
20230520000013.pol,2000,30,28,7198,316.318
20230520000013.pol,2001,34,28,7202,316.494
20230520000013.pol,2002,36,28,7204,316.582
20230520000013.pol,2003,40,28,7208,316.758
20230520000013.pol,2004,44,28,7212,316.934
20230520000013.pol,2005,48,28,7216,317.109
20230520000013.pol,2006,52,28,7220,317.285
20230520000013.pol,2007,56,28,7224,317.461
20230520000013.pol,2008,58,28,7226,317.549
20230520000013.pol,2009,62,28,7230,317.725
20230520000013.pol,2010,66,28,7234,317.900
20230520000013.pol,2011,70,28,7238,318.076
20230520000013.pol,2012,74,28,7242,318.252
20230520000013.pol,2013,78,28,7246,318.428
20230520000013.pol,2014,82,28,7250,318.604
20230520000013.pol,2015,86,28,7254,318.779
20230520000013.pol,2016,90,28,7258,318.955
20230520000013.pol,2017,94,28,7262,319.131
20230520000013.pol,2018,96,28,7264,319.219
20230520000013.pol,2019,100,28,7268,319.395
20230520000013.pol,2020,102,28,7270,319.482
20230520000013.pol,2021,106,28,7274,319.658
20230520000013.pol,2022,108,28,7276,319.746
20230520000013.pol,2023,112,28,7280,319.922
20230520000013.pol,2024,116,28,7284,320.098
20230520000013.pol,2025,120,28,7288,320.273
20230520000013.pol,2026,122,28,7290,320.361
20230520000013.pol,2027,126,28,7294,320.537
20230520000013.pol,2028,130,28,7298,320.713
20230520000013.pol,2029,132,28,7300,320.801
20230520000013.pol,2030,136,28,7304,320.977
20230520000013.pol,2031,140,28,7308,321.152
20230520000013.pol,2032,144,28,7312,321.328
20230520000013.pol,2033,148,28,7316,321.504
20230520000013.pol,2034,152,28,7320,321.680
20230520000013.pol,2035,156,28,7324,321.855
20230520000013.pol,2036,158,28,7326,321.943
20230520000013.pol,2037,162,28,7330,322.119
20230520000013.pol,2038,166,28,7334,322.295
20230520000013.pol,2039,170,28,7338,322.471
20230520000013.pol,2040,174,28,7342,322.646
20230520000013.pol,2041,178,28,7346,322.822
20230520000013.pol,2042,182,28,7350,322.998
20230520000013.pol,2043,186,28,7354,323.174
20230520000013.pol,2044,190,28,7358,323.350
20230520000013.pol,2045,194,28,7362,323.525
20230520000013.pol,2046,198,28,7366,323.701
20230520000013.pol,2047,202,28,7370,323.877
20230520000013.pol,2048,206,28,7374,324.053
20230520000013.pol,2049,210,28,7378,324.229
20230520000013.pol,2050,212,28,7380,324.316
20230520000013.pol,2051,216,28,7384,324.492
20230520000013.pol,2052,220,28,7388,324.668
20230520000013.pol,2053,222,28,7390,324.756
20230520000013.pol,2054,226,28,7394,324.932
20230520000013.pol,2055,230,28,7398,325.107
20230520000013.pol,2056,234,28,7402,325.283
20230520000013.pol,2057,238,28,7406,325.459
20230520000013.pol,2058,242,28,7410,325.635
20230520000013.pol,2059,246,28,7414,325.811
20230520000013.pol,2060,250,28,7418,325.986
20230520000013.pol,2061,254,28,7422,326.162
20230520000013.pol,2062,0,29,7424,326.250
20230520000013.pol,2063,4,29,7428,326.426
20230520000013.pol,2064,8,29,7432,326.602
20230520000013.pol,2065,12,29,7436,326.777
20230520000013.pol,2066,14,29,7438,326.865
20230520000013.pol,2067,18,29,7442,327.041
20230520000013.pol,2068,22,29,7446,327.217
20230520000013.pol,2069,26,29,7450,327.393
20230520000013.pol,2070,30,29,7454,327.568
20230520000013.pol,2071,34,29,7458,327.744
20230520000013.pol,2072,38,29,7462,327.920
20230520000013.pol,2073,42,29,7466,328.096
20230520000013.pol,2074,46,29,7470,328.271
20230520000013.pol,2075,50,29,7474,328.447
20230520000013.pol,2076,54,29,7478,328.623
20230520000013.pol,2077,56,29,7480,328.711
20230520000013.pol,2078,60,29,7484,328.887
20230520000013.pol,2079,64,29,7488,329.062
20230520000013.pol,2080,68,29,7492,329.238
20230520000013.pol,2081,72,29,7496,329.414
20230520000013.pol,2082,76,29,7500,329.590
20230520000013.pol,2083,78,29,7502,329.678
20230520000013.pol,2084,82,29,7506,329.854
20230520000013.pol,2085,84,29,7508,329.941
20230520000013.pol,2086,88,29,7512,330.117
20230520000013.pol,2087,90,29,7514,330.205
20230520000013.pol,2088,94,29,7518,330.381
20230520000013.pol,2089,96,29,7520,330.469
20230520000013.pol,2090,100,29,7524,330.645
20230520000013.pol,2091,104,29,7528,330.820
20230520000013.pol,2092,108,29,7532,330.996
20230520000013.pol,2093,110,29,7534,331.084
20230520000013.pol,2094,114,29,7538,331.260
20230520000013.pol,2095,116,29,7540,331.348
20230520000013.pol,2096,120,29,7544,331.523
20230520000013.pol,2097,124,29,7548,331.699
20230520000013.pol,2098,128,29,7552,331.875
20230520000013.pol,2099,132,29,7556,332.051
20230520000013.pol,2100,136,29,7560,332.227
20230520000013.pol,2101,140,29,7564,332.402
20230520000013.pol,2102,144,29,7568,332.578
20230520000013.pol,2103,146,29,7570,332.666
20230520000013.pol,2104,150,29,7574,332.842
20230520000013.pol,2105,152,29,7576,332.930
20230520000013.pol,2106,156,29,7580,333.105
20230520000013.pol,2107,160,29,7584,333.281
20230520000013.pol,2108,164,29,7588,333.457
20230520000013.pol,2109,168,29,7592,333.633
20230520000013.pol,2110,172,29,7596,333.809
20230520000013.pol,2111,176,29,7600,333.984
20230520000013.pol,2112,178,29,7602,334.072
20230520000013.pol,2113,182,29,7606,334.248
20230520000013.pol,2114,186,29,7610,334.424
20230520000013.pol,2115,188,29,7612,334.512
20230520000013.pol,2116,192,29,7616,334.688
20230520000013.pol,2117,196,29,7620,334.863
20230520000013.pol,2118,200,29,7624,335.039
20230520000013.pol,2119,204,29,7628,335.215
20230520000013.pol,2120,208,29,7632,335.391
20230520000013.pol,2121,212,29,7636,335.566
20230520000013.pol,2122,216,29,7640,335.742
20230520000013.pol,2123,220,29,7644,335.918
20230520000013.pol,2124,224,29,7648,336.094
20230520000013.pol,2125,228,29,7652,336.270
20230520000013.pol,2126,232,29,7656,336.445
20230520000013.pol,2127,236,29,7660,336.621
20230520000013.pol,2128,240,29,7664,336.797
20230520000013.pol,2129,244,29,7668,336.973
20230520000013.pol,2130,248,29,7672,337.148
20230520000013.pol,2131,250,29,7674,337.236
20230520000013.pol,2132,254,29,7678,337.412
20230520000013.pol,2133,0,30,7680,337.500
20230520000013.pol,2134,4,30,7684,337.676
20230520000013.pol,2135,6,30,7686,337.764
20230520000013.pol,2136,10,30,7690,337.939
20230520000013.pol,2137,14,30,7694,338.115
20230520000013.pol,2138,18,30,7698,338.291
20230520000013.pol,2139,22,30,7702,338.467
20230520000013.pol,2140,26,30,7706,338.643
20230520000013.pol,2141,30,30,7710,338.818
20230520000013.pol,2142,34,30,7714,338.994
20230520000013.pol,2143,38,30,7718,339.170
20230520000013.pol,2144,40,30,7720,339.258
20230520000013.pol,2145,44,30,7724,339.434
20230520000013.pol,2146,46,30,7726,339.521
20230520000013.pol,2147,50,30,7730,339.697
20230520000013.pol,2148,54,30,7734,339.873
20230520000013.pol,2149,58,30,7738,340.049
20230520000013.pol,2150,62,30,7742,340.225
20230520000013.pol,2151,64,30,7744,340.312
20230520000013.pol,2152,68,30,7748,340.488
20230520000013.pol,2153,72,30,7752,340.664
20230520000013.pol,2154,76,30,7756,340.840
20230520000013.pol,2155,80,30,7760,341.016
20230520000013.pol,2156,84,30,7764,341.191
20230520000013.pol,2157,88,30,7768,341.367
20230520000013.pol,2158,92,30,7772,341.543
20230520000013.pol,2159,94,30,7774,341.631
20230520000013.pol,2160,98,30,7778,341.807
20230520000013.pol,2161,102,30,7782,341.982
20230520000013.pol,2162,104,30,7784,342.070
20230520000013.pol,2163,108,30,7788,342.246
20230520000013.pol,2164,112,30,7792,342.422
20230520000013.pol,2165,116,30,7796,342.598
20230520000013.pol,2166,120,30,7800,342.773
20230520000013.pol,2167,122,30,7802,342.861
20230520000013.pol,2168,126,30,7806,343.037
20230520000013.pol,2169,130,30,7810,343.213
20230520000013.pol,2170,132,30,7812,343.301
20230520000013.pol,2171,136,30,7816,343.477
20230520000013.pol,2172,140,30,7820,343.652
20230520000013.pol,2173,144,30,7824,343.828
20230520000013.pol,2174,148,30,7828,344.004
20230520000013.pol,2175,150,30,7830,344.092
20230520000013.pol,2176,154,30,7834,344.268
20230520000013.pol,2177,156,30,7836,344.355
20230520000013.pol,2178,160,30,7840,344.531
20230520000013.pol,2179,162,30,7842,344.619
20230520000013.pol,2180,166,30,7846,344.795
20230520000013.pol,2181,170,30,7850,344.971
20230520000013.pol,2182,174,30,7854,345.146
20230520000013.pol,2183,178,30,7858,345.322
20230520000013.pol,2184,182,30,7862,345.498
20230520000013.pol,2185,186,30,7866,345.674
20230520000013.pol,2186,190,30,7870,345.850
20230520000013.pol,2187,194,30,7874,346.025
20230520000013.pol,2188,198,30,7878,346.201
20230520000013.pol,2189,202,30,7882,346.377
20230520000013.pol,2190,204,30,7884,346.465
20230520000013.pol,2191,208,30,7888,346.641
20230520000013.pol,2192,212,30,7892,346.816
20230520000013.pol,2193,216,30,7896,346.992
20230520000013.pol,2194,220,30,7900,347.168
20230520000013.pol,2195,224,30,7904,347.344
20230520000013.pol,2196,228,30,7908,347.520
20230520000013.pol,2197,232,30,7912,347.695
20230520000013.pol,2198,236,30,7916,347.871
20230520000013.pol,2199,240,30,7920,348.047
20230520000013.pol,2200,244,30,7924,348.223
20230520000013.pol,2201,248,30,7928,348.398
20230520000013.pol,2202,252,30,7932,348.574
20230520000013.pol,2203,0,31,7936,348.750
20230520000013.pol,2204,4,31,7940,348.926
20230520000013.pol,2205,6,31,7942,349.014
20230520000013.pol,2206,10,31,7946,349.189
20230520000013.pol,2207,12,31,7948,349.277
20230520000013.pol,2208,16,31,7952,349.453
20230520000013.pol,2209,20,31,7956,349.629
20230520000013.pol,2210,24,31,7960,349.805
20230520000013.pol,2211,28,31,7964,349.980
20230520000013.pol,2212,32,31,7968,350.156
20230520000013.pol,2213,36,31,7972,350.332
20230520000013.pol,2214,38,31,7974,350.420
20230520000013.pol,2215,42,31,7978,350.596
20230520000013.pol,2216,44,31,7980,350.684
20230520000013.pol,2217,48,31,7984,350.859
20230520000013.pol,2218,50,31,7986,350.947
20230520000013.pol,2219,54,31,7990,351.123
20230520000013.pol,2220,58,31,7994,351.299
20230520000013.pol,2221,62,31,7998,351.475
20230520000013.pol,2222,66,31,8002,351.650
20230520000013.pol,2223,70,31,8006,351.826
20230520000013.pol,2224,74,31,8010,352.002
20230520000013.pol,2225,78,31,8014,352.178
20230520000013.pol,2226,82,31,8018,352.354
20230520000013.pol,2227,86,31,8022,352.529
20230520000013.pol,2228,90,31,8026,352.705
20230520000013.pol,2229,94,31,8030,352.881
20230520000013.pol,2230,98,31,8034,353.057
20230520000013.pol,2231,102,31,8038,353.232
20230520000013.pol,2232,106,31,8042,353.408
20230520000013.pol,2233,110,31,8046,353.584
20230520000013.pol,2234,114,31,8050,353.760
20230520000013.pol,2235,118,31,8054,353.936
20230520000013.pol,2236,120,31,8056,354.023
20230520000013.pol,2237,124,31,8060,354.199
20230520000013.pol,2238,126,31,8062,354.287
20230520000013.pol,2239,130,31,8066,354.463
20230520000013.pol,2240,134,31,8070,354.639
20230520000013.pol,2241,136,31,8072,354.727
20230520000013.pol,2242,140,31,8076,354.902
20230520000013.pol,2243,142,31,8078,354.990
20230520000013.pol,2244,146,31,8082,355.166
20230520000013.pol,2245,150,31,8086,355.342
20230520000013.pol,2246,154,31,8090,355.518
20230520000013.pol,2247,158,31,8094,355.693
20230520000013.pol,2248,162,31,8098,355.869
20230520000013.pol,2249,166,31,8102,356.045
20230520000013.pol,2250,168,31,8104,356.133
20230520000013.pol,2251,172,31,8108,356.309
20230520000013.pol,2252,176,31,8112,356.484
20230520000013.pol,2253,180,31,8116,356.660
20230520000013.pol,2254,184,31,8120,356.836
20230520000013.pol,2255,188,31,8124,357.012
20230520000013.pol,2256,192,31,8128,357.188
20230520000013.pol,2257,196,31,8132,357.363
20230520000013.pol,2258,200,31,8136,357.539
20230520000013.pol,2259,204,31,8140,357.715
20230520000013.pol,2260,208,31,8144,357.891
20230520000013.pol,2261,210,31,8146,357.979
20230520000013.pol,2262,214,31,8150,358.154
20230520000013.pol,2263,218,31,8154,358.330
20230520000013.pol,2264,222,31,8158,358.506
20230520000013.pol,2265,224,31,8160,358.594
20230520000013.pol,2266,228,31,8164,358.770
20230520000013.pol,2267,232,31,8168,358.945
20230520000013.pol,2268,236,31,8172,359.121
20230520000013.pol,2269,240,31,8176,359.297
20230520000013.pol,2270,244,31,8180,359.473
20230520000013.pol,2271,248,31,8184,359.648
20230520000013.pol,2272,250,31,8186,359.736
20230520000013.pol,2273,254,31,8190,359.912
20230520000018.pol,0,0,0,0,0.000
20230520000018.pol,1,4,0,4,0.176
20230520000018.pol,2,8,0,8,0.352
20230520000018.pol,3,12,0,12,0.527
20230520000018.pol,4,14,0,14,0.615
20230520000018.pol,5,18,0,18,0.791
20230520000018.pol,6,22,0,22,0.967
20230520000018.pol,7,24,0,24,1.055
20230520000018.pol,8,28,0,28,1.230
20230520000018.pol,9,32,0,32,1.406
20230520000018.pol,10,34,0,34,1.494
20230520000018.pol,11,38,0,38,1.670
20230520000018.pol,12,42,0,42,1.846
20230520000018.pol,13,46,0,46,2.021
20230520000018.pol,14,50,0,50,2.197
20230520000018.pol,15,54,0,54,2.373
20230520000018.pol,16,56,0,56,2.461
20230520000018.pol,17,60,0,60,2.637
20230520000018.pol,18,64,0,64,2.812
20230520000018.pol,19,68,0,68,2.988
20230520000018.pol,20,72,0,72,3.164
20230520000018.pol,21,76,0,76,3.340
20230520000018.pol,22,80,0,80,3.516
20230520000018.pol,23,84,0,84,3.691
20230520000018.pol,24,86,0,86,3.779
20230520000018.pol,25,90,0,90,3.955
20230520000018.pol,26,94,0,94,4.131
20230520000018.pol,27,98,0,98,4.307
20230520000018.pol,28,102,0,102,4.482
20230520000018.pol,29,106,0,106,4.658
20230520000018.pol,30,110,0,110,4.834
20230520000018.pol,31,112,0,112,4.922
20230520000018.pol,32,116,0,116,5.098
20230520000018.pol,33,120,0,120,5.273
20230520000018.pol,34,124,0,124,5.449
20230520000018.pol,35,128,0,128,5.625
20230520000018.pol,36,132,0,132,5.801
20230520000018.pol,37,136,0,136,5.977
20230520000018.pol,38,138,0,138,6.064
20230520000018.pol,39,142,0,142,6.240
20230520000018.pol,40,146,0,146,6.416
20230520000018.pol,41,150,0,150,6.592
20230520000018.pol,42,152,0,152,6.680
20230520000018.pol,43,156,0,156,6.855
20230520000018.pol,44,160,0,160,7.031
20230520000018.pol,45,164,0,164,7.207
20230520000018.pol,46,168,0,168,7.383
20230520000018.pol,47,172,0,172,7.559
20230520000018.pol,48,174,0,174,7.646
20230520000018.pol,49,178,0,178,7.822
20230520000018.pol,50,182,0,182,7.998
20230520000018.pol,51,186,0,186,8.174
20230520000018.pol,52,188,0,188,8.262
20230520000018.pol,53,192,0,192,8.438
20230520000018.pol,54,196,0,196,8.613
20230520000018.pol,55,200,0,200,8.789
20230520000018.pol,56,204,0,204,8.965
20230520000018.pol,57,208,0,208,9.141
20230520000018.pol,58,212,0,212,9.316
20230520000018.pol,59,216,0,216,9.492
20230520000018.pol,60,220,0,220,9.668
20230520000018.pol,61,224,0,224,9.844
20230520000018.pol,62,228,0,228,10.020
20230520000018.pol,63,232,0,232,10.195
20230520000018.pol,64,234,0,234,10.283
20230520000018.pol,65,238,0,238,10.459
20230520000018.pol,66,242,0,242,10.635
20230520000018.pol,67,246,0,246,10.811
20230520000018.pol,68,250,0,250,10.986
20230520000018.pol,69,254,0,254,11.162
20230520000018.pol,70,0,1,256,11.250
20230520000018.pol,71,4,1,260,11.426
20230520000018.pol,72,8,1,264,11.602
20230520000018.pol,73,12,1,268,11.777
20230520000018.pol,74,16,1,272,11.953
20230520000018.pol,75,18,1,274,12.041
20230520000018.pol,76,22,1,278,12.217
20230520000018.pol,77,26,1,282,12.393
20230520000018.pol,78,28,1,284,12.480
20230520000018.pol,79,32,1,288,12.656
20230520000018.pol,80,36,1,292,12.832
20230520000018.pol,81,40,1,296,13.008
20230520000018.pol,82,44,1,300,13.184
20230520000018.pol,83,48,1,304,13.359
20230520000018.pol,84,52,1,308,13.535
20230520000018.pol,85,56,1,312,13.711
20230520000018.pol,86,60,1,316,13.887
20230520000018.pol,87,62,1,318,13.975
20230520000018.pol,88,66,1,322,14.150
20230520000018.pol,89,70,1,326,14.326
20230520000018.pol,90,74,1,330,14.502
20230520000018.pol,91,76,1,332,14.590
20230520000018.pol,92,80,1,336,14.766
20230520000018.pol,93,84,1,340,14.941
20230520000018.pol,94,88,1,344,15.117
20230520000018.pol,95,92,1,348,15.293
20230520000018.pol,96,96,1,352,15.469
20230520000018.pol,97,100,1,356,15.645
20230520000018.pol,98,104,1,360,15.820
20230520000018.pol,99,106,1,362,15.908
20230520000018.pol,100,110,1,366,16.084
20230520000018.pol,101,114,1,370,16.260
20230520000018.pol,102,118,1,374,16.436
20230520000018.pol,103,122,1,378,16.611
20230520000018.pol,104,126,1,382,16.787
20230520000018.pol,105,130,1,386,16.963
20230520000018.pol,106,134,1,390,17.139
20230520000018.pol,107,138,1,394,17.314
20230520000018.pol,108,140,1,396,17.402
20230520000018.pol,109,144,1,400,17.578
20230520000018.pol,110,148,1,404,17.754
20230520000018.pol,111,152,1,408,17.930
20230520000018.pol,112,156,1,412,18.105
20230520000018.pol,113,158,1,414,18.193
20230520000018.pol,114,162,1,418,18.369
20230520000018.pol,115,164,1,420,18.457
20230520000018.pol,116,168,1,424,18.633
20230520000018.pol,117,172,1,428,18.809
20230520000018.pol,118,176,1,432,18.984
20230520000018.pol,119,178,1,434,19.072
20230520000018.pol,120,182,1,438,19.248
20230520000018.pol,121,184,1,440,19.336
20230520000018.pol,122,188,1,444,19.512
20230520000018.pol,123,192,1,448,19.688
20230520000018.pol,124,194,1,450,19.775
20230520000018.pol,125,198,1,454,19.951
20230520000018.pol,126,200,1,456,20.039
20230520000018.pol,127,204,1,460,20.215
20230520000018.pol,128,206,1,462,20.303
20230520000018.pol,129,210,1,466,20.479
20230520000018.pol,130,214,1,470,20.654
20230520000018.pol,131,218,1,474,20.830
20230520000018.pol,132,222,1,478,21.006
20230520000018.pol,133,224,1,480,21.094
20230520000018.pol,134,228,1,484,21.270
20230520000018.pol,135,232,1,488,21.445
20230520000018.pol,136,236,1,492,21.621
20230520000018.pol,137,238,1,494,21.709
20230520000018.pol,138,242,1,498,21.885
20230520000018.pol,139,246,1,502,22.061
20230520000018.pol,140,250,1,506,22.236
20230520000018.pol,141,254,1,510,22.412
20230520000018.pol,142,0,2,512,22.500
20230520000018.pol,143,4,2,516,22.676
20230520000018.pol,144,8,2,520,22.852
20230520000018.pol,145,12,2,524,23.027
20230520000018.pol,146,16,2,528,23.203
20230520000018.pol,147,20,2,532,23.379
20230520000018.pol,148,24,2,536,23.555
20230520000018.pol,149,28,2,540,23.730
20230520000018.pol,150,32,2,544,23.906
20230520000018.pol,151,34,2,546,23.994
20230520000018.pol,152,38,2,550,24.170
20230520000018.pol,153,40,2,552,24.258
20230520000018.pol,154,44,2,556,24.434
20230520000018.pol,155,48,2,560,24.609
20230520000018.pol,156,52,2,564,24.785
20230520000018.pol,157,54,2,566,24.873
20230520000018.pol,158,58,2,570,25.049
20230520000018.pol,159,60,2,572,25.137
20230520000018.pol,160,64,2,576,25.312
20230520000018.pol,161,66,2,578,25.400
20230520000018.pol,162,70,2,582,25.576
20230520000018.pol,163,72,2,584,25.664
20230520000018.pol,164,76,2,588,25.840
20230520000018.pol,165,80,2,592,26.016
20230520000018.pol,166,84,2,596,26.191
20230520000018.pol,167,86,2,598,26.279
20230520000018.pol,168,90,2,602,26.455
20230520000018.pol,169,94,2,606,26.631
20230520000018.pol,170,98,2,610,26.807
20230520000018.pol,171,100,2,612,26.895
20230520000018.pol,172,104,2,616,27.070
20230520000018.pol,173,106,2,618,27.158
20230520000018.pol,174,110,2,622,27.334
20230520000018.pol,175,114,2,626,27.510
20230520000018.pol,176,118,2,630,27.686
20230520000018.pol,177,122,2,634,27.861
20230520000018.pol,178,124,2,636,27.949
20230520000018.pol,179,128,2,640,28.125
20230520000018.pol,180,130,2,642,28.213
20230520000018.pol,181,134,2,646,28.389
20230520000018.pol,182,136,2,648,28.477
20230520000018.pol,183,140,2,652,28.652
20230520000018.pol,184,144,2,656,28.828
20230520000018.pol,185,148,2,660,29.004
20230520000018.pol,186,152,2,664,29.180
20230520000018.pol,187,156,2,668,29.355
20230520000018.pol,188,158,2,670,29.443
20230520000018.pol,189,162,2,674,29.619
20230520000018.pol,190,164,2,676,29.707
20230520000018.pol,191,168,2,680,29.883
20230520000018.pol,192,172,2,684,30.059
20230520000018.pol,193,176,2,688,30.234
20230520000018.pol,194,180,2,692,30.410
20230520000018.pol,195,182,2,694,30.498
20230520000018.pol,196,186,2,698,30.674
20230520000018.pol,197,190,2,702,30.850
20230520000018.pol,198,194,2,706,31.025
20230520000018.pol,199,198,2,710,31.201
20230520000018.pol,200,202,2,714,31.377
20230520000018.pol,201,204,2,716,31.465
20230520000018.pol,202,208,2,720,31.641
20230520000018.pol,203,210,2,722,31.729
20230520000018.pol,204,214,2,726,31.904
20230520000018.pol,205,216,2,728,31.992
20230520000018.pol,206,220,2,732,32.168
20230520000018.pol,207,222,2,734,32.256
20230520000018.pol,208,226,2,738,32.432
20230520000018.pol,209,230,2,742,32.607
20230520000018.pol,210,234,2,746,32.783
20230520000018.pol,211,238,2,750,32.959
20230520000018.pol,212,242,2,754,33.135
20230520000018.pol,213,246,2,758,33.311
20230520000018.pol,214,250,2,762,33.486
20230520000018.pol,215,254,2,766,33.662
20230520000018.pol,216,2,3,770,33.838
20230520000018.pol,217,6,3,774,34.014
20230520000018.pol,218,8,3,776,34.102
20230520000018.pol,219,12,3,780,34.277
20230520000018.pol,220,16,3,784,34.453
20230520000018.pol,221,20,3,788,34.629
20230520000018.pol,222,24,3,792,34.805
20230520000018.pol,223,28,3,796,34.980
20230520000018.pol,224,32,3,800,35.156
20230520000018.pol,225,34,3,802,35.244
20230520000018.pol,226,38,3,806,35.420
20230520000018.pol,227,40,3,808,35.508
20230520000018.pol,228,44,3,812,35.684
20230520000018.pol,229,48,3,816,35.859
20230520000018.pol,230,52,3,820,36.035
20230520000018.pol,231,54,3,822,36.123
20230520000018.pol,232,58,3,826,36.299
20230520000018.pol,233,60,3,828,36.387
20230520000018.pol,234,64,3,832,36.562
20230520000018.pol,235,66,3,834,36.650
20230520000018.pol,236,70,3,838,36.826
20230520000018.pol,237,74,3,842,37.002
20230520000018.pol,238,78,3,846,37.178
20230520000018.pol,239,80,3,848,37.266
20230520000018.pol,240,84,3,852,37.441
20230520000018.pol,241,88,3,856,37.617
20230520000018.pol,242,90,3,858,37.705
20230520000018.pol,243,94,3,862,37.881
20230520000018.pol,244,98,3,866,38.057
20230520000018.pol,245,102,3,870,38.232
20230520000018.pol,246,104,3,872,38.320
20230520000018.pol,247,108,3,876,38.496
20230520000018.pol,248,112,3,880,38.672
20230520000018.pol,249,116,3,884,38.848
20230520000018.pol,250,120,3,888,39.023
20230520000018.pol,251,122,3,890,39.111
20230520000018.pol,252,126,3,894,39.287
20230520000018.pol,253,130,3,898,39.463
20230520000018.pol,254,134,3,902,39.639
20230520000018.pol,255,138,3,906,39.814
20230520000018.pol,256,142,3,910,39.990
20230520000018.pol,257,146,3,914,40.166
20230520000018.pol,258,150,3,918,40.342
20230520000018.pol,259,154,3,922,40.518
20230520000018.pol,260,158,3,926,40.693
20230520000018.pol,261,162,3,930,40.869
20230520000018.pol,262,166,3,934,41.045
20230520000018.pol,263,170,3,938,41.221
20230520000018.pol,264,172,3,940,41.309
20230520000018.pol,265,176,3,944,41.484
20230520000018.pol,266,180,3,948,41.660
20230520000018.pol,267,184,3,952,41.836
20230520000018.pol,268,188,3,956,42.012
20230520000018.pol,269,192,3,960,42.188
20230520000018.pol,270,194,3,962,42.275
20230520000018.pol,271,198,3,966,42.451
20230520000018.pol,272,200,3,968,42.539
20230520000018.pol,273,204,3,972,42.715
20230520000018.pol,274,208,3,976,42.891
20230520000018.pol,275,212,3,980,43.066
20230520000018.pol,276,214,3,982,43.154
20230520000018.pol,277,218,3,986,43.330
20230520000018.pol,278,222,3,990,43.506
20230520000018.pol,279,226,3,994,43.682
20230520000018.pol,280,230,3,998,43.857
20230520000018.pol,281,234,3,1002,44.033
20230520000018.pol,282,238,3,1006,44.209
20230520000018.pol,283,240,3,1008,44.297
20230520000018.pol,284,244,3,1012,44.473
20230520000018.pol,285,246,3,1014,44.561
20230520000018.pol,286,250,3,1018,44.736
20230520000018.pol,287,254,3,1022,44.912
20230520000018.pol,288,2,4,1026,45.088
20230520000018.pol,289,6,4,1030,45.264
20230520000018.pol,290,10,4,1034,45.439
20230520000018.pol,291,14,4,1038,45.615
20230520000018.pol,292,16,4,1040,45.703
20230520000018.pol,293,20,4,1044,45.879
20230520000018.pol,294,22,4,1046,45.967
20230520000018.pol,295,26,4,1050,46.143
20230520000018.pol,296,30,4,1054,46.318
20230520000018.pol,297,34,4,1058,46.494
20230520000018.pol,298,38,4,1062,46.670
20230520000018.pol,299,42,4,1066,46.846
20230520000018.pol,300,46,4,1070,47.021
20230520000018.pol,301,50,4,1074,47.197
20230520000018.pol,302,54,4,1078,47.373
20230520000018.pol,303,56,4,1080,47.461
20230520000018.pol,304,60,4,1084,47.637
20230520000018.pol,305,62,4,1086,47.725
20230520000018.pol,306,66,4,1090,47.900
20230520000018.pol,307,70,4,1094,48.076
20230520000018.pol,308,74,4,1098,48.252
20230520000018.pol,309,76,4,1100,48.340
20230520000018.pol,310,80,4,1104,48.516
20230520000018.pol,311,84,4,1108,48.691
20230520000018.pol,312,88,4,1112,48.867
20230520000018.pol,313,92,4,1116,49.043
20230520000018.pol,314,96,4,1120,49.219
20230520000018.pol,315,100,4,1124,49.395
20230520000018.pol,316,104,4,1128,49.570
20230520000018.pol,317,108,4,1132,49.746
20230520000018.pol,318,112,4,1136,49.922
20230520000018.pol,319,116,4,1140,50.098
20230520000018.pol,320,120,4,1144,50.273
20230520000018.pol,321,124,4,1148,50.449
20230520000018.pol,322,126,4,1150,50.537
20230520000018.pol,323,130,4,1154,50.713
20230520000018.pol,324,134,4,1158,50.889
20230520000018.pol,325,138,4,1162,51.064
20230520000018.pol,326,140,4,1164,51.152
20230520000018.pol,327,144,4,1168,51.328
20230520000018.pol,328,148,4,1172,51.504
20230520000018.pol,329,150,4,1174,51.592
20230520000018.pol,330,154,4,1178,51.768
20230520000018.pol,331,158,4,1182,51.943
20230520000018.pol,332,162,4,1186,52.119
20230520000018.pol,333,166,4,1190,52.295
20230520000018.pol,334,170,4,1194,52.471
20230520000018.pol,335,174,4,1198,52.646
20230520000018.pol,336,178,4,1202,52.822
20230520000018.pol,337,182,4,1206,52.998
20230520000018.pol,338,186,4,1210,53.174
20230520000018.pol,339,190,4,1214,53.350
20230520000018.pol,340,194,4,1218,53.525
20230520000018.pol,341,198,4,1222,53.701
20230520000018.pol,342,202,4,1226,53.877
20230520000018.pol,343,206,4,1230,54.053
20230520000018.pol,344,210,4,1234,54.229
20230520000018.pol,345,214,4,1238,54.404
20230520000018.pol,346,216,4,1240,54.492
20230520000018.pol,347,220,4,1244,54.668
20230520000018.pol,348,224,4,1248,54.844
20230520000018.pol,349,228,4,1252,55.020
20230520000018.pol,350,230,4,1254,55.107
20230520000018.pol,351,234,4,1258,55.283
20230520000018.pol,352,238,4,1262,55.459
20230520000018.pol,353,242,4,1266,55.635
20230520000018.pol,354,246,4,1270,55.811
20230520000018.pol,355,250,4,1274,55.986
20230520000018.pol,356,254,4,1278,56.162
20230520000018.pol,357,2,5,1282,56.338
20230520000018.pol,358,6,5,1286,56.514
20230520000018.pol,359,10,5,1290,56.689
20230520000018.pol,360,14,5,1294,56.865
20230520000018.pol,361,16,5,1296,56.953
20230520000018.pol,362,20,5,1300,57.129
20230520000018.pol,363,24,5,1304,57.305
20230520000018.pol,364,28,5,1308,57.480
20230520000018.pol,365,32,5,1312,57.656
20230520000018.pol,366,36,5,1316,57.832
20230520000018.pol,367,38,5,1318,57.920
20230520000018.pol,368,42,5,1322,58.096
20230520000018.pol,369,44,5,1324,58.184
20230520000018.pol,370,48,5,1328,58.359
20230520000018.pol,371,50,5,1330,58.447
20230520000018.pol,372,54,5,1334,58.623
20230520000018.pol,373,58,5,1338,58.799
20230520000018.pol,374,62,5,1342,58.975
20230520000018.pol,375,66,5,1346,59.150
20230520000018.pol,376,68,5,1348,59.238
20230520000018.pol,377,72,5,1352,59.414
20230520000018.pol,378,74,5,1354,59.502
20230520000018.pol,379,78,5,1358,59.678
20230520000018.pol,380,82,5,1362,59.854
20230520000018.pol,381,86,5,1366,60.029
20230520000018.pol,382,90,5,1370,60.205
20230520000018.pol,383,94,5,1374,60.381
20230520000018.pol,384,98,5,1378,60.557
20230520000018.pol,385,102,5,1382,60.732
20230520000018.pol,386,104,5,1384,60.820
20230520000018.pol,387,108,5,1388,60.996
20230520000018.pol,388,112,5,1392,61.172
20230520000018.pol,389,116,5,1396,61.348
20230520000018.pol,390,118,5,1398,61.436
20230520000018.pol,391,122,5,1402,61.611
20230520000018.pol,392,126,5,1406,61.787
20230520000018.pol,393,130,5,1410,61.963
20230520000018.pol,394,134,5,1414,62.139
20230520000018.pol,395,136,5,1416,62.227
20230520000018.pol,396,140,5,1420,62.402
20230520000018.pol,397,144,5,1424,62.578
20230520000018.pol,398,148,5,1428,62.754
20230520000018.pol,399,152,5,1432,62.930
20230520000018.pol,400,156,5,1436,63.105
20230520000018.pol,401,160,5,1440,63.281
20230520000018.pol,402,164,5,1444,63.457
20230520000018.pol,403,168,5,1448,63.633
20230520000018.pol,404,172,5,1452,63.809
20230520000018.pol,405,174,5,1454,63.896
20230520000018.pol,406,178,5,1458,64.072
20230520000018.pol,407,182,5,1462,64.248
20230520000018.pol,408,184,5,1464,64.336
20230520000018.pol,409,188,5,1468,64.512
20230520000018.pol,410,192,5,1472,64.688
20230520000018.pol,411,194,5,1474,64.775
20230520000018.pol,412,198,5,1478,64.951
20230520000018.pol,413,202,5,1482,65.127
20230520000018.pol,414,206,5,1486,65.303
20230520000018.pol,415,208,5,1488,65.391
20230520000018.pol,416,212,5,1492,65.566
20230520000018.pol,417,214,5,1494,65.654
20230520000018.pol,418,218,5,1498,65.830
20230520000018.pol,419,220,5,1500,65.918
20230520000018.pol,420,224,5,1504,66.094
20230520000018.pol,421,228,5,1508,66.270
20230520000018.pol,422,232,5,1512,66.445
20230520000018.pol,423,234,5,1514,66.533
20230520000018.pol,424,238,5,1518,66.709
20230520000018.pol,425,240,5,1520,66.797
20230520000018.pol,426,244,5,1524,66.973
20230520000018.pol,427,248,5,1528,67.148
20230520000018.pol,428,250,5,1530,67.236
20230520000018.pol,429,254,5,1534,67.412
20230520000018.pol,430,0,6,1536,67.500
20230520000018.pol,431,4,6,1540,67.676
20230520000018.pol,432,6,6,1542,67.764
20230520000018.pol,433,10,6,1546,67.939
20230520000018.pol,434,14,6,1550,68.115
20230520000018.pol,435,18,6,1554,68.291
20230520000018.pol,436,22,6,1558,68.467
20230520000018.pol,437,24,6,1560,68.555
20230520000018.pol,438,28,6,1564,68.730
20230520000018.pol,439,32,6,1568,68.906
20230520000018.pol,440,36,6,1572,69.082
20230520000018.pol,441,40,6,1576,69.258
20230520000018.pol,442,44,6,1580,69.434
20230520000018.pol,443,48,6,1584,69.609
20230520000018.pol,444,52,6,1588,69.785
20230520000018.pol,445,56,6,1592,69.961
20230520000018.pol,446,60,6,1596,70.137
20230520000018.pol,447,62,6,1598,70.225
20230520000018.pol,448,66,6,1602,70.400
20230520000018.pol,449,68,6,1604,70.488
20230520000018.pol,450,72,6,1608,70.664
20230520000018.pol,451,76,6,1612,70.840
20230520000018.pol,452,80,6,1616,71.016
20230520000018.pol,453,82,6,1618,71.104
20230520000018.pol,454,86,6,1622,71.279
20230520000018.pol,455,90,6,1626,71.455
20230520000018.pol,456,94,6,1630,71.631
20230520000018.pol,457,98,6,1634,71.807
20230520000018.pol,458,102,6,1638,71.982
20230520000018.pol,459,106,6,1642,72.158
20230520000018.pol,460,110,6,1646,72.334
20230520000018.pol,461,114,6,1650,72.510
20230520000018.pol,462,118,6,1654,72.686
20230520000018.pol,463,120,6,1656,72.773
20230520000018.pol,464,124,6,1660,72.949
20230520000018.pol,465,126,6,1662,73.037
20230520000018.pol,466,130,6,1666,73.213
20230520000018.pol,467,134,6,1670,73.389
20230520000018.pol,468,138,6,1674,73.564
20230520000018.pol,469,142,6,1678,73.740
20230520000018.pol,470,144,6,1680,73.828
20230520000018.pol,471,148,6,1684,74.004
20230520000018.pol,472,152,6,1688,74.180
20230520000018.pol,473,156,6,1692,74.355
20230520000018.pol,474,160,6,1696,74.531
20230520000018.pol,475,162,6,1698,74.619
20230520000018.pol,476,166,6,1702,74.795
20230520000018.pol,477,168,6,1704,74.883
20230520000018.pol,478,172,6,1708,75.059
20230520000018.pol,479,174,6,1710,75.146
20230520000018.pol,480,178,6,1714,75.322
20230520000018.pol,481,180,6,1716,75.410
20230520000018.pol,482,184,6,1720,75.586
20230520000018.pol,483,188,6,1724,75.762
20230520000018.pol,484,192,6,1728,75.938
20230520000018.pol,485,196,6,1732,76.113
20230520000018.pol,486,200,6,1736,76.289
20230520000018.pol,487,204,6,1740,76.465
20230520000018.pol,488,208,6,1744,76.641
20230520000018.pol,489,210,6,1746,76.729
20230520000018.pol,490,214,6,1750,76.904
20230520000018.pol,491,216,6,1752,76.992
20230520000018.pol,492,220,6,1756,77.168
20230520000018.pol,493,222,6,1758,77.256
20230520000018.pol,494,226,6,1762,77.432
20230520000018.pol,495,230,6,1766,77.607
20230520000018.pol,496,234,6,1770,77.783
20230520000018.pol,497,236,6,1772,77.871
20230520000018.pol,498,240,6,1776,78.047
20230520000018.pol,499,244,6,1780,78.223
20230520000018.pol,500,246,6,1782,78.311
20230520000018.pol,501,250,6,1786,78.486
20230520000018.pol,502,254,6,1790,78.662
20230520000018.pol,503,2,7,1794,78.838
20230520000018.pol,504,6,7,1798,79.014
20230520000018.pol,505,10,7,1802,79.189
20230520000018.pol,506,12,7,1804,79.277
20230520000018.pol,507,16,7,1808,79.453
20230520000018.pol,508,20,7,1812,79.629
20230520000018.pol,509,24,7,1816,79.805
20230520000018.pol,510,28,7,1820,79.980
20230520000018.pol,511,32,7,1824,80.156
20230520000018.pol,512,36,7,1828,80.332
20230520000018.pol,513,40,7,1832,80.508
20230520000018.pol,514,42,7,1834,80.596
20230520000018.pol,515,46,7,1838,80.771
20230520000018.pol,516,50,7,1842,80.947
20230520000018.pol,517,52,7,1844,81.035
20230520000018.pol,518,56,7,1848,81.211
20230520000018.pol,519,60,7,1852,81.387
20230520000018.pol,520,64,7,1856,81.562
20230520000018.pol,521,68,7,1860,81.738
20230520000018.pol,522,72,7,1864,81.914
20230520000018.pol,523,76,7,1868,82.090
20230520000018.pol,524,78,7,1870,82.178
20230520000018.pol,525,82,7,1874,82.354
20230520000018.pol,526,86,7,1878,82.529
20230520000018.pol,527,90,7,1882,82.705
20230520000018.pol,528,94,7,1886,82.881
20230520000018.pol,529,96,7,1888,82.969
20230520000018.pol,530,100,7,1892,83.145
20230520000018.pol,531,104,7,1896,83.320
20230520000018.pol,532,108,7,1900,83.496
20230520000018.pol,533,112,7,1904,83.672
20230520000018.pol,534,116,7,1908,83.848
20230520000018.pol,535,120,7,1912,84.023
20230520000018.pol,536,124,7,1916,84.199
20230520000018.pol,537,126,7,1918,84.287
20230520000018.pol,538,130,7,1922,84.463
20230520000018.pol,539,134,7,1926,84.639
20230520000018.pol,540,136,7,1928,84.727
20230520000018.pol,541,140,7,1932,84.902
20230520000018.pol,542,144,7,1936,85.078
20230520000018.pol,543,148,7,1940,85.254
20230520000018.pol,544,152,7,1944,85.430
20230520000018.pol,545,156,7,1948,85.605
20230520000018.pol,546,160,7,1952,85.781
20230520000018.pol,547,162,7,1954,85.869
20230520000018.pol,548,166,7,1958,86.045
20230520000018.pol,549,170,7,1962,86.221
20230520000018.pol,550,174,7,1966,86.396
20230520000018.pol,551,178,7,1970,86.572
20230520000018.pol,552,182,7,1974,86.748
20230520000018.pol,553,184,7,1976,86.836
20230520000018.pol,554,188,7,1980,87.012
20230520000018.pol,555,190,7,1982,87.100
20230520000018.pol,556,194,7,1986,87.275
20230520000018.pol,557,198,7,1990,87.451
20230520000018.pol,558,202,7,1994,87.627
20230520000018.pol,559,206,7,1998,87.803
20230520000018.pol,560,210,7,2002,87.979
20230520000018.pol,561,214,7,2006,88.154
20230520000018.pol,562,218,7,2010,88.330
20230520000018.pol,563,222,7,2014,88.506
20230520000018.pol,564,226,7,2018,88.682
20230520000018.pol,565,230,7,2022,88.857
20230520000018.pol,566,234,7,2026,89.033
20230520000018.pol,567,238,7,2030,89.209
20230520000018.pol,568,240,7,2032,89.297
20230520000018.pol,569,244,7,2036,89.473
20230520000018.pol,570,248,7,2040,89.648
20230520000018.pol,571,250,7,2042,89.736
20230520000018.pol,572,254,7,2046,89.912
20230520000018.pol,573,2,8,2050,90.088
20230520000018.pol,574,6,8,2054,90.264
20230520000018.pol,575,10,8,2058,90.439
20230520000018.pol,576,14,8,2062,90.615
20230520000018.pol,577,18,8,2066,90.791
20230520000018.pol,578,22,8,2070,90.967
20230520000018.pol,579,24,8,2072,91.055
20230520000018.pol,580,28,8,2076,91.230
20230520000018.pol,581,30,8,2078,91.318
20230520000018.pol,582,34,8,2082,91.494
20230520000018.pol,583,38,8,2086,91.670
20230520000018.pol,584,42,8,2090,91.846
20230520000018.pol,585,46,8,2094,92.021
20230520000018.pol,586,50,8,2098,92.197
20230520000018.pol,587,54,8,2102,92.373
20230520000018.pol,588,58,8,2106,92.549
20230520000018.pol,589,60,8,2108,92.637
20230520000018.pol,590,64,8,2112,92.812
20230520000018.pol,591,68,8,2116,92.988
20230520000018.pol,592,70,8,2118,93.076
20230520000018.pol,593,74,8,2122,93.252
20230520000018.pol,594,76,8,2124,93.340
20230520000018.pol,595,80,8,2128,93.516
20230520000018.pol,596,84,8,2132,93.691
20230520000018.pol,597,88,8,2136,93.867
20230520000018.pol,598,92,8,2140,94.043
20230520000018.pol,599,96,8,2144,94.219
20230520000018.pol,600,100,8,2148,94.395
20230520000018.pol,601,102,8,2150,94.482
20230520000018.pol,602,106,8,2154,94.658
20230520000018.pol,603,110,8,2158,94.834
20230520000018.pol,604,114,8,2162,95.010
20230520000018.pol,605,116,8,2164,95.098
20230520000018.pol,606,120,8,2168,95.273
20230520000018.pol,607,124,8,2172,95.449
20230520000018.pol,608,128,8,2176,95.625
20230520000018.pol,609,130,8,2178,95.713
20230520000018.pol,610,134,8,2182,95.889
20230520000018.pol,611,138,8,2186,96.064
20230520000018.pol,612,142,8,2190,96.240
20230520000018.pol,613,144,8,2192,96.328
20230520000018.pol,614,148,8,2196,96.504
20230520000018.pol,615,152,8,2200,96.680
20230520000018.pol,616,156,8,2204,96.855
20230520000018.pol,617,160,8,2208,97.031
20230520000018.pol,618,164,8,2212,97.207
20230520000018.pol,619,168,8,2216,97.383
20230520000018.pol,620,170,8,2218,97.471
20230520000018.pol,621,174,8,2222,97.646
20230520000018.pol,622,178,8,2226,97.822
20230520000018.pol,623,180,8,2228,97.910
20230520000018.pol,624,184,8,2232,98.086
20230520000018.pol,625,188,8,2236,98.262
20230520000018.pol,626,192,8,2240,98.438
20230520000018.pol,627,196,8,2244,98.613
20230520000018.pol,628,200,8,2248,98.789
20230520000018.pol,629,204,8,2252,98.965
20230520000018.pol,630,208,8,2256,99.141
20230520000018.pol,631,212,8,2260,99.316
20230520000018.pol,632,214,8,2262,99.404
20230520000018.pol,633,218,8,2266,99.580
20230520000018.pol,634,220,8,2268,99.668
20230520000018.pol,635,224,8,2272,99.844
20230520000018.pol,636,226,8,2274,99.932
20230520000018.pol,637,230,8,2278,100.107
20230520000018.pol,638,234,8,2282,100.283
20230520000018.pol,639,238,8,2286,100.459
20230520000018.pol,640,240,8,2288,100.547
20230520000018.pol,641,244,8,2292,100.723
20230520000018.pol,642,248,8,2296,100.898
20230520000018.pol,643,252,8,2300,101.074
20230520000018.pol,644,0,9,2304,101.250
20230520000018.pol,645,4,9,2308,101.426
20230520000018.pol,646,6,9,2310,101.514
20230520000018.pol,647,10,9,2314,101.689
20230520000018.pol,648,14,9,2318,101.865
20230520000018.pol,649,18,9,2322,102.041
20230520000018.pol,650,20,9,2324,102.129
20230520000018.pol,651,24,9,2328,102.305
20230520000018.pol,652,28,9,2332,102.480
20230520000018.pol,653,32,9,2336,102.656
20230520000018.pol,654,36,9,2340,102.832
20230520000018.pol,655,38,9,2342,102.920
20230520000018.pol,656,42,9,2346,103.096
20230520000018.pol,657,44,9,2348,103.184
20230520000018.pol,658,48,9,2352,103.359
20230520000018.pol,659,52,9,2356,103.535
20230520000018.pol,660,56,9,2360,103.711
20230520000018.pol,661,60,9,2364,103.887
20230520000018.pol,662,62,9,2366,103.975
20230520000018.pol,663,66,9,2370,104.150
20230520000018.pol,664,70,9,2374,104.326
20230520000018.pol,665,74,9,2378,104.502
20230520000018.pol,666,78,9,2382,104.678
20230520000018.pol,667,82,9,2386,104.854
20230520000018.pol,668,86,9,2390,105.029
20230520000018.pol,669,88,9,2392,105.117
20230520000018.pol,670,92,9,2396,105.293
20230520000018.pol,671,96,9,2400,105.469
20230520000018.pol,672,100,9,2404,105.645
20230520000018.pol,673,104,9,2408,105.820
20230520000018.pol,674,108,9,2412,105.996
20230520000018.pol,675,112,9,2416,106.172
20230520000018.pol,676,116,9,2420,106.348
20230520000018.pol,677,120,9,2424,106.523
20230520000018.pol,678,124,9,2428,106.699
20230520000018.pol,679,126,9,2430,106.787
20230520000018.pol,680,130,9,2434,106.963
20230520000018.pol,681,132,9,2436,107.051
20230520000018.pol,682,136,9,2440,107.227
20230520000018.pol,683,140,9,2444,107.402
20230520000018.pol,684,144,9,2448,107.578
20230520000018.pol,685,148,9,2452,107.754
20230520000018.pol,686,152,9,2456,107.930
20230520000018.pol,687,156,9,2460,108.105
20230520000018.pol,688,160,9,2464,108.281
20230520000018.pol,689,164,9,2468,108.457
20230520000018.pol,690,168,9,2472,108.633
20230520000018.pol,691,172,9,2476,108.809
20230520000018.pol,692,176,9,2480,108.984
20230520000018.pol,693,180,9,2484,109.160
20230520000018.pol,694,184,9,2488,109.336
20230520000018.pol,695,186,9,2490,109.424
20230520000018.pol,696,190,9,2494,109.600
20230520000018.pol,697,192,9,2496,109.688
20230520000018.pol,698,196,9,2500,109.863
20230520000018.pol,699,198,9,2502,109.951
20230520000018.pol,700,202,9,2506,110.127
20230520000018.pol,701,206,9,2510,110.303
20230520000018.pol,702,208,9,2512,110.391
20230520000018.pol,703,212,9,2516,110.566
20230520000018.pol,704,216,9,2520,110.742
20230520000018.pol,705,220,9,2524,110.918
20230520000018.pol,706,224,9,2528,111.094
20230520000018.pol,707,226,9,2530,111.182
20230520000018.pol,708,230,9,2534,111.357
20230520000018.pol,709,234,9,2538,111.533
20230520000018.pol,710,238,9,2542,111.709
20230520000018.pol,711,242,9,2546,111.885
20230520000018.pol,712,246,9,2550,112.061
20230520000018.pol,713,248,9,2552,112.148
20230520000018.pol,714,252,9,2556,112.324
20230520000018.pol,715,254,9,2558,112.412
20230520000018.pol,716,2,10,2562,112.588
20230520000018.pol,717,6,10,2566,112.764
20230520000018.pol,718,8,10,2568,112.852
20230520000018.pol,719,12,10,2572,113.027
20230520000018.pol,720,14,10,2574,113.115
20230520000018.pol,721,18,10,2578,113.291
20230520000018.pol,722,20,10,2580,113.379
20230520000018.pol,723,24,10,2584,113.555
20230520000018.pol,724,28,10,2588,113.730
20230520000018.pol,725,32,10,2592,113.906
20230520000018.pol,726,36,10,2596,114.082
20230520000018.pol,727,40,10,2600,114.258
20230520000018.pol,728,44,10,2604,114.434
20230520000018.pol,729,48,10,2608,114.609
20230520000018.pol,730,52,10,2612,114.785
20230520000018.pol,731,56,10,2616,114.961
20230520000018.pol,732,58,10,2618,115.049
20230520000018.pol,733,62,10,2622,115.225
20230520000018.pol,734,66,10,2626,115.400
20230520000018.pol,735,70,10,2630,115.576
20230520000018.pol,736,74,10,2634,115.752
20230520000018.pol,737,78,10,2638,115.928
20230520000018.pol,738,82,10,2642,116.104
20230520000018.pol,739,86,10,2646,116.279
20230520000018.pol,740,90,10,2650,116.455
20230520000018.pol,741,92,10,2652,116.543
20230520000018.pol,742,96,10,2656,116.719
20230520000018.pol,743,98,10,2658,116.807
20230520000018.pol,744,102,10,2662,116.982
20230520000018.pol,745,104,10,2664,117.070
20230520000018.pol,746,108,10,2668,117.246
20230520000018.pol,747,110,10,2670,117.334
20230520000018.pol,748,114,10,2674,117.510
20230520000018.pol,749,118,10,2678,117.686
20230520000018.pol,750,122,10,2682,117.861
20230520000018.pol,751,124,10,2684,117.949
20230520000018.pol,752,128,10,2688,118.125
20230520000018.pol,753,132,10,2692,118.301
20230520000018.pol,754,136,10,2696,118.477
20230520000018.pol,755,138,10,2698,118.564
20230520000018.pol,756,142,10,2702,118.740
20230520000018.pol,757,146,10,2706,118.916
20230520000018.pol,758,148,10,2708,119.004
20230520000018.pol,759,152,10,2712,119.180
20230520000018.pol,760,154,10,2714,119.268
20230520000018.pol,761,158,10,2718,119.443
20230520000018.pol,762,160,10,2720,119.531
20230520000018.pol,763,164,10,2724,119.707
20230520000018.pol,764,168,10,2728,119.883
20230520000018.pol,765,172,10,2732,120.059
20230520000018.pol,766,176,10,2736,120.234
20230520000018.pol,767,178,10,2738,120.322
20230520000018.pol,768,182,10,2742,120.498
20230520000018.pol,769,186,10,2746,120.674
20230520000018.pol,770,190,10,2750,120.850
20230520000018.pol,771,192,10,2752,120.938
20230520000018.pol,772,196,10,2756,121.113
20230520000018.pol,773,200,10,2760,121.289
20230520000018.pol,774,204,10,2764,121.465
20230520000018.pol,775,208,10,2768,121.641
20230520000018.pol,776,210,10,2770,121.729
20230520000018.pol,777,214,10,2774,121.904
20230520000018.pol,778,218,10,2778,122.080
20230520000018.pol,779,222,10,2782,122.256
20230520000018.pol,780,224,10,2784,122.344
20230520000018.pol,781,228,10,2788,122.520
20230520000018.pol,782,230,10,2790,122.607
20230520000018.pol,783,234,10,2794,122.783
20230520000018.pol,784,238,10,2798,122.959
20230520000018.pol,785,240,10,2800,123.047
20230520000018.pol,786,244,10,2804,123.223
20230520000018.pol,787,248,10,2808,123.398
20230520000018.pol,788,250,10,2810,123.486
20230520000018.pol,789,254,10,2814,123.662
20230520000018.pol,790,2,11,2818,123.838
20230520000018.pol,791,6,11,2822,124.014
20230520000018.pol,792,8,11,2824,124.102
20230520000018.pol,793,12,11,2828,124.277
20230520000018.pol,794,14,11,2830,124.365
20230520000018.pol,795,18,11,2834,124.541
20230520000018.pol,796,20,11,2836,124.629
20230520000018.pol,797,24,11,2840,124.805
20230520000018.pol,798,28,11,2844,124.980
20230520000018.pol,799,32,11,2848,125.156
20230520000018.pol,800,36,11,2852,125.332
20230520000018.pol,801,40,11,2856,125.508
20230520000018.pol,802,42,11,2858,125.596
20230520000018.pol,803,46,11,2862,125.771
20230520000018.pol,804,48,11,2864,125.859
20230520000018.pol,805,52,11,2868,126.035
20230520000018.pol,806,54,11,2870,126.123
20230520000018.pol,807,58,11,2874,126.299
20230520000018.pol,808,60,11,2876,126.387
20230520000018.pol,809,64,11,2880,126.562
20230520000018.pol,810,68,11,2884,126.738
20230520000018.pol,811,72,11,2888,126.914
20230520000018.pol,812,76,11,2892,127.090
20230520000018.pol,813,78,11,2894,127.178
20230520000018.pol,814,82,11,2898,127.354
20230520000018.pol,815,86,11,2902,127.529
20230520000018.pol,816,90,11,2906,127.705
20230520000018.pol,817,94,11,2910,127.881
20230520000018.pol,818,98,11,2914,128.057
20230520000018.pol,819,102,11,2918,128.232
20230520000018.pol,820,106,11,2922,128.408
20230520000018.pol,821,110,11,2926,128.584
20230520000018.pol,822,114,11,2930,128.760
20230520000018.pol,823,116,11,2932,128.848
20230520000018.pol,824,120,11,2936,129.023
20230520000018.pol,825,122,11,2938,129.111
20230520000018.pol,826,126,11,2942,129.287
20230520000018.pol,827,130,11,2946,129.463
20230520000018.pol,828,134,11,2950,129.639
20230520000018.pol,829,138,11,2954,129.814
20230520000018.pol,830,142,11,2958,129.990
20230520000018.pol,831,144,11,2960,130.078
20230520000018.pol,832,148,11,2964,130.254
20230520000018.pol,833,152,11,2968,130.430
20230520000018.pol,834,156,11,2972,130.605
20230520000018.pol,835,160,11,2976,130.781
20230520000018.pol,836,164,11,2980,130.957
20230520000018.pol,837,168,11,2984,131.133
20230520000018.pol,838,170,11,2986,131.221
20230520000018.pol,839,174,11,2990,131.396
20230520000018.pol,840,176,11,2992,131.484
20230520000018.pol,841,180,11,2996,131.660
20230520000018.pol,842,184,11,3000,131.836
20230520000018.pol,843,188,11,3004,132.012
20230520000018.pol,844,192,11,3008,132.188
20230520000018.pol,845,196,11,3012,132.363
20230520000018.pol,846,200,11,3016,132.539
20230520000018.pol,847,204,11,3020,132.715
20230520000018.pol,848,208,11,3024,132.891
20230520000018.pol,849,212,11,3028,133.066
20230520000018.pol,850,216,11,3032,133.242
20230520000018.pol,851,218,11,3034,133.330
20230520000018.pol,852,222,11,3038,133.506
20230520000018.pol,853,226,11,3042,133.682
20230520000018.pol,854,230,11,3046,133.857
20230520000018.pol,855,234,11,3050,134.033
20230520000018.pol,856,238,11,3054,134.209
20230520000018.pol,857,242,11,3058,134.385
20230520000018.pol,858,244,11,3060,134.473
20230520000018.pol,859,248,11,3064,134.648
20230520000018.pol,860,252,11,3068,134.824
20230520000018.pol,861,0,12,3072,135.000
20230520000018.pol,862,4,12,3076,135.176
20230520000018.pol,863,8,12,3080,135.352
20230520000018.pol,864,12,12,3084,135.527
20230520000018.pol,865,16,12,3088,135.703
20230520000018.pol,866,20,12,3092,135.879
20230520000018.pol,867,24,12,3096,136.055
20230520000018.pol,868,26,12,3098,136.143
20230520000018.pol,869,30,12,3102,136.318
20230520000018.pol,870,32,12,3104,136.406
20230520000018.pol,871,36,12,3108,136.582
20230520000018.pol,872,40,12,3112,136.758
20230520000018.pol,873,44,12,3116,136.934
20230520000018.pol,874,48,12,3120,137.109
20230520000018.pol,875,52,12,3124,137.285
20230520000018.pol,876,54,12,3126,137.373
20230520000018.pol,877,58,12,3130,137.549
20230520000018.pol,878,62,12,3134,137.725
20230520000018.pol,879,64,12,3136,137.812
20230520000018.pol,880,68,12,3140,137.988
20230520000018.pol,881,72,12,3144,138.164
20230520000018.pol,882,76,12,3148,138.340
20230520000018.pol,883,80,12,3152,138.516
20230520000018.pol,884,84,12,3156,138.691
20230520000018.pol,885,86,12,3158,138.779
20230520000018.pol,886,90,12,3162,138.955
20230520000018.pol,887,92,12,3164,139.043
20230520000018.pol,888,96,12,3168,139.219
20230520000018.pol,889,100,12,3172,139.395
20230520000018.pol,890,104,12,3176,139.570
20230520000018.pol,891,106,12,3178,139.658
20230520000018.pol,892,110,12,3182,139.834
20230520000018.pol,893,112,12,3184,139.922
20230520000018.pol,894,116,12,3188,140.098
20230520000018.pol,895,118,12,3190,140.186
20230520000018.pol,896,122,12,3194,140.361
20230520000018.pol,897,124,12,3196,140.449
20230520000018.pol,898,128,12,3200,140.625
20230520000018.pol,899,132,12,3204,140.801
20230520000018.pol,900,136,12,3208,140.977
20230520000018.pol,901,140,12,3212,141.152
20230520000018.pol,902,144,12,3216,141.328
20230520000018.pol,903,148,12,3220,141.504
20230520000018.pol,904,152,12,3224,141.680
20230520000018.pol,905,154,12,3226,141.768
20230520000018.pol,906,158,12,3230,141.943
20230520000018.pol,907,160,12,3232,142.031
20230520000018.pol,908,164,12,3236,142.207
20230520000018.pol,909,168,12,3240,142.383
20230520000018.pol,910,172,12,3244,142.559
20230520000018.pol,911,174,12,3246,142.646
20230520000018.pol,912,178,12,3250,142.822
20230520000018.pol,913,180,12,3252,142.910
20230520000018.pol,914,184,12,3256,143.086
20230520000018.pol,915,188,12,3260,143.262
20230520000018.pol,916,192,12,3264,143.438
20230520000018.pol,917,196,12,3268,143.613
20230520000018.pol,918,198,12,3270,143.701
20230520000018.pol,919,202,12,3274,143.877
20230520000018.pol,920,206,12,3278,144.053
20230520000018.pol,921,208,12,3280,144.141
20230520000018.pol,922,212,12,3284,144.316
20230520000018.pol,923,216,12,3288,144.492
20230520000018.pol,924,218,12,3290,144.580
20230520000018.pol,925,222,12,3294,144.756
20230520000018.pol,926,226,12,3298,144.932
20230520000018.pol,927,230,12,3302,145.107
20230520000018.pol,928,234,12,3306,145.283
20230520000018.pol,929,238,12,3310,145.459
20230520000018.pol,930,240,12,3312,145.547
20230520000018.pol,931,244,12,3316,145.723
20230520000018.pol,932,248,12,3320,145.898
20230520000018.pol,933,252,12,3324,146.074
20230520000018.pol,934,0,13,3328,146.250
20230520000018.pol,935,4,13,3332,146.426
20230520000018.pol,936,8,13,3336,146.602
20230520000018.pol,937,10,13,3338,146.689
20230520000018.pol,938,14,13,3342,146.865
20230520000018.pol,939,18,13,3346,147.041
20230520000018.pol,940,22,13,3350,147.217
20230520000018.pol,941,24,13,3352,147.305
20230520000018.pol,942,28,13,3356,147.480
20230520000018.pol,943,30,13,3358,147.568
20230520000018.pol,944,34,13,3362,147.744
20230520000018.pol,945,38,13,3366,147.920
20230520000018.pol,946,42,13,3370,148.096
20230520000018.pol,947,46,13,3374,148.271
20230520000018.pol,948,50,13,3378,148.447
20230520000018.pol,949,54,13,3382,148.623
20230520000018.pol,950,58,13,3386,148.799
20230520000018.pol,951,60,13,3388,148.887
20230520000018.pol,952,64,13,3392,149.062
20230520000018.pol,953,66,13,3394,149.150
20230520000018.pol,954,70,13,3398,149.326
20230520000018.pol,955,74,13,3402,149.502
20230520000018.pol,956,78,13,3406,149.678
20230520000018.pol,957,82,13,3410,149.854
20230520000018.pol,958,86,13,3414,150.029
20230520000018.pol,959,90,13,3418,150.205
20230520000018.pol,960,92,13,3420,150.293
20230520000018.pol,961,96,13,3424,150.469
20230520000018.pol,962,100,13,3428,150.645
20230520000018.pol,963,102,13,3430,150.732
20230520000018.pol,964,106,13,3434,150.908
20230520000018.pol,965,110,13,3438,151.084
20230520000018.pol,966,114,13,3442,151.260
20230520000018.pol,967,118,13,3446,151.436
20230520000018.pol,968,122,13,3450,151.611
20230520000018.pol,969,126,13,3454,151.787
20230520000018.pol,970,130,13,3458,151.963
20230520000018.pol,971,134,13,3462,152.139
20230520000018.pol,972,138,13,3466,152.314
20230520000018.pol,973,142,13,3470,152.490
20230520000018.pol,974,144,13,3472,152.578
20230520000018.pol,975,148,13,3476,152.754
20230520000018.pol,976,150,13,3478,152.842
20230520000018.pol,977,154,13,3482,153.018
20230520000018.pol,978,158,13,3486,153.193
20230520000018.pol,979,162,13,3490,153.369
20230520000018.pol,980,164,13,3492,153.457
20230520000018.pol,981,168,13,3496,153.633
20230520000018.pol,982,170,13,3498,153.721
20230520000018.pol,983,174,13,3502,153.896
20230520000018.pol,984,178,13,3506,154.072
20230520000018.pol,985,182,13,3510,154.248
20230520000018.pol,986,184,13,3512,154.336
20230520000018.pol,987,188,13,3516,154.512
20230520000018.pol,988,192,13,3520,154.688
20230520000018.pol,989,196,13,3524,154.863
20230520000018.pol,990,198,13,3526,154.951
20230520000018.pol,991,202,13,3530,155.127
20230520000018.pol,992,204,13,3532,155.215
20230520000018.pol,993,208,13,3536,155.391
20230520000018.pol,994,212,13,3540,155.566
20230520000018.pol,995,216,13,3544,155.742
20230520000018.pol,996,220,13,3548,155.918
20230520000018.pol,997,222,13,3550,156.006
20230520000018.pol,998,226,13,3554,156.182
20230520000018.pol,999,230,13,3558,156.357
20230520000018.pol,1000,234,13,3562,156.533
20230520000018.pol,1001,238,13,3566,156.709
20230520000018.pol,1002,242,13,3570,156.885
20230520000018.pol,1003,244,13,3572,156.973
20230520000018.pol,1004,248,13,3576,157.148
20230520000018.pol,1005,250,13,3578,157.236
20230520000018.pol,1006,254,13,3582,157.412
20230520000018.pol,1007,2,14,3586,157.588
20230520000018.pol,1008,4,14,3588,157.676
20230520000018.pol,1009,8,14,3592,157.852
20230520000018.pol,1010,10,14,3594,157.939
20230520000018.pol,1011,14,14,3598,158.115
20230520000018.pol,1012,16,14,3600,158.203
20230520000018.pol,1013,20,14,3604,158.379
20230520000018.pol,1014,22,14,3606,158.467
20230520000018.pol,1015,26,14,3610,158.643
20230520000018.pol,1016,28,14,3612,158.730
20230520000018.pol,1017,32,14,3616,158.906
20230520000018.pol,1018,36,14,3620,159.082
20230520000018.pol,1019,40,14,3624,159.258
20230520000018.pol,1020,42,14,3626,159.346
20230520000018.pol,1021,46,14,3630,159.521
20230520000018.pol,1022,50,14,3634,159.697
20230520000018.pol,1023,54,14,3638,159.873
20230520000018.pol,1024,58,14,3642,160.049
20230520000018.pol,1025,62,14,3646,160.225
20230520000018.pol,1026,64,14,3648,160.312
20230520000018.pol,1027,68,14,3652,160.488
20230520000018.pol,1028,72,14,3656,160.664
20230520000018.pol,1029,74,14,3658,160.752
20230520000018.pol,1030,78,14,3662,160.928
20230520000018.pol,1031,80,14,3664,161.016
20230520000018.pol,1032,84,14,3668,161.191
20230520000018.pol,1033,86,14,3670,161.279
20230520000018.pol,1034,90,14,3674,161.455
20230520000018.pol,1035,94,14,3678,161.631
20230520000018.pol,1036,98,14,3682,161.807
20230520000018.pol,1037,102,14,3686,161.982
20230520000018.pol,1038,106,14,3690,162.158
20230520000018.pol,1039,110,14,3694,162.334
20230520000018.pol,1040,114,14,3698,162.510
20230520000018.pol,1041,116,14,3700,162.598
20230520000018.pol,1042,120,14,3704,162.773
20230520000018.pol,1043,124,14,3708,162.949
20230520000018.pol,1044,126,14,3710,163.037
20230520000018.pol,1045,130,14,3714,163.213
20230520000018.pol,1046,132,14,3716,163.301
20230520000018.pol,1047,136,14,3720,163.477
20230520000018.pol,1048,140,14,3724,163.652
20230520000018.pol,1049,144,14,3728,163.828
20230520000018.pol,1050,148,14,3732,164.004
20230520000018.pol,1051,152,14,3736,164.180
20230520000018.pol,1052,156,14,3740,164.355
20230520000018.pol,1053,158,14,3742,164.443
20230520000018.pol,1054,162,14,3746,164.619
20230520000018.pol,1055,166,14,3750,164.795
20230520000018.pol,1056,170,14,3754,164.971
20230520000018.pol,1057,174,14,3758,165.146
20230520000018.pol,1058,178,14,3762,165.322
20230520000018.pol,1059,180,14,3764,165.410
20230520000018.pol,1060,184,14,3768,165.586
20230520000018.pol,1061,188,14,3772,165.762
20230520000018.pol,1062,192,14,3776,165.938
20230520000018.pol,1063,196,14,3780,166.113
20230520000018.pol,1064,200,14,3784,166.289
20230520000018.pol,1065,204,14,3788,166.465
20230520000018.pol,1066,208,14,3792,166.641
20230520000018.pol,1067,210,14,3794,166.729
20230520000018.pol,1068,214,14,3798,166.904
20230520000018.pol,1069,218,14,3802,167.080
20230520000018.pol,1070,222,14,3806,167.256
20230520000018.pol,1071,226,14,3810,167.432
20230520000018.pol,1072,228,14,3812,167.520
20230520000018.pol,1073,232,14,3816,167.695
20230520000018.pol,1074,236,14,3820,167.871
20230520000018.pol,1075,240,14,3824,168.047
20230520000018.pol,1076,244,14,3828,168.223
20230520000018.pol,1077,248,14,3832,168.398
20230520000018.pol,1078,252,14,3836,168.574
20230520000018.pol,1079,0,15,3840,168.750
20230520000018.pol,1080,4,15,3844,168.926
20230520000018.pol,1081,8,15,3848,169.102
20230520000018.pol,1082,10,15,3850,169.189
20230520000018.pol,1083,14,15,3854,169.365
20230520000018.pol,1084,18,15,3858,169.541
20230520000018.pol,1085,22,15,3862,169.717
20230520000018.pol,1086,26,15,3866,169.893
20230520000018.pol,1087,28,15,3868,169.980
20230520000018.pol,1088,32,15,3872,170.156
20230520000018.pol,1089,34,15,3874,170.244
20230520000018.pol,1090,38,15,3878,170.420
20230520000018.pol,1091,42,15,3882,170.596
20230520000018.pol,1092,44,15,3884,170.684
20230520000018.pol,1093,48,15,3888,170.859
20230520000018.pol,1094,52,15,3892,171.035
20230520000018.pol,1095,56,15,3896,171.211
20230520000018.pol,1096,60,15,3900,171.387
20230520000018.pol,1097,64,15,3904,171.562
20230520000018.pol,1098,68,15,3908,171.738
20230520000018.pol,1099,72,15,3912,171.914
20230520000018.pol,1100,76,15,3916,172.090
20230520000018.pol,1101,80,15,3920,172.266
20230520000018.pol,1102,84,15,3924,172.441
20230520000018.pol,1103,86,15,3926,172.529
20230520000018.pol,1104,90,15,3930,172.705
20230520000018.pol,1105,94,15,3934,172.881
20230520000018.pol,1106,98,15,3938,173.057
20230520000018.pol,1107,102,15,3942,173.232
20230520000018.pol,1108,106,15,3946,173.408
20230520000018.pol,1109,110,15,3950,173.584
20230520000018.pol,1110,114,15,3954,173.760
20230520000018.pol,1111,118,15,3958,173.936
20230520000018.pol,1112,122,15,3962,174.111
20230520000018.pol,1113,126,15,3966,174.287
20230520000018.pol,1114,128,15,3968,174.375
20230520000018.pol,1115,132,15,3972,174.551
20230520000018.pol,1116,134,15,3974,174.639
20230520000018.pol,1117,138,15,3978,174.814
20230520000018.pol,1118,140,15,3980,174.902
20230520000018.pol,1119,144,15,3984,175.078
20230520000018.pol,1120,148,15,3988,175.254
20230520000018.pol,1121,152,15,3992,175.430
20230520000018.pol,1122,156,15,3996,175.605
20230520000018.pol,1123,160,15,4000,175.781
20230520000018.pol,1124,164,15,4004,175.957
20230520000018.pol,1125,168,15,4008,176.133
20230520000018.pol,1126,172,15,4012,176.309
20230520000018.pol,1127,176,15,4016,176.484
20230520000018.pol,1128,180,15,4020,176.660
20230520000018.pol,1129,182,15,4022,176.748
20230520000018.pol,1130,186,15,4026,176.924
20230520000018.pol,1131,190,15,4030,177.100
20230520000018.pol,1132,194,15,4034,177.275
20230520000018.pol,1133,196,15,4036,177.363
20230520000018.pol,1134,200,15,4040,177.539
20230520000018.pol,1135,204,15,4044,177.715
20230520000018.pol,1136,206,15,4046,177.803
20230520000018.pol,1137,210,15,4050,177.979
20230520000018.pol,1138,212,15,4052,178.066
20230520000018.pol,1139,216,15,4056,178.242
20230520000018.pol,1140,220,15,4060,178.418
20230520000018.pol,1141,222,15,4062,178.506
20230520000018.pol,1142,226,15,4066,178.682
20230520000018.pol,1143,230,15,4070,178.857
20230520000018.pol,1144,232,15,4072,178.945
20230520000018.pol,1145,236,15,4076,179.121
20230520000018.pol,1146,240,15,4080,179.297
20230520000018.pol,1147,244,15,4084,179.473
20230520000018.pol,1148,248,15,4088,179.648
20230520000018.pol,1149,252,15,4092,179.824
20230520000018.pol,1150,0,16,4096,180.000
20230520000018.pol,1151,4,16,4100,180.176
20230520000018.pol,1152,8,16,4104,180.352
20230520000018.pol,1153,12,16,4108,180.527
20230520000018.pol,1154,16,16,4112,180.703
20230520000018.pol,1155,20,16,4116,180.879
20230520000018.pol,1156,24,16,4120,181.055
20230520000018.pol,1157,28,16,4124,181.230
20230520000018.pol,1158,32,16,4128,181.406
20230520000018.pol,1159,36,16,4132,181.582
20230520000018.pol,1160,40,16,4136,181.758
20230520000018.pol,1161,44,16,4140,181.934
20230520000018.pol,1162,46,16,4142,182.021
20230520000018.pol,1163,50,16,4146,182.197
20230520000018.pol,1164,52,16,4148,182.285
20230520000018.pol,1165,56,16,4152,182.461
20230520000018.pol,1166,60,16,4156,182.637
20230520000018.pol,1167,64,16,4160,182.812
20230520000018.pol,1168,68,16,4164,182.988
20230520000018.pol,1169,72,16,4168,183.164
20230520000018.pol,1170,76,16,4172,183.340
20230520000018.pol,1171,78,16,4174,183.428
20230520000018.pol,1172,82,16,4178,183.604
20230520000018.pol,1173,84,16,4180,183.691
20230520000018.pol,1174,88,16,4184,183.867
20230520000018.pol,1175,92,16,4188,184.043
20230520000018.pol,1176,96,16,4192,184.219
20230520000018.pol,1177,98,16,4194,184.307
20230520000018.pol,1178,102,16,4198,184.482
20230520000018.pol,1179,104,16,4200,184.570
20230520000018.pol,1180,108,16,4204,184.746
20230520000018.pol,1181,112,16,4208,184.922
20230520000018.pol,1182,116,16,4212,185.098
20230520000018.pol,1183,120,16,4216,185.273
20230520000018.pol,1184,122,16,4218,185.361
20230520000018.pol,1185,126,16,4222,185.537
20230520000018.pol,1186,130,16,4226,185.713
20230520000018.pol,1187,134,16,4230,185.889
20230520000018.pol,1188,138,16,4234,186.064
20230520000018.pol,1189,142,16,4238,186.240
20230520000018.pol,1190,144,16,4240,186.328
20230520000018.pol,1191,148,16,4244,186.504
20230520000018.pol,1192,152,16,4248,186.680
20230520000018.pol,1193,156,16,4252,186.855
20230520000018.pol,1194,160,16,4256,187.031
20230520000018.pol,1195,164,16,4260,187.207
20230520000018.pol,1196,166,16,4262,187.295
20230520000018.pol,1197,170,16,4266,187.471
20230520000018.pol,1198,172,16,4268,187.559
20230520000018.pol,1199,176,16,4272,187.734
20230520000018.pol,1200,178,16,4274,187.822
20230520000018.pol,1201,182,16,4278,187.998
20230520000018.pol,1202,186,16,4282,188.174
20230520000018.pol,1203,190,16,4286,188.350
20230520000018.pol,1204,192,16,4288,188.438
20230520000018.pol,1205,196,16,4292,188.613
20230520000018.pol,1206,200,16,4296,188.789
20230520000018.pol,1207,204,16,4300,188.965
20230520000018.pol,1208,208,16,4304,189.141
20230520000018.pol,1209,212,16,4308,189.316
20230520000018.pol,1210,214,16,4310,189.404
20230520000018.pol,1211,218,16,4314,189.580
20230520000018.pol,1212,222,16,4318,189.756
20230520000018.pol,1213,226,16,4322,189.932
20230520000018.pol,1214,230,16,4326,190.107
20230520000018.pol,1215,234,16,4330,190.283
20230520000018.pol,1216,238,16,4334,190.459
20230520000018.pol,1217,242,16,4338,190.635
20230520000018.pol,1218,244,16,4340,190.723
20230520000018.pol,1219,248,16,4344,190.898
20230520000018.pol,1220,252,16,4348,191.074
20230520000018.pol,1221,0,17,4352,191.250
20230520000018.pol,1222,4,17,4356,191.426
20230520000018.pol,1223,8,17,4360,191.602
20230520000018.pol,1224,12,17,4364,191.777
20230520000018.pol,1225,16,17,4368,191.953
20230520000018.pol,1226,20,17,4372,192.129
20230520000018.pol,1227,24,17,4376,192.305
20230520000018.pol,1228,28,17,4380,192.480
20230520000018.pol,1229,32,17,4384,192.656
20230520000018.pol,1230,36,17,4388,192.832
20230520000018.pol,1231,40,17,4392,193.008
20230520000018.pol,1232,44,17,4396,193.184
20230520000018.pol,1233,48,17,4400,193.359
20230520000018.pol,1234,52,17,4404,193.535
20230520000018.pol,1235,54,17,4406,193.623
20230520000018.pol,1236,58,17,4410,193.799
20230520000018.pol,1237,62,17,4414,193.975
20230520000018.pol,1238,66,17,4418,194.150
20230520000018.pol,1239,68,17,4420,194.238
20230520000018.pol,1240,72,17,4424,194.414
20230520000018.pol,1241,76,17,4428,194.590
20230520000018.pol,1242,80,17,4432,194.766
20230520000018.pol,1243,84,17,4436,194.941
20230520000018.pol,1244,88,17,4440,195.117
20230520000018.pol,1245,90,17,4442,195.205
20230520000018.pol,1246,94,17,4446,195.381
20230520000018.pol,1247,96,17,4448,195.469
20230520000018.pol,1248,100,17,4452,195.645
20230520000018.pol,1249,104,17,4456,195.820
20230520000018.pol,1250,108,17,4460,195.996
20230520000018.pol,1251,112,17,4464,196.172
20230520000018.pol,1252,116,17,4468,196.348
20230520000018.pol,1253,118,17,4470,196.436
20230520000018.pol,1254,122,17,4474,196.611
20230520000018.pol,1255,126,17,4478,196.787
20230520000018.pol,1256,130,17,4482,196.963
20230520000018.pol,1257,134,17,4486,197.139
20230520000018.pol,1258,136,17,4488,197.227
20230520000018.pol,1259,140,17,4492,197.402
20230520000018.pol,1260,144,17,4496,197.578
20230520000018.pol,1261,148,17,4500,197.754
20230520000018.pol,1262,152,17,4504,197.930
20230520000018.pol,1263,156,17,4508,198.105
20230520000018.pol,1264,160,17,4512,198.281
20230520000018.pol,1265,164,17,4516,198.457
20230520000018.pol,1266,168,17,4520,198.633
20230520000018.pol,1267,172,17,4524,198.809
20230520000018.pol,1268,176,17,4528,198.984
20230520000018.pol,1269,180,17,4532,199.160
20230520000018.pol,1270,184,17,4536,199.336
20230520000018.pol,1271,188,17,4540,199.512
20230520000018.pol,1272,192,17,4544,199.688
20230520000018.pol,1273,194,17,4546,199.775
20230520000018.pol,1274,198,17,4550,199.951
20230520000018.pol,1275,202,17,4554,200.127
20230520000018.pol,1276,204,17,4556,200.215
20230520000018.pol,1277,208,17,4560,200.391
20230520000018.pol,1278,212,17,4564,200.566
20230520000018.pol,1279,216,17,4568,200.742
20230520000018.pol,1280,220,17,4572,200.918
20230520000018.pol,1281,222,17,4574,201.006
20230520000018.pol,1282,226,17,4578,201.182
20230520000018.pol,1283,230,17,4582,201.357
20230520000018.pol,1284,234,17,4586,201.533
20230520000018.pol,1285,236,17,4588,201.621
20230520000018.pol,1286,240,17,4592,201.797
20230520000018.pol,1287,244,17,4596,201.973
20230520000018.pol,1288,248,17,4600,202.148
20230520000018.pol,1289,252,17,4604,202.324
20230520000018.pol,1290,254,17,4606,202.412
20230520000018.pol,1291,2,18,4610,202.588
20230520000018.pol,1292,6,18,4614,202.764
20230520000018.pol,1293,10,18,4618,202.939
20230520000018.pol,1294,14,18,4622,203.115
20230520000018.pol,1295,18,18,4626,203.291
20230520000018.pol,1296,22,18,4630,203.467
20230520000018.pol,1297,26,18,4634,203.643
20230520000018.pol,1298,30,18,4638,203.818
20230520000018.pol,1299,34,18,4642,203.994
20230520000018.pol,1300,38,18,4646,204.170
20230520000018.pol,1301,42,18,4650,204.346
20230520000018.pol,1302,46,18,4654,204.521
20230520000018.pol,1303,50,18,4658,204.697
20230520000018.pol,1304,54,18,4662,204.873
20230520000018.pol,1305,58,18,4666,205.049
20230520000018.pol,1306,62,18,4670,205.225
20230520000018.pol,1307,64,18,4672,205.312
20230520000018.pol,1308,68,18,4676,205.488
20230520000018.pol,1309,70,18,4678,205.576
20230520000018.pol,1310,74,18,4682,205.752
20230520000018.pol,1311,76,18,4684,205.840
20230520000018.pol,1312,80,18,4688,206.016
20230520000018.pol,1313,82,18,4690,206.104
20230520000018.pol,1314,86,18,4694,206.279
20230520000018.pol,1315,90,18,4698,206.455
20230520000018.pol,1316,94,18,4702,206.631
20230520000018.pol,1317,98,18,4706,206.807
20230520000018.pol,1318,102,18,4710,206.982
20230520000018.pol,1319,106,18,4714,207.158
20230520000018.pol,1320,108,18,4716,207.246
20230520000018.pol,1321,112,18,4720,207.422
20230520000018.pol,1322,114,18,4722,207.510
20230520000018.pol,1323,118,18,4726,207.686
20230520000018.pol,1324,120,18,4728,207.773
20230520000018.pol,1325,124,18,4732,207.949
20230520000018.pol,1326,128,18,4736,208.125
20230520000018.pol,1327,132,18,4740,208.301
20230520000018.pol,1328,136,18,4744,208.477
20230520000018.pol,1329,140,18,4748,208.652
20230520000018.pol,1330,144,18,4752,208.828
20230520000018.pol,1331,146,18,4754,208.916
20230520000018.pol,1332,150,18,4758,209.092
20230520000018.pol,1333,154,18,4762,209.268
20230520000018.pol,1334,158,18,4766,209.443
20230520000018.pol,1335,162,18,4770,209.619
20230520000018.pol,1336,166,18,4774,209.795
20230520000018.pol,1337,170,18,4778,209.971
20230520000018.pol,1338,172,18,4780,210.059
20230520000018.pol,1339,176,18,4784,210.234
20230520000018.pol,1340,180,18,4788,210.410
20230520000018.pol,1341,184,18,4792,210.586
20230520000018.pol,1342,186,18,4794,210.674
20230520000018.pol,1343,190,18,4798,210.850
20230520000018.pol,1344,194,18,4802,211.025
20230520000018.pol,1345,198,18,4806,211.201
20230520000018.pol,1346,200,18,4808,211.289
20230520000018.pol,1347,204,18,4812,211.465
20230520000018.pol,1348,208,18,4816,211.641
20230520000018.pol,1349,210,18,4818,211.729
20230520000018.pol,1350,214,18,4822,211.904
20230520000018.pol,1351,216,18,4824,211.992
20230520000018.pol,1352,220,18,4828,212.168
20230520000018.pol,1353,224,18,4832,212.344
20230520000018.pol,1354,228,18,4836,212.520
20230520000018.pol,1355,230,18,4838,212.607
20230520000018.pol,1356,234,18,4842,212.783
20230520000018.pol,1357,238,18,4846,212.959
20230520000018.pol,1358,242,18,4850,213.135
20230520000018.pol,1359,244,18,4852,213.223
20230520000018.pol,1360,248,18,4856,213.398
20230520000018.pol,1361,250,18,4858,213.486
20230520000018.pol,1362,254,18,4862,213.662
20230520000018.pol,1363,2,19,4866,213.838
20230520000018.pol,1364,6,19,4870,214.014
20230520000018.pol,1365,10,19,4874,214.189
20230520000018.pol,1366,14,19,4878,214.365
20230520000018.pol,1367,18,19,4882,214.541
20230520000018.pol,1368,22,19,4886,214.717
20230520000018.pol,1369,26,19,4890,214.893
20230520000018.pol,1370,30,19,4894,215.068
20230520000018.pol,1371,34,19,4898,215.244
20230520000018.pol,1372,38,19,4902,215.420
20230520000018.pol,1373,42,19,4906,215.596
20230520000018.pol,1374,46,19,4910,215.771
20230520000018.pol,1375,50,19,4914,215.947
20230520000018.pol,1376,52,19,4916,216.035
20230520000018.pol,1377,56,19,4920,216.211
20230520000018.pol,1378,58,19,4922,216.299
20230520000018.pol,1379,62,19,4926,216.475
20230520000018.pol,1380,66,19,4930,216.650
20230520000018.pol,1381,70,19,4934,216.826
20230520000018.pol,1382,74,19,4938,217.002
20230520000018.pol,1383,76,19,4940,217.090
20230520000018.pol,1384,80,19,4944,217.266
20230520000018.pol,1385,84,19,4948,217.441
20230520000018.pol,1386,88,19,4952,217.617
20230520000018.pol,1387,92,19,4956,217.793
20230520000018.pol,1388,96,19,4960,217.969
20230520000018.pol,1389,100,19,4964,218.145
20230520000018.pol,1390,104,19,4968,218.320
20230520000018.pol,1391,108,19,4972,218.496
20230520000018.pol,1392,112,19,4976,218.672
20230520000018.pol,1393,116,19,4980,218.848
20230520000018.pol,1394,120,19,4984,219.023
20230520000018.pol,1395,122,19,4986,219.111
20230520000018.pol,1396,126,19,4990,219.287
20230520000018.pol,1397,130,19,4994,219.463
20230520000018.pol,1398,132,19,4996,219.551
20230520000018.pol,1399,136,19,5000,219.727
20230520000018.pol,1400,140,19,5004,219.902
20230520000018.pol,1401,144,19,5008,220.078
20230520000018.pol,1402,148,19,5012,220.254
20230520000018.pol,1403,152,19,5016,220.430
20230520000018.pol,1404,156,19,5020,220.605
20230520000018.pol,1405,160,19,5024,220.781
20230520000018.pol,1406,162,19,5026,220.869
20230520000018.pol,1407,166,19,5030,221.045
20230520000018.pol,1408,168,19,5032,221.133
20230520000018.pol,1409,172,19,5036,221.309
20230520000018.pol,1410,174,19,5038,221.396
20230520000018.pol,1411,178,19,5042,221.572
20230520000018.pol,1412,182,19,5046,221.748
20230520000018.pol,1413,186,19,5050,221.924
20230520000018.pol,1414,188,19,5052,222.012
20230520000018.pol,1415,192,19,5056,222.188
20230520000018.pol,1416,196,19,5060,222.363
20230520000018.pol,1417,200,19,5064,222.539
20230520000018.pol,1418,204,19,5068,222.715
20230520000018.pol,1419,206,19,5070,222.803
20230520000018.pol,1420,210,19,5074,222.979
20230520000018.pol,1421,212,19,5076,223.066
20230520000018.pol,1422,216,19,5080,223.242
20230520000018.pol,1423,220,19,5084,223.418
20230520000018.pol,1424,224,19,5088,223.594
20230520000018.pol,1425,228,19,5092,223.770
20230520000018.pol,1426,232,19,5096,223.945
20230520000018.pol,1427,236,19,5100,224.121
20230520000018.pol,1428,240,19,5104,224.297
20230520000018.pol,1429,244,19,5108,224.473
20230520000018.pol,1430,246,19,5110,224.561
20230520000018.pol,1431,250,19,5114,224.736
20230520000018.pol,1432,254,19,5118,224.912
20230520000018.pol,1433,2,20,5122,225.088
20230520000018.pol,1434,6,20,5126,225.264
20230520000018.pol,1435,10,20,5130,225.439
20230520000018.pol,1436,14,20,5134,225.615
20230520000018.pol,1437,18,20,5138,225.791
20230520000018.pol,1438,22,20,5142,225.967
20230520000018.pol,1439,24,20,5144,226.055
20230520000018.pol,1440,28,20,5148,226.230
20230520000018.pol,1441,32,20,5152,226.406
20230520000018.pol,1442,36,20,5156,226.582
20230520000018.pol,1443,40,20,5160,226.758
20230520000018.pol,1444,42,20,5162,226.846
20230520000018.pol,1445,46,20,5166,227.021
20230520000018.pol,1446,50,20,5170,227.197
20230520000018.pol,1447,54,20,5174,227.373
20230520000018.pol,1448,56,20,5176,227.461
20230520000018.pol,1449,60,20,5180,227.637
20230520000018.pol,1450,64,20,5184,227.812
20230520000018.pol,1451,68,20,5188,227.988
20230520000018.pol,1452,72,20,5192,228.164
20230520000018.pol,1453,76,20,5196,228.340
20230520000018.pol,1454,80,20,5200,228.516
20230520000018.pol,1455,84,20,5204,228.691
20230520000018.pol,1456,86,20,5206,228.779
20230520000018.pol,1457,90,20,5210,228.955
20230520000018.pol,1458,94,20,5214,229.131
20230520000018.pol,1459,98,20,5218,229.307
20230520000018.pol,1460,102,20,5222,229.482
20230520000018.pol,1461,106,20,5226,229.658
20230520000018.pol,1462,110,20,5230,229.834
20230520000018.pol,1463,114,20,5234,230.010
20230520000018.pol,1464,116,20,5236,230.098
20230520000018.pol,1465,120,20,5240,230.273
20230520000018.pol,1466,124,20,5244,230.449
20230520000018.pol,1467,128,20,5248,230.625
20230520000018.pol,1468,132,20,5252,230.801
20230520000018.pol,1469,134,20,5254,230.889
20230520000018.pol,1470,138,20,5258,231.064
20230520000018.pol,1471,142,20,5262,231.240
20230520000018.pol,1472,146,20,5266,231.416
20230520000018.pol,1473,148,20,5268,231.504
20230520000018.pol,1474,152,20,5272,231.680
20230520000018.pol,1475,156,20,5276,231.855
20230520000018.pol,1476,160,20,5280,232.031
20230520000018.pol,1477,164,20,5284,232.207
20230520000018.pol,1478,166,20,5286,232.295
20230520000018.pol,1479,170,20,5290,232.471
20230520000018.pol,1480,174,20,5294,232.646
20230520000018.pol,1481,178,20,5298,232.822
20230520000018.pol,1482,182,20,5302,232.998
20230520000018.pol,1483,186,20,5306,233.174
20230520000018.pol,1484,190,20,5310,233.350
20230520000018.pol,1485,194,20,5314,233.525
20230520000018.pol,1486,198,20,5318,233.701
20230520000018.pol,1487,202,20,5322,233.877
20230520000018.pol,1488,206,20,5326,234.053
20230520000018.pol,1489,210,20,5330,234.229
20230520000018.pol,1490,214,20,5334,234.404
20230520000018.pol,1491,218,20,5338,234.580
20230520000018.pol,1492,220,20,5340,234.668
20230520000018.pol,1493,224,20,5344,234.844
20230520000018.pol,1494,226,20,5346,234.932
20230520000018.pol,1495,230,20,5350,235.107
20230520000018.pol,1496,234,20,5354,235.283
20230520000018.pol,1497,238,20,5358,235.459
20230520000018.pol,1498,240,20,5360,235.547
20230520000018.pol,1499,244,20,5364,235.723
20230520000018.pol,1500,246,20,5366,235.811
20230520000018.pol,1501,250,20,5370,235.986
20230520000018.pol,1502,254,20,5374,236.162
20230520000018.pol,1503,0,21,5376,236.250
20230520000018.pol,1504,4,21,5380,236.426
20230520000018.pol,1505,8,21,5384,236.602
20230520000018.pol,1506,12,21,5388,236.777
20230520000018.pol,1507,16,21,5392,236.953
20230520000018.pol,1508,20,21,5396,237.129
20230520000018.pol,1509,22,21,5398,237.217
20230520000018.pol,1510,26,21,5402,237.393
20230520000018.pol,1511,30,21,5406,237.568
20230520000018.pol,1512,32,21,5408,237.656
20230520000018.pol,1513,36,21,5412,237.832
20230520000018.pol,1514,40,21,5416,238.008
20230520000018.pol,1515,44,21,5420,238.184
20230520000018.pol,1516,48,21,5424,238.359
20230520000018.pol,1517,52,21,5428,238.535
20230520000018.pol,1518,56,21,5432,238.711
20230520000018.pol,1519,58,21,5434,238.799
20230520000018.pol,1520,62,21,5438,238.975
20230520000018.pol,1521,64,21,5440,239.062
20230520000018.pol,1522,68,21,5444,239.238
20230520000018.pol,1523,72,21,5448,239.414
20230520000018.pol,1524,76,21,5452,239.590
20230520000018.pol,1525,80,21,5456,239.766
20230520000018.pol,1526,82,21,5458,239.854
20230520000018.pol,1527,86,21,5462,240.029
20230520000018.pol,1528,90,21,5466,240.205
20230520000018.pol,1529,94,21,5470,240.381
20230520000018.pol,1530,98,21,5474,240.557
20230520000018.pol,1531,102,21,5478,240.732
20230520000018.pol,1532,104,21,5480,240.820
20230520000018.pol,1533,108,21,5484,240.996
20230520000018.pol,1534,110,21,5486,241.084
20230520000018.pol,1535,114,21,5490,241.260
20230520000018.pol,1536,118,21,5494,241.436
20230520000018.pol,1537,122,21,5498,241.611
20230520000018.pol,1538,126,21,5502,241.787
20230520000018.pol,1539,130,21,5506,241.963
20230520000018.pol,1540,132,21,5508,242.051
20230520000018.pol,1541,136,21,5512,242.227
20230520000018.pol,1542,140,21,5516,242.402
20230520000018.pol,1543,144,21,5520,242.578
20230520000018.pol,1544,148,21,5524,242.754
20230520000018.pol,1545,150,21,5526,242.842
20230520000018.pol,1546,154,21,5530,243.018
20230520000018.pol,1547,156,21,5532,243.105
20230520000018.pol,1548,160,21,5536,243.281
20230520000018.pol,1549,162,21,5538,243.369
20230520000018.pol,1550,166,21,5542,243.545
20230520000018.pol,1551,170,21,5546,243.721
20230520000018.pol,1552,174,21,5550,243.896
20230520000018.pol,1553,178,21,5554,244.072
20230520000018.pol,1554,182,21,5558,244.248
20230520000018.pol,1555,184,21,5560,244.336
20230520000018.pol,1556,188,21,5564,244.512
20230520000018.pol,1557,192,21,5568,244.688
20230520000018.pol,1558,196,21,5572,244.863
20230520000018.pol,1559,200,21,5576,245.039
20230520000018.pol,1560,202,21,5578,245.127
20230520000018.pol,1561,206,21,5582,245.303
20230520000018.pol,1562,208,21,5584,245.391
20230520000018.pol,1563,212,21,5588,245.566
20230520000018.pol,1564,216,21,5592,245.742
20230520000018.pol,1565,218,21,5594,245.830
20230520000018.pol,1566,222,21,5598,246.006
20230520000018.pol,1567,226,21,5602,246.182
20230520000018.pol,1568,230,21,5606,246.357
20230520000018.pol,1569,232,21,5608,246.445
20230520000018.pol,1570,236,21,5612,246.621
20230520000018.pol,1571,238,21,5614,246.709
20230520000018.pol,1572,242,21,5618,246.885
20230520000018.pol,1573,246,21,5622,247.061
20230520000018.pol,1574,250,21,5626,247.236
20230520000018.pol,1575,254,21,5630,247.412
20230520000018.pol,1576,2,22,5634,247.588
20230520000018.pol,1577,6,22,5638,247.764
20230520000018.pol,1578,10,22,5642,247.939
20230520000018.pol,1579,12,22,5644,248.027
20230520000018.pol,1580,16,22,5648,248.203
20230520000018.pol,1581,20,22,5652,248.379
20230520000018.pol,1582,24,22,5656,248.555
20230520000018.pol,1583,26,22,5658,248.643
20230520000018.pol,1584,30,22,5662,248.818
20230520000018.pol,1585,34,22,5666,248.994
20230520000018.pol,1586,36,22,5668,249.082
20230520000018.pol,1587,40,22,5672,249.258
20230520000018.pol,1588,44,22,5676,249.434
20230520000018.pol,1589,48,22,5680,249.609
20230520000018.pol,1590,50,22,5682,249.697
20230520000018.pol,1591,54,22,5686,249.873
20230520000018.pol,1592,58,22,5690,250.049
20230520000018.pol,1593,62,22,5694,250.225
20230520000018.pol,1594,66,22,5698,250.400
20230520000018.pol,1595,70,22,5702,250.576
20230520000018.pol,1596,74,22,5706,250.752
20230520000018.pol,1597,78,22,5710,250.928
20230520000018.pol,1598,82,22,5714,251.104
20230520000018.pol,1599,86,22,5718,251.279
20230520000018.pol,1600,90,22,5722,251.455
20230520000018.pol,1601,94,22,5726,251.631
20230520000018.pol,1602,98,22,5730,251.807
20230520000018.pol,1603,102,22,5734,251.982
20230520000018.pol,1604,106,22,5738,252.158
20230520000018.pol,1605,108,22,5740,252.246
20230520000018.pol,1606,112,22,5744,252.422
20230520000018.pol,1607,116,22,5748,252.598
20230520000018.pol,1608,120,22,5752,252.773
20230520000018.pol,1609,122,22,5754,252.861
20230520000018.pol,1610,126,22,5758,253.037
20230520000018.pol,1611,128,22,5760,253.125
20230520000018.pol,1612,132,22,5764,253.301
20230520000018.pol,1613,136,22,5768,253.477
20230520000018.pol,1614,140,22,5772,253.652
20230520000018.pol,1615,142,22,5774,253.740
20230520000018.pol,1616,146,22,5778,253.916
20230520000018.pol,1617,148,22,5780,254.004
20230520000018.pol,1618,152,22,5784,254.180
20230520000018.pol,1619,154,22,5786,254.268
20230520000018.pol,1620,158,22,5790,254.443
20230520000018.pol,1621,162,22,5794,254.619
20230520000018.pol,1622,166,22,5798,254.795
20230520000018.pol,1623,168,22,5800,254.883
20230520000018.pol,1624,172,22,5804,255.059
20230520000018.pol,1625,176,22,5808,255.234
20230520000018.pol,1626,178,22,5810,255.322
20230520000018.pol,1627,182,22,5814,255.498
20230520000018.pol,1628,184,22,5816,255.586
20230520000018.pol,1629,188,22,5820,255.762
20230520000018.pol,1630,192,22,5824,255.938
20230520000018.pol,1631,196,22,5828,256.113
20230520000018.pol,1632,200,22,5832,256.289
20230520000018.pol,1633,204,22,5836,256.465
20230520000018.pol,1634,206,22,5838,256.553
20230520000018.pol,1635,210,22,5842,256.729
20230520000018.pol,1636,214,22,5846,256.904
20230520000018.pol,1637,218,22,5850,257.080
20230520000018.pol,1638,222,22,5854,257.256
20230520000018.pol,1639,226,22,5858,257.432
20230520000018.pol,1640,230,22,5862,257.607
20230520000018.pol,1641,234,22,5866,257.783
20230520000018.pol,1642,236,22,5868,257.871
20230520000018.pol,1643,240,22,5872,258.047
20230520000018.pol,1644,244,22,5876,258.223
20230520000018.pol,1645,248,22,5880,258.398
20230520000018.pol,1646,250,22,5882,258.486
20230520000018.pol,1647,254,22,5886,258.662
20230520000018.pol,1648,2,23,5890,258.838
20230520000018.pol,1649,4,23,5892,258.926
20230520000018.pol,1650,8,23,5896,259.102
20230520000018.pol,1651,12,23,5900,259.277
20230520000018.pol,1652,16,23,5904,259.453
20230520000018.pol,1653,20,23,5908,259.629
20230520000018.pol,1654,24,23,5912,259.805
20230520000018.pol,1655,28,23,5916,259.980
20230520000018.pol,1656,32,23,5920,260.156
20230520000018.pol,1657,34,23,5922,260.244
20230520000018.pol,1658,38,23,5926,260.420
20230520000018.pol,1659,40,23,5928,260.508
20230520000018.pol,1660,44,23,5932,260.684
20230520000018.pol,1661,48,23,5936,260.859
20230520000018.pol,1662,52,23,5940,261.035
20230520000018.pol,1663,56,23,5944,261.211
20230520000018.pol,1664,60,23,5948,261.387
20230520000018.pol,1665,64,23,5952,261.562
20230520000018.pol,1666,68,23,5956,261.738
20230520000018.pol,1667,70,23,5958,261.826
20230520000018.pol,1668,74,23,5962,262.002
20230520000018.pol,1669,78,23,5966,262.178
20230520000018.pol,1670,80,23,5968,262.266
20230520000018.pol,1671,84,23,5972,262.441
20230520000018.pol,1672,86,23,5974,262.529
20230520000018.pol,1673,90,23,5978,262.705
20230520000018.pol,1674,94,23,5982,262.881
20230520000018.pol,1675,98,23,5986,263.057
20230520000018.pol,1676,102,23,5990,263.232
20230520000018.pol,1677,106,23,5994,263.408
20230520000018.pol,1678,110,23,5998,263.584
20230520000018.pol,1679,114,23,6002,263.760
20230520000018.pol,1680,118,23,6006,263.936
20230520000018.pol,1681,120,23,6008,264.023
20230520000018.pol,1682,124,23,6012,264.199
20230520000018.pol,1683,126,23,6014,264.287
20230520000018.pol,1684,130,23,6018,264.463
20230520000018.pol,1685,132,23,6020,264.551
20230520000018.pol,1686,136,23,6024,264.727
20230520000018.pol,1687,140,23,6028,264.902
20230520000018.pol,1688,144,23,6032,265.078
20230520000018.pol,1689,148,23,6036,265.254
20230520000018.pol,1690,152,23,6040,265.430
20230520000018.pol,1691,154,23,6042,265.518
20230520000018.pol,1692,158,23,6046,265.693
20230520000018.pol,1693,162,23,6050,265.869
20230520000018.pol,1694,166,23,6054,266.045
20230520000018.pol,1695,170,23,6058,266.221
20230520000018.pol,1696,174,23,6062,266.396
20230520000018.pol,1697,178,23,6066,266.572
20230520000018.pol,1698,180,23,6068,266.660
20230520000018.pol,1699,184,23,6072,266.836
20230520000018.pol,1700,188,23,6076,267.012
20230520000018.pol,1701,190,23,6078,267.100
20230520000018.pol,1702,194,23,6082,267.275
20230520000018.pol,1703,198,23,6086,267.451
20230520000018.pol,1704,202,23,6090,267.627
20230520000018.pol,1705,206,23,6094,267.803
20230520000018.pol,1706,210,23,6098,267.979
20230520000018.pol,1707,214,23,6102,268.154
20230520000018.pol,1708,216,23,6104,268.242
20230520000018.pol,1709,220,23,6108,268.418
20230520000018.pol,1710,224,23,6112,268.594
20230520000018.pol,1711,228,23,6116,268.770
20230520000018.pol,1712,232,23,6120,268.945
20230520000018.pol,1713,234,23,6122,269.033
20230520000018.pol,1714,238,23,6126,269.209
20230520000018.pol,1715,240,23,6128,269.297
20230520000018.pol,1716,244,23,6132,269.473
20230520000018.pol,1717,248,23,6136,269.648
20230520000018.pol,1718,250,23,6138,269.736
20230520000018.pol,1719,254,23,6142,269.912
20230520000018.pol,1720,2,24,6146,270.088
20230520000018.pol,1721,6,24,6150,270.264
20230520000018.pol,1722,8,24,6152,270.352
20230520000018.pol,1723,12,24,6156,270.527
20230520000018.pol,1724,16,24,6160,270.703
20230520000018.pol,1725,20,24,6164,270.879
20230520000018.pol,1726,22,24,6166,270.967
20230520000018.pol,1727,26,24,6170,271.143
20230520000018.pol,1728,30,24,6174,271.318
20230520000018.pol,1729,34,24,6178,271.494
20230520000018.pol,1730,38,24,6182,271.670
20230520000018.pol,1731,40,24,6184,271.758
20230520000018.pol,1732,44,24,6188,271.934
20230520000018.pol,1733,48,24,6192,272.109
20230520000018.pol,1734,52,24,6196,272.285
20230520000018.pol,1735,54,24,6198,272.373
20230520000018.pol,1736,58,24,6202,272.549
20230520000018.pol,1737,62,24,6206,272.725
20230520000018.pol,1738,66,24,6210,272.900
20230520000018.pol,1739,70,24,6214,273.076
20230520000018.pol,1740,74,24,6218,273.252
20230520000018.pol,1741,76,24,6220,273.340
20230520000018.pol,1742,80,24,6224,273.516
20230520000018.pol,1743,82,24,6226,273.604
20230520000018.pol,1744,86,24,6230,273.779
20230520000018.pol,1745,90,24,6234,273.955
20230520000018.pol,1746,94,24,6238,274.131
20230520000018.pol,1747,98,24,6242,274.307
20230520000018.pol,1748,102,24,6246,274.482
20230520000018.pol,1749,106,24,6250,274.658
20230520000018.pol,1750,110,24,6254,274.834
20230520000018.pol,1751,114,24,6258,275.010
20230520000018.pol,1752,118,24,6262,275.186
20230520000018.pol,1753,122,24,6266,275.361
20230520000018.pol,1754,126,24,6270,275.537
20230520000018.pol,1755,130,24,6274,275.713
20230520000018.pol,1756,132,24,6276,275.801
20230520000018.pol,1757,136,24,6280,275.977
20230520000018.pol,1758,138,24,6282,276.064
20230520000018.pol,1759,142,24,6286,276.240
20230520000018.pol,1760,146,24,6290,276.416
20230520000018.pol,1761,150,24,6294,276.592
20230520000018.pol,1762,154,24,6298,276.768
20230520000018.pol,1763,158,24,6302,276.943
20230520000018.pol,1764,162,24,6306,277.119
20230520000018.pol,1765,166,24,6310,277.295
20230520000018.pol,1766,170,24,6314,277.471
20230520000018.pol,1767,174,24,6318,277.646
20230520000018.pol,1768,178,24,6322,277.822
20230520000018.pol,1769,182,24,6326,277.998
20230520000018.pol,1770,186,24,6330,278.174
20230520000018.pol,1771,190,24,6334,278.350
20230520000018.pol,1772,192,24,6336,278.438
20230520000018.pol,1773,196,24,6340,278.613
20230520000018.pol,1774,200,24,6344,278.789
20230520000018.pol,1775,204,24,6348,278.965
20230520000018.pol,1776,208,24,6352,279.141
20230520000018.pol,1777,212,24,6356,279.316
20230520000018.pol,1778,216,24,6360,279.492
20230520000018.pol,1779,220,24,6364,279.668
20230520000018.pol,1780,224,24,6368,279.844
20230520000018.pol,1781,228,24,6372,280.020
20230520000018.pol,1782,232,24,6376,280.195
20230520000018.pol,1783,236,24,6380,280.371
20230520000018.pol,1784,240,24,6384,280.547
20230520000018.pol,1785,244,24,6388,280.723
20230520000018.pol,1786,248,24,6392,280.898
20230520000018.pol,1787,250,24,6394,280.986
20230520000018.pol,1788,254,24,6398,281.162
20230520000018.pol,1789,2,25,6402,281.338
20230520000018.pol,1790,6,25,6406,281.514
20230520000018.pol,1791,8,25,6408,281.602
20230520000018.pol,1792,12,25,6412,281.777
20230520000018.pol,1793,16,25,6416,281.953
20230520000018.pol,1794,20,25,6420,282.129
20230520000018.pol,1795,24,25,6424,282.305
20230520000018.pol,1796,28,25,6428,282.480
20230520000018.pol,1797,32,25,6432,282.656
20230520000018.pol,1798,36,25,6436,282.832
20230520000018.pol,1799,40,25,6440,283.008
20230520000018.pol,1800,42,25,6442,283.096
20230520000018.pol,1801,46,25,6446,283.271
20230520000018.pol,1802,50,25,6450,283.447
20230520000018.pol,1803,54,25,6454,283.623
20230520000018.pol,1804,58,25,6458,283.799
20230520000018.pol,1805,62,25,6462,283.975
20230520000018.pol,1806,66,25,6466,284.150
20230520000018.pol,1807,68,25,6468,284.238
20230520000018.pol,1808,72,25,6472,284.414
20230520000018.pol,1809,74,25,6474,284.502
20230520000018.pol,1810,78,25,6478,284.678
20230520000018.pol,1811,82,25,6482,284.854
20230520000018.pol,1812,84,25,6484,284.941
20230520000018.pol,1813,88,25,6488,285.117
20230520000018.pol,1814,92,25,6492,285.293
20230520000018.pol,1815,96,25,6496,285.469
20230520000018.pol,1816,100,25,6500,285.645
20230520000018.pol,1817,104,25,6504,285.820
20230520000018.pol,1818,108,25,6508,285.996
20230520000018.pol,1819,112,25,6512,286.172
20230520000018.pol,1820,114,25,6514,286.260
20230520000018.pol,1821,118,25,6518,286.436
20230520000018.pol,1822,122,25,6522,286.611
20230520000018.pol,1823,126,25,6526,286.787
20230520000018.pol,1824,130,25,6530,286.963
20230520000018.pol,1825,132,25,6532,287.051
20230520000018.pol,1826,136,25,6536,287.227
20230520000018.pol,1827,140,25,6540,287.402
20230520000018.pol,1828,144,25,6544,287.578
20230520000018.pol,1829,146,25,6546,287.666
20230520000018.pol,1830,150,25,6550,287.842
20230520000018.pol,1831,154,25,6554,288.018
20230520000018.pol,1832,156,25,6556,288.105
20230520000018.pol,1833,160,25,6560,288.281
20230520000018.pol,1834,164,25,6564,288.457
20230520000018.pol,1835,168,25,6568,288.633
20230520000018.pol,1836,172,25,6572,288.809
20230520000018.pol,1837,176,25,6576,288.984
20230520000018.pol,1838,180,25,6580,289.160
20230520000018.pol,1839,184,25,6584,289.336
20230520000018.pol,1840,186,25,6586,289.424
20230520000018.pol,1841,190,25,6590,289.600
20230520000018.pol,1842,194,25,6594,289.775
20230520000018.pol,1843,198,25,6598,289.951
20230520000018.pol,1844,200,25,6600,290.039
20230520000018.pol,1845,204,25,6604,290.215
20230520000018.pol,1846,208,25,6608,290.391
20230520000018.pol,1847,210,25,6610,290.479
20230520000018.pol,1848,214,25,6614,290.654
20230520000018.pol,1849,218,25,6618,290.830
20230520000018.pol,1850,222,25,6622,291.006
20230520000018.pol,1851,226,25,6626,291.182
20230520000018.pol,1852,230,25,6630,291.357
20230520000018.pol,1853,234,25,6634,291.533
20230520000018.pol,1854,238,25,6638,291.709
20230520000018.pol,1855,242,25,6642,291.885
20230520000018.pol,1856,246,25,6646,292.061
20230520000018.pol,1857,250,25,6650,292.236
20230520000018.pol,1858,254,25,6654,292.412
20230520000018.pol,1859,2,26,6658,292.588
20230520000018.pol,1860,6,26,6662,292.764
20230520000018.pol,1861,10,26,6666,292.939
20230520000018.pol,1862,14,26,6670,293.115
20230520000018.pol,1863,18,26,6674,293.291
20230520000018.pol,1864,22,26,6678,293.467
20230520000018.pol,1865,26,26,6682,293.643
20230520000018.pol,1866,28,26,6684,293.730
20230520000018.pol,1867,32,26,6688,293.906
20230520000018.pol,1868,34,26,6690,293.994
20230520000018.pol,1869,38,26,6694,294.170
20230520000018.pol,1870,40,26,6696,294.258
20230520000018.pol,1871,44,26,6700,294.434
20230520000018.pol,1872,48,26,6704,294.609
20230520000018.pol,1873,52,26,6708,294.785
20230520000018.pol,1874,54,26,6710,294.873
20230520000018.pol,1875,58,26,6714,295.049
20230520000018.pol,1876,62,26,6718,295.225
20230520000018.pol,1877,66,26,6722,295.400
20230520000018.pol,1878,68,26,6724,295.488
20230520000018.pol,1879,72,26,6728,295.664
20230520000018.pol,1880,76,26,6732,295.840
20230520000018.pol,1881,80,26,6736,296.016
20230520000018.pol,1882,84,26,6740,296.191
20230520000018.pol,1883,88,26,6744,296.367
20230520000018.pol,1884,92,26,6748,296.543
20230520000018.pol,1885,96,26,6752,296.719
20230520000018.pol,1886,100,26,6756,296.895
20230520000018.pol,1887,104,26,6760,297.070
20230520000018.pol,1888,108,26,6764,297.246
20230520000018.pol,1889,112,26,6768,297.422
20230520000018.pol,1890,116,26,6772,297.598
20230520000018.pol,1891,120,26,6776,297.773
20230520000018.pol,1892,124,26,6780,297.949
20230520000018.pol,1893,128,26,6784,298.125
20230520000018.pol,1894,132,26,6788,298.301
20230520000018.pol,1895,134,26,6790,298.389
20230520000018.pol,1896,138,26,6794,298.564
20230520000018.pol,1897,142,26,6798,298.740
20230520000018.pol,1898,146,26,6802,298.916
20230520000018.pol,1899,150,26,6806,299.092
20230520000018.pol,1900,154,26,6810,299.268
20230520000018.pol,1901,158,26,6814,299.443
20230520000018.pol,1902,162,26,6818,299.619
20230520000018.pol,1903,164,26,6820,299.707
20230520000018.pol,1904,168,26,6824,299.883
20230520000018.pol,1905,170,26,6826,299.971
20230520000018.pol,1906,174,26,6830,300.146
20230520000018.pol,1907,176,26,6832,300.234
20230520000018.pol,1908,180,26,6836,300.410
20230520000018.pol,1909,184,26,6840,300.586
20230520000018.pol,1910,188,26,6844,300.762
20230520000018.pol,1911,192,26,6848,300.938
20230520000018.pol,1912,196,26,6852,301.113
20230520000018.pol,1913,200,26,6856,301.289
20230520000018.pol,1914,204,26,6860,301.465
20230520000018.pol,1915,208,26,6864,301.641
20230520000018.pol,1916,212,26,6868,301.816
20230520000018.pol,1917,214,26,6870,301.904
20230520000018.pol,1918,218,26,6874,302.080
20230520000018.pol,1919,220,26,6876,302.168
20230520000018.pol,1920,224,26,6880,302.344
20230520000018.pol,1921,226,26,6882,302.432
20230520000018.pol,1922,230,26,6886,302.607
20230520000018.pol,1923,234,26,6890,302.783
20230520000018.pol,1924,238,26,6894,302.959
20230520000018.pol,1925,240,26,6896,303.047
20230520000018.pol,1926,244,26,6900,303.223
20230520000018.pol,1927,246,26,6902,303.311
20230520000018.pol,1928,250,26,6906,303.486
20230520000018.pol,1929,254,26,6910,303.662
20230520000018.pol,1930,2,27,6914,303.838
20230520000018.pol,1931,6,27,6918,304.014
20230520000018.pol,1932,10,27,6922,304.189
20230520000018.pol,1933,12,27,6924,304.277
20230520000018.pol,1934,16,27,6928,304.453
20230520000018.pol,1935,20,27,6932,304.629
20230520000018.pol,1936,24,27,6936,304.805
20230520000018.pol,1937,26,27,6938,304.893
20230520000018.pol,1938,30,27,6942,305.068
20230520000018.pol,1939,32,27,6944,305.156
20230520000018.pol,1940,36,27,6948,305.332
20230520000018.pol,1941,40,27,6952,305.508
20230520000018.pol,1942,44,27,6956,305.684
20230520000018.pol,1943,48,27,6960,305.859
20230520000018.pol,1944,52,27,6964,306.035
20230520000018.pol,1945,56,27,6968,306.211
20230520000018.pol,1946,58,27,6970,306.299
20230520000018.pol,1947,62,27,6974,306.475
20230520000018.pol,1948,64,27,6976,306.562
20230520000018.pol,1949,68,27,6980,306.738
20230520000018.pol,1950,72,27,6984,306.914
20230520000018.pol,1951,76,27,6988,307.090
20230520000018.pol,1952,80,27,6992,307.266
20230520000018.pol,1953,82,27,6994,307.354
20230520000018.pol,1954,86,27,6998,307.529
20230520000018.pol,1955,90,27,7002,307.705
20230520000018.pol,1956,94,27,7006,307.881
20230520000018.pol,1957,96,27,7008,307.969
20230520000018.pol,1958,100,27,7012,308.145
20230520000018.pol,1959,104,27,7016,308.320
20230520000018.pol,1960,108,27,7020,308.496
20230520000018.pol,1961,112,27,7024,308.672
20230520000018.pol,1962,116,27,7028,308.848
20230520000018.pol,1963,120,27,7032,309.023
20230520000018.pol,1964,122,27,7034,309.111
20230520000018.pol,1965,126,27,7038,309.287
20230520000018.pol,1966,130,27,7042,309.463
20230520000018.pol,1967,134,27,7046,309.639
20230520000018.pol,1968,136,27,7048,309.727
20230520000018.pol,1969,140,27,7052,309.902
20230520000018.pol,1970,144,27,7056,310.078
20230520000018.pol,1971,148,27,7060,310.254
20230520000018.pol,1972,150,27,7062,310.342
20230520000018.pol,1973,154,27,7066,310.518
20230520000018.pol,1974,158,27,7070,310.693
20230520000018.pol,1975,162,27,7074,310.869
20230520000018.pol,1976,164,27,7076,310.957
20230520000018.pol,1977,168,27,7080,311.133
20230520000018.pol,1978,172,27,7084,311.309
20230520000018.pol,1979,176,27,7088,311.484
20230520000018.pol,1980,178,27,7090,311.572
20230520000018.pol,1981,182,27,7094,311.748
20230520000018.pol,1982,184,27,7096,311.836
20230520000018.pol,1983,188,27,7100,312.012
20230520000018.pol,1984,192,27,7104,312.188
20230520000018.pol,1985,196,27,7108,312.363
20230520000018.pol,1986,200,27,7112,312.539
20230520000018.pol,1987,202,27,7114,312.627
20230520000018.pol,1988,206,27,7118,312.803
20230520000018.pol,1989,210,27,7122,312.979
20230520000018.pol,1990,212,27,7124,313.066
20230520000018.pol,1991,216,27,7128,313.242
20230520000018.pol,1992,220,27,7132,313.418
20230520000018.pol,1993,222,27,7134,313.506
20230520000018.pol,1994,226,27,7138,313.682
20230520000018.pol,1995,230,27,7142,313.857
20230520000018.pol,1996,234,27,7146,314.033
20230520000018.pol,1997,238,27,7150,314.209
20230520000018.pol,1998,242,27,7154,314.385
20230520000018.pol,1999,244,27,7156,314.473
20230520000018.pol,2000,248,27,7160,314.648
20230520000018.pol,2001,252,27,7164,314.824
20230520000018.pol,2002,0,28,7168,315.000
20230520000018.pol,2003,4,28,7172,315.176
20230520000018.pol,2004,8,28,7176,315.352
20230520000018.pol,2005,12,28,7180,315.527
20230520000018.pol,2006,16,28,7184,315.703
20230520000018.pol,2007,20,28,7188,315.879
20230520000018.pol,2008,22,28,7190,315.967
20230520000018.pol,2009,26,28,7194,316.143
20230520000018.pol,2010,28,28,7196,316.230
20230520000018.pol,2011,32,28,7200,316.406
20230520000018.pol,2012,36,28,7204,316.582
20230520000018.pol,2013,40,28,7208,316.758
20230520000018.pol,2014,42,28,7210,316.846
20230520000018.pol,2015,46,28,7214,317.021
20230520000018.pol,2016,50,28,7218,317.197
20230520000018.pol,2017,52,28,7220,317.285
20230520000018.pol,2018,56,28,7224,317.461
20230520000018.pol,2019,58,28,7226,317.549
20230520000018.pol,2020,62,28,7230,317.725
20230520000018.pol,2021,64,28,7232,317.812
20230520000018.pol,2022,68,28,7236,317.988
20230520000018.pol,2023,72,28,7240,318.164
20230520000018.pol,2024,76,28,7244,318.340
20230520000018.pol,2025,80,28,7248,318.516
20230520000018.pol,2026,82,28,7250,318.604
20230520000018.pol,2027,86,28,7254,318.779
20230520000018.pol,2028,90,28,7258,318.955
20230520000018.pol,2029,94,28,7262,319.131
20230520000018.pol,2030,96,28,7264,319.219
20230520000018.pol,2031,100,28,7268,319.395
20230520000018.pol,2032,104,28,7272,319.570
20230520000018.pol,2033,108,28,7276,319.746
20230520000018.pol,2034,112,28,7280,319.922
20230520000018.pol,2035,114,28,7282,320.010
20230520000018.pol,2036,118,28,7286,320.186
20230520000018.pol,2037,120,28,7288,320.273
20230520000018.pol,2038,124,28,7292,320.449
20230520000018.pol,2039,128,28,7296,320.625
20230520000018.pol,2040,132,28,7300,320.801
20230520000018.pol,2041,134,28,7302,320.889
20230520000018.pol,2042,138,28,7306,321.064
20230520000018.pol,2043,142,28,7310,321.240
20230520000018.pol,2044,144,28,7312,321.328
20230520000018.pol,2045,148,28,7316,321.504
20230520000018.pol,2046,152,28,7320,321.680
20230520000018.pol,2047,156,28,7324,321.855
20230520000018.pol,2048,160,28,7328,322.031
20230520000018.pol,2049,164,28,7332,322.207
20230520000018.pol,2050,168,28,7336,322.383
20230520000018.pol,2051,170,28,7338,322.471
20230520000018.pol,2052,174,28,7342,322.646
20230520000018.pol,2053,176,28,7344,322.734
20230520000018.pol,2054,180,28,7348,322.910
20230520000018.pol,2055,182,28,7350,322.998
20230520000018.pol,2056,186,28,7354,323.174
20230520000018.pol,2057,190,28,7358,323.350
20230520000018.pol,2058,194,28,7362,323.525
20230520000018.pol,2059,198,28,7366,323.701
20230520000018.pol,2060,202,28,7370,323.877
20230520000018.pol,2061,206,28,7374,324.053
20230520000018.pol,2062,210,28,7378,324.229
20230520000018.pol,2063,214,28,7382,324.404
20230520000018.pol,2064,216,28,7384,324.492
20230520000018.pol,2065,220,28,7388,324.668
20230520000018.pol,2066,224,28,7392,324.844
20230520000018.pol,2067,228,28,7396,325.020
20230520000018.pol,2068,232,28,7400,325.195
20230520000018.pol,2069,236,28,7404,325.371
20230520000018.pol,2070,240,28,7408,325.547
20230520000018.pol,2071,244,28,7412,325.723
20230520000018.pol,2072,248,28,7416,325.898
20230520000018.pol,2073,250,28,7418,325.986
20230520000018.pol,2074,254,28,7422,326.162
20230520000018.pol,2075,2,29,7426,326.338
20230520000018.pol,2076,6,29,7430,326.514
20230520000018.pol,2077,10,29,7434,326.689
20230520000018.pol,2078,14,29,7438,326.865
20230520000018.pol,2079,16,29,7440,326.953
20230520000018.pol,2080,20,29,7444,327.129
20230520000018.pol,2081,24,29,7448,327.305
20230520000018.pol,2082,28,29,7452,327.480
20230520000018.pol,2083,32,29,7456,327.656
20230520000018.pol,2084,34,29,7458,327.744
20230520000018.pol,2085,38,29,7462,327.920
20230520000018.pol,2086,40,29,7464,328.008
20230520000018.pol,2087,44,29,7468,328.184
20230520000018.pol,2088,48,29,7472,328.359
20230520000018.pol,2089,52,29,7476,328.535
20230520000018.pol,2090,56,29,7480,328.711
20230520000018.pol,2091,60,29,7484,328.887
20230520000018.pol,2092,64,29,7488,329.062
20230520000018.pol,2093,68,29,7492,329.238
20230520000018.pol,2094,70,29,7494,329.326
20230520000018.pol,2095,74,29,7498,329.502
20230520000018.pol,2096,78,29,7502,329.678
20230520000018.pol,2097,80,29,7504,329.766
20230520000018.pol,2098,84,29,7508,329.941
20230520000018.pol,2099,88,29,7512,330.117
20230520000018.pol,2100,92,29,7516,330.293
20230520000018.pol,2101,96,29,7520,330.469
20230520000018.pol,2102,100,29,7524,330.645
20230520000018.pol,2103,104,29,7528,330.820
20230520000018.pol,2104,106,29,7530,330.908
20230520000018.pol,2105,110,29,7534,331.084
20230520000018.pol,2106,112,29,7536,331.172
20230520000018.pol,2107,116,29,7540,331.348
20230520000018.pol,2108,120,29,7544,331.523
20230520000018.pol,2109,124,29,7548,331.699
20230520000018.pol,2110,128,29,7552,331.875
20230520000018.pol,2111,132,29,7556,332.051
20230520000018.pol,2112,136,29,7560,332.227
20230520000018.pol,2113,138,29,7562,332.314
20230520000018.pol,2114,142,29,7566,332.490
20230520000018.pol,2115,146,29,7570,332.666
20230520000018.pol,2116,150,29,7574,332.842
20230520000018.pol,2117,154,29,7578,333.018
20230520000018.pol,2118,158,29,7582,333.193
20230520000018.pol,2119,162,29,7586,333.369
20230520000018.pol,2120,164,29,7588,333.457
20230520000018.pol,2121,168,29,7592,333.633
20230520000018.pol,2122,172,29,7596,333.809
20230520000018.pol,2123,176,29,7600,333.984
20230520000018.pol,2124,178,29,7602,334.072
20230520000018.pol,2125,182,29,7606,334.248
20230520000018.pol,2126,186,29,7610,334.424
20230520000018.pol,2127,190,29,7614,334.600
20230520000018.pol,2128,192,29,7616,334.688
20230520000018.pol,2129,196,29,7620,334.863
20230520000018.pol,2130,200,29,7624,335.039
20230520000018.pol,2131,204,29,7628,335.215
20230520000018.pol,2132,208,29,7632,335.391
20230520000018.pol,2133,212,29,7636,335.566
20230520000018.pol,2134,216,29,7640,335.742
20230520000018.pol,2135,220,29,7644,335.918
20230520000018.pol,2136,222,29,7646,336.006
20230520000018.pol,2137,226,29,7650,336.182
20230520000018.pol,2138,228,29,7652,336.270
20230520000018.pol,2139,232,29,7656,336.445
20230520000018.pol,2140,236,29,7660,336.621
20230520000018.pol,2141,240,29,7664,336.797
20230520000018.pol,2142,244,29,7668,336.973
20230520000018.pol,2143,248,29,7672,337.148
20230520000018.pol,2144,250,29,7674,337.236
20230520000018.pol,2145,254,29,7678,337.412
20230520000018.pol,2146,0,30,7680,337.500
20230520000018.pol,2147,4,30,7684,337.676
20230520000018.pol,2148,8,30,7688,337.852
20230520000018.pol,2149,12,30,7692,338.027
20230520000018.pol,2150,14,30,7694,338.115
20230520000018.pol,2151,18,30,7698,338.291
20230520000018.pol,2152,20,30,7700,338.379
20230520000018.pol,2153,24,30,7704,338.555
20230520000018.pol,2154,28,30,7708,338.730
20230520000018.pol,2155,32,30,7712,338.906
20230520000018.pol,2156,36,30,7716,339.082
20230520000018.pol,2157,40,30,7720,339.258
20230520000018.pol,2158,44,30,7724,339.434
20230520000018.pol,2159,48,30,7728,339.609
20230520000018.pol,2160,52,30,7732,339.785
20230520000018.pol,2161,56,30,7736,339.961
20230520000018.pol,2162,58,30,7738,340.049
20230520000018.pol,2163,62,30,7742,340.225
20230520000018.pol,2164,64,30,7744,340.312
20230520000018.pol,2165,68,30,7748,340.488
20230520000018.pol,2166,72,30,7752,340.664
20230520000018.pol,2167,76,30,7756,340.840
20230520000018.pol,2168,78,30,7758,340.928
20230520000018.pol,2169,82,30,7762,341.104
20230520000018.pol,2170,86,30,7766,341.279
20230520000018.pol,2171,90,30,7770,341.455
20230520000018.pol,2172,94,30,7774,341.631
20230520000018.pol,2173,98,30,7778,341.807
20230520000018.pol,2174,102,30,7782,341.982
20230520000018.pol,2175,104,30,7784,342.070
20230520000018.pol,2176,108,30,7788,342.246
20230520000018.pol,2177,112,30,7792,342.422
20230520000018.pol,2178,114,30,7794,342.510
20230520000018.pol,2179,118,30,7798,342.686
20230520000018.pol,2180,122,30,7802,342.861
20230520000018.pol,2181,126,30,7806,343.037
20230520000018.pol,2182,128,30,7808,343.125
20230520000018.pol,2183,132,30,7812,343.301
20230520000018.pol,2184,136,30,7816,343.477
20230520000018.pol,2185,140,30,7820,343.652
20230520000018.pol,2186,144,30,7824,343.828
20230520000018.pol,2187,148,30,7828,344.004
20230520000018.pol,2188,152,30,7832,344.180
20230520000018.pol,2189,156,30,7836,344.355
20230520000018.pol,2190,158,30,7838,344.443
20230520000018.pol,2191,162,30,7842,344.619
20230520000018.pol,2192,166,30,7846,344.795
20230520000018.pol,2193,168,30,7848,344.883
20230520000018.pol,2194,172,30,7852,345.059
20230520000018.pol,2195,176,30,7856,345.234
20230520000018.pol,2196,180,30,7860,345.410
20230520000018.pol,2197,182,30,7862,345.498
20230520000018.pol,2198,186,30,7866,345.674
20230520000018.pol,2199,190,30,7870,345.850
20230520000018.pol,2200,194,30,7874,346.025
20230520000018.pol,2201,198,30,7878,346.201
20230520000018.pol,2202,202,30,7882,346.377
20230520000018.pol,2203,204,30,7884,346.465
20230520000018.pol,2204,208,30,7888,346.641
20230520000018.pol,2205,212,30,7892,346.816
20230520000018.pol,2206,214,30,7894,346.904
20230520000018.pol,2207,218,30,7898,347.080
20230520000018.pol,2208,220,30,7900,347.168
20230520000018.pol,2209,224,30,7904,347.344
20230520000018.pol,2210,228,30,7908,347.520
20230520000018.pol,2211,232,30,7912,347.695
20230520000018.pol,2212,234,30,7914,347.783
20230520000018.pol,2213,238,30,7918,347.959
20230520000018.pol,2214,242,30,7922,348.135
20230520000018.pol,2215,244,30,7924,348.223
20230520000018.pol,2216,248,30,7928,348.398
20230520000018.pol,2217,252,30,7932,348.574
20230520000018.pol,2218,0,31,7936,348.750
20230520000018.pol,2219,4,31,7940,348.926
20230520000018.pol,2220,8,31,7944,349.102
20230520000018.pol,2221,10,31,7946,349.189
20230520000018.pol,2222,14,31,7950,349.365
20230520000018.pol,2223,18,31,7954,349.541
20230520000018.pol,2224,22,31,7958,349.717
20230520000018.pol,2225,26,31,7962,349.893
20230520000018.pol,2226,30,31,7966,350.068
20230520000018.pol,2227,34,31,7970,350.244
20230520000018.pol,2228,38,31,7974,350.420
20230520000018.pol,2229,42,31,7978,350.596
20230520000018.pol,2230,46,31,7982,350.771
20230520000018.pol,2231,50,31,7986,350.947
20230520000018.pol,2232,54,31,7990,351.123
20230520000018.pol,2233,58,31,7994,351.299
20230520000018.pol,2234,62,31,7998,351.475
20230520000018.pol,2235,66,31,8002,351.650
20230520000018.pol,2236,70,31,8006,351.826
20230520000018.pol,2237,74,31,8010,352.002
20230520000018.pol,2238,76,31,8012,352.090
20230520000018.pol,2239,80,31,8016,352.266
20230520000018.pol,2240,84,31,8020,352.441
20230520000018.pol,2241,88,31,8024,352.617
20230520000018.pol,2242,90,31,8026,352.705
20230520000018.pol,2243,94,31,8030,352.881
20230520000018.pol,2244,98,31,8034,353.057
20230520000018.pol,2245,102,31,8038,353.232
20230520000018.pol,2246,106,31,8042,353.408
20230520000018.pol,2247,110,31,8046,353.584
20230520000018.pol,2248,114,31,8050,353.760
20230520000018.pol,2249,118,31,8054,353.936
20230520000018.pol,2250,122,31,8058,354.111
20230520000018.pol,2251,126,31,8062,354.287
20230520000018.pol,2252,130,31,8066,354.463
20230520000018.pol,2253,132,31,8068,354.551
20230520000018.pol,2254,136,31,8072,354.727
20230520000018.pol,2255,138,31,8074,354.814
20230520000018.pol,2256,142,31,8078,354.990
20230520000018.pol,2257,144,31,8080,355.078
20230520000018.pol,2258,148,31,8084,355.254
20230520000018.pol,2259,152,31,8088,355.430
20230520000018.pol,2260,154,31,8090,355.518
20230520000018.pol,2261,158,31,8094,355.693
20230520000018.pol,2262,160,31,8096,355.781
20230520000018.pol,2263,164,31,8100,355.957
20230520000018.pol,2264,166,31,8102,356.045
20230520000018.pol,2265,170,31,8106,356.221
20230520000018.pol,2266,172,31,8108,356.309
20230520000018.pol,2267,176,31,8112,356.484
20230520000018.pol,2268,180,31,8116,356.660
20230520000018.pol,2269,184,31,8120,356.836
20230520000018.pol,2270,186,31,8122,356.924
20230520000018.pol,2271,190,31,8126,357.100
20230520000018.pol,2272,192,31,8128,357.188
20230520000018.pol,2273,196,31,8132,357.363
20230520000018.pol,2274,200,31,8136,357.539
20230520000018.pol,2275,204,31,8140,357.715
20230520000018.pol,2276,208,31,8144,357.891
20230520000018.pol,2277,212,31,8148,358.066
20230520000018.pol,2278,214,31,8150,358.154
20230520000018.pol,2279,218,31,8154,358.330
20230520000018.pol,2280,222,31,8158,358.506
20230520000018.pol,2281,226,31,8162,358.682
20230520000018.pol,2282,228,31,8164,358.770
20230520000018.pol,2283,232,31,8168,358.945
20230520000018.pol,2284,236,31,8172,359.121
20230520000018.pol,2285,240,31,8176,359.297
20230520000018.pol,2286,244,31,8180,359.473
20230520000018.pol,2287,248,31,8184,359.648
20230520000018.pol,2288,252,31,8188,359.824
